<?xml version="1.0" encoding="UTF-8"?>
<colors>
	<color name="white">FFF1F1F1</color>
	<color name="grey">FFb4b4b4</color>
	<color name="grey2">FF999999</color>
	<color name="grey3">FF505050</color>
	<color name="black">FF000000</color>
	<color name="blue">FF0084ff</color>
	<color name="selected">FFEB9E17</color>
	<color name="invalid">FFFF0000</color>
	<color name="dialog_fg_100">ffededed</color>
	<color name="dialog_fg_90">e7ededed</color>
	<color name="dialog_fg_70">b3ededed</color>
	<color name="panel_fg_12">1fededed</color>
</colors>