<?xml version="1.0" encoding="UTF-8"?>
<window id="1109" type="dialog">
	<onload>SetFocus(90003)</onload>
	<onload>SetFocus(9000)</onload>
	<onunload condition="Window.IsVisible(movieinformation) + !Window.IsVisible(1102) + String.IsEmpty(Window(Home).Property(DirectorID))">SetFocus(90050)</onunload>
	<onunload condition="Window.IsVisible(1102) + String.IsEmpty(Window(Home).Property(DirectorID))">SetFocus(50001)</onunload>
	<onunload condition="!String.IsEmpty(Window(Home).Property(DirectorID))">SetFocus(300,0)</onunload>
	<onunload>ClearProperty(person_id,Home)</onunload>
	<onunload>ClearProperty(encoded_actor,Home)</onunload>
	<controls>
		<control type="list" id="11090">
			<include>HiddenList</include>
			<content sortby="year" sortorder="descending">$INFO[Window(Home).Property(person_id)]</content>
		</control>
		<!-- Poster Side -->
		<control type="group">
			<animation effect="slide" start="-730,0" end="0,0" time="500" delay="250" tween="quadratic">WindowOpen</animation>
			<animation effect="slide" end="-730,0" time="500" tween="quadratic">WindowClose</animation>
			<animation effect="slide" start="-730,0" end="0,0" time="500" tween="quadratic" condition="!Window.IsDialogTopMost(1102)">Conditional</animation>
			<animation effect="slide" end="-730,0" time="500" tween="quadratic" condition="Window.IsDialogTopMost(1102)">Conditional</animation>
			<width>720</width>
			<height>100%</height>
			<include content="InfoPoster">
				<param name="texture">$VAR[TMDbHInfoPersonPosterVar]</param>
			</include>
			<control type="group" id="9090">
				<visible>Container(11090).IsUpdating | Container(90008).IsUpdating | Container(90009).IsUpdating | Container(900010).IsUpdating | Container(900011).IsUpdating | Container(900012).IsUpdating</visible>
				<control type="image">
					<height>120</height>
					<texture border="1">views/wall/bottom_shadow.png</texture>
				</control>
				<include content="BusySpinner">
					<param name="left">0</param>
					<param name="top">0</param>
					<param name="size">48</param>
					<param name="visible">true</param>
				</include>
				<control type="label">
					<left>48</left>
					<width>672</width>
					<height>48</height>
					<font>font15_title</font>
					<shadowcolor>shadow</shadowcolor>
					<label>$LOCALIZE[31008]</label>
				</control>
			</control>
		</control>
		<!-- Details Side -->
		<control type="group">
			<animation effect="slide" start="1210,0" end="0,0" time="500" delay="250" tween="quadratic">WindowOpen</animation>
			<animation effect="slide" end="1210,0" time="500" tween="quadratic">WindowClose</animation>
			<animation effect="slide" start="1210,0" end="0,0" time="500" tween="quadratic" condition="!Window.IsDialogTopMost(1102)">Conditional</animation>
			<animation effect="slide" end="1210,0" time="500" tween="quadratic" condition="Window.IsDialogTopMost(1102)">Conditional</animation>
			<left>720</left>
			<control type="group">
				<width>1200</width>
				<!-- Info Background -->
				<control type="group">
					<height>100%</height>
					<control type="image">
						<texture>colors/black.png</texture>
					</control>
					<control type="image">
						<aspectratio align="center">scale</aspectratio>
						<texture background="true">$VAR[InfoTMDBhBackgroundVar]</texture>
						<fadetime>IconCrossfadeTime</fadetime>
					</control>
					<control type="image">
						<texture border="4">dialogs/info/info_rightpaneltop.png</texture>
						<colordiffuse>$VAR[DialogInfoDimmerVar]</colordiffuse>
					</control>
				</control>
				<!-- Top Section -->
				<control type="group">
					<left>10</left>
					<!-- Name -->
					<control type="label">
						<width>1065</width>
						<height>60</height>
						<font>font30_title_bold</font>
						<textcolor>grey</textcolor>
						<scroll>true</scroll>
						<label>$INFO[Container(11090).ListItem.Title]</label>
					</control>
					<control type="label">
						<top>60</top>
						<height>30</height>
						<font>font15</font>
						<textcolor>$VAR[ThemeLabelColor]</textcolor>
						<scroll>true</scroll>
						<label>$INFO[Container(11090).ListItem.Property(Department),$LOCALIZE[31546] ]</label>
					</control>
					<!-- Separator Start -->
					<control type="image">
						<left>-7</left>
						<top>105</top>
						<height>1</height>
						<texture colordiffuse="$VAR[ThemeLabelColor]">colors/white.png</texture>
					</control>
					<!-- Age -->
					<control type="label">
						<top>103</top>
						<width>auto</width>
						<height>90</height>
						<font>font48_bold</font>
						<textcolor>grey</textcolor>
						<label>$INFO[Container(11090).ListItem.Property(Age),, $LOCALIZE[31544]]</label>
					</control>
					<!-- Separator End -->
					<control type="image">
						<left>-7</left>
						<height>1</height>
						<top>192</top>
						<texture colordiffuse="$VAR[ThemeLabelColor]">colors/white.png</texture>
					</control>
				</control>
				<!-- Details Panel -->
				<include content="InfoDetailsPanel">
					<param name="button_id">64</param>
					<param name="window_id">1109</param>
					<param name="panel_id">300</param>
					<param name="panel_ondown">9000</param>
					<param name="include">TMDbHInfoContentPerson</param>
				</include>
				<!-- Buttons LABEL -->
				<control type="group">
					<left>-5</left>
					<top>542</top>
					<control type="button">
						<width>650</width>
						<texturenofocus />
						<disabledcolor>grey</disabledcolor>
						<font>font16_title_bold</font>
						<align>left</align>
						<textoffsetx>16</textoffsetx>
						<include>ButtonInfoDialogsCommonValues</include>
						<label>$VAR[TMDbHPersonButtonLabelVar]</label>
						<enable>no</enable>
					</control>
				</control>
				<!-- Buttons -->
				<control type="grouplist" id="9000">
					<right>0</right>
					<top>544</top>
					<width>585</width>
					<height>60</height>
					<onup>Control.SetFocus(300,0)</onup>
					<ondown>90003</ondown>
					<align>right</align>
					<orientation>horizontal</orientation>
					<control type="button" id="1000">
						<font>IconMediumMD</font>
						<width>65</width>
						<texturenofocus />
						<include>ButtonInfoDialogsCommonValues</include>
						<label></label>
						<onclick>SetFocus(900020)</onclick>
					</control>
				</control>
				<control type="image">
					<left>3</left>
					<top>604</top>
					<height>1</height>
					<texture colordiffuse="$VAR[ThemeLabelColor]">colors/white.png</texture>
				</control>
			</control>
			<!-- Bottom Section -->
			<control type="grouplist" id="90001">
				<left>-7</left>
				<top>606</top>
				<width>2800</width>
				<height>480</height>
				<onup>9000</onup>
				<ondown>noop</ondown>
				<usecontrolcoords>true</usecontrolcoords>
				<scrolltime tween="quadratic" easing="out">300</scrolltime>
				<control type="group" id="90002">
					<width>1200</width>
					<height>480</height>
					<control type="button" id="90003">
						<left>10</left>
						<top>-2</top>
						<width>1200</width>
						<height>480</height>
						<onup>9000</onup>
						<ondown condition="Control.IsVisible(90008)">90008</ondown>
						<ondown condition="Control.IsVisible(90009) + !Control.IsVisible(90008)">90009</ondown>
						<ondown condition="Control.IsVisible(900010) + !Control.IsVisible(90008) + !Control.IsVisible(90009)">900010</ondown>
						<ondown condition="Control.IsVisible(900011) + !Control.IsVisible(90008) + !Control.IsVisible(90009) + !Control.IsVisible(900010)">900011</ondown>
						<ondown condition="Control.IsVisible(900012) + !Control.IsVisible(90008) + !Control.IsVisible(90009) + !Control.IsVisible(900010) + !Control.IsVisible(900011)">900012</ondown>
						<ondown condition="Control.IsVisible(900020) + !Control.IsVisible(90008) + !Control.IsVisible(90009) + !Control.IsVisible(900010) + !Control.IsVisible(900011) + !Control.IsVisible(900012)">900020</ondown>
						<onclick>SetProperty(TextViewerHeader,$ESCINFO[Container(11090).ListItem.Title,[B],[/B]],Home)</onclick>
						<onclick>SetProperty(TextViewerContent,$ESCINFO[Container(11090).ListItem.Plot],Home)</onclick>
						<onclick>SetProperty(TextViewerSubHeader,$INFO[Container(11090).ListItem.Property(Department),$LOCALIZE[31546] ]$INFO[Container(11090).ListItem.Property(Age), - , $LOCALIZE[31544]],Home)</onclick>
						<onclick>ActivateWindow(1112)</onclick>
						<include>ButtonInfoDialogsCommonValues</include>
					</control>
					<!-- Bio -->
					<control type="group" id="11097">
						<left>26</left>
						<top>22</top>
						<include content="InfoPlot">
							<param name="top">-15</param>
							<param name="height">460</param>
							<param name="label">$INFO[Container(11090).ListItem.Plot]</param>
							<param name="visible">true</param>
						</include>
					</control>
				</control>
				<include>TMDbHelperPersonList</include>
			</control>
		</control>
		<control id="99" type="button">
			<onclick>SetFocus(900020)</onclick>
			<onback>900020</onback>
			<onup>noop</onup>
			<ondown>noop</ondown>
			<onleft condition="!String.IsEmpty(Container(900020).ListItemNoWrap(-1).Label)">Control.Move(900020,-1)</onleft>
			<onright condition="!String.IsEmpty(Container(900020).ListItemNoWrap(1).Label)">Control.Move(900020,1)</onright>
			<include>HiddenObject</include>
		</control>
		<control type="group">
			<visible>Control.HasFocus(99)</visible>
			<include>VisibleFadeAnimation</include>
			<control type="image">
				<include>FullscreenDimensions</include>
				<texture>colors/black.png</texture>
			</control>
			<control type="image">
				<include>FullscreenDimensions</include>
				<aspectratio>keep</aspectratio>
				<texture>$INFO[Container(900020).ListItem.Icon]</texture>
			</control>
		</control>
		<include content="BusySpinner">
			<param name="visible">Container(11090).IsUpdating</param>
		</include>
		<include>DebugWindow</include>
	</controls>
</window>