<?xml version="1.0" encoding="UTF-8"?>
<window id="1107" type="dialog">
	<defaultcontrol always="true">90100</defaultcontrol>
	<onload>Skin.TimerStart(startbusyspinner)</onload>
	<onload condition="String.IsEmpty(Window(Home).Property(tmdb_movie_search_string)) + String.IsEmpty(Window(Home).Property(tmdb_tv_search_string)) + String.IsEmpty(Window(Home).Property(tmdb_person_search_string))">Action(Close)</onload>
	<onunload>ClearProperty(tmdb_movie_search_string,Home)</onunload>
	<onunload>ClearProperty(tmdb_tv_search_string,Home)</onunload>
	<onunload>ClearProperty(tmdb_person_search_string,Home)</onunload>
	<onunload condition="Window.IsVisible(1102) + Window.IsDialogTopmost(1102)">SetFocus(50001)</onunload>
	<onunload condition="Window.IsVisible(movieinformation) + Window.IsDialogTopmost(movieinformation) + String.IsEmpty(Window(Home).Property(DirectorID))">SetFocus(90050)</onunload>
	<onunload condition="Window.IsVisible(movieinformation) + Window.IsDialogTopmost(movieinformation) + !String.IsEmpty(Window(Home).Property(DirectorID))">SetFocus(300,0)</onunload>
	<controls>
		<include>DimBackground</include>
		<control type="group">
			<left>456</left>
			<top>262</top>
			<include>DialogOpenCloseAnimation</include>
			<control type="group">
				<visible>!Skin.TimerIsRunning(startbusyspinner) + !Container(90100).IsUpdating</visible>
				<animation type="Visible" reversible="false">
					<effect type="zoom" delay="500" start="150" end="100" center="504,378" time="250" tween="cubic" easing="out" />
					<effect type="fade" delay="500" end="100" time="100" />
				</animation>
				<include content="BackPanel">
					<param name="left">-4</param>
					<param name="top">-4</param>
					<param name="width">1008</param>
					<param name="height">556</param>
				</include>
				<control type="image">
					<left>1</left>
					<top>67</top>
					<width>1000</width>
					<height>1</height>
					<texture colordiffuse="grey4">colors/white.png</texture>
				</control>
				<control type="label">
					<width>900</width>
					<height>70</height>
					<textoffsetx>15</textoffsetx>
					<font>font16_title_bold</font>
					<label>$LOCALIZE[283]</label>
					<textcolor>dialogheader</textcolor>
					<visible>!Control.HasFocus(97)</visible>
				</control>
				<control type="label">
					<width>900</width>
					<height>70</height>
					<textoffsetx>15</textoffsetx>
					<font>font16_title_bold</font>
					<label>$LOCALIZE[15067]</label>
					<textcolor>$VAR[ThemeLabelColor]</textcolor>
					<visible>Control.HasFocus(97)</visible>
				</control>
				<control type="button" id="97">
					<left>940</left>
					<description>Cancel button</description>
					<texturefocus />
					<texturenofocus />
					<textoffsetx />
					<width>70</width>
					<height>70</height>
					<font>IconMediumMD</font>
					<textcolor>grey2</textcolor>
					<shadowcolor>shadow</shadowcolor>
					<focusedcolor>$VAR[HighlightBarColor]</focusedcolor>
					<label></label>
					<onclick>Dialog.Close(1107)</onclick>
					<ondown>90100</ondown>
				</control>
			</control>
			<control type="list" id="90100">
				<top>68</top>
				<width>1000</width>
				<height>480</height>
				<onup>90100</onup>
				<ondown>90100</ondown>
				<onleft>97</onleft>
				<onright>97</onright>
				<scrolltime tween="quadratic" easing="out">200</scrolltime>
				<onclick>Dialog.Close(1107)</onclick>
				<onclick condition="!String.IsEmpty(Window(Home).Property(tmdb_person_search_string))">SetProperty(person_id,$INFO[Container(90100).ListItem.Property(tmdb_id),plugin://plugin.video.themoviedb.helper/?info=details&amp;tmdb_type=person&amp;tmdb_id=],Home)</onclick>
				<onclick condition="!String.IsEmpty(Window(Home).Property(tmdb_person_search_string))">ActivateWindow(1109)</onclick>
				<onclick condition="!String.IsEmpty(Window(Home).Property(tmdb_movie_search_string))">RunScript(plugin.video.themoviedb.helper,add_path=$INFO[ListItem.FolderPath],tmdb_type=movie,call_auto=1111)</onclick>
				<onclick condition="!String.IsEmpty(Window(Home).Property(tmdb_tv_search_string))">RunScript(plugin.video.themoviedb.helper,add_path=$INFO[ListItem.FolderPath],tmdb_type=tv,call_auto=1111)</onclick>
				<visible allowhiddenfocus="true">!Skin.TimerIsRunning(startbusyspinner) + !Container(90100).IsUpdating</visible>
				<animation type="Visible" reversible="false">
					<effect type="zoom" delay="500" start="150" end="100" center="504,378" time="250" tween="cubic" easing="out" />
					<effect type="fade" delay="500" end="100" time="100" />
				</animation>
				<itemlayout height="120" width="1000">
					<control type="image">
						<width>120</width>
						<height>120</height>
						<aspectratio>keep</aspectratio>
						<texture fallback="DefaultActor.png">$VAR[PosterThumbVar]</texture>
						<bordersize>10</bordersize>
					</control>
					<control type="group">
						<left>120</left>
						<control type="label">
							<width>880</width>
							<height>60</height>
							<textoffsetx>15</textoffsetx>
							<font>font14</font>
							<textcolor>grey2</textcolor>
							<label>$INFO[ListItem.Label]$INFO[ListItem.Property(Department), • [I][LIGHT],[/LIGHT][/I]]$INFO[ListItem.Property(gender),  [LOWERCASE][LIGHT](,)[/LIGHT][/LOWERCASE]]</label>
						</control>
						<control type="label">
							<top>50</top>
							<width>880</width>
							<height>60</height>
							<textoffsetx>15</textoffsetx>
							<font>font14</font>
							<textcolor>grey2</textcolor>
							<label>$INFO[ListItem.Property(Known_For.1.Title),$LOCALIZE[31546]: ]$INFO[ListItem.Property(Known_For.2.Title),$COMMA ]$INFO[ListItem.Property(Known_For.3.Title),$COMMA ]$INFO[ListItem.Property(Known_For.4.Title),$COMMA ]</label>
						</control>
					</control>
				</itemlayout>
				<focusedlayout height="120" width="1000">
					<control type="image">
						<width>1000</width>
						<height>120</height>
						<texture colordiffuse="$VAR[HighlightBarColor]" border="5">colors/white50.png</texture>
						<visible>Control.HasFocus(90100)</visible>
						<include>VisibleFadeAnimation</include>
					</control>
					<control type="group">
						<animation effect="fade" start="100" end="70" time="300" tween="sine" easing="inout" condition="!Control.HasFocus(90100)">Conditional</animation>
						<control type="image">
							<width>120</width>
							<height>120</height>
							<aspectratio>keep</aspectratio>
							<texture fallback="DefaultActor.png">$VAR[PosterThumbVar]</texture>
							<bordersize>10</bordersize>
						</control>
						<control type="group">
							<left>120</left>
							<control type="label">
								<width>880</width>
								<height>60</height>
								<textoffsetx>15</textoffsetx>
								<font>font14</font>
								<scroll>true</scroll>
								<label>$INFO[ListItem.Label]$INFO[ListItem.Property(Department), • [I][LIGHT],[/LIGHT][/I]]$INFO[ListItem.Property(gender),  [LOWERCASE][LIGHT](,)[/LIGHT][/LOWERCASE]]</label>
							</control>
							<control type="label">
								<top>50</top>
								<width>880</width>
								<height>60</height>
								<textoffsetx>15</textoffsetx>
								<font>font14</font>
								<scroll>true</scroll>
								<label>$INFO[ListItem.Property(Known_For.1.Title),$LOCALIZE[31546]: ]$INFO[ListItem.Property(Known_For.2.Title),$COMMA ]$INFO[ListItem.Property(Known_For.3.Title),$COMMA ]$INFO[ListItem.Property(Known_For.4.Title),$COMMA ]</label>
							</control>
						</control>
					</control>
				</focusedlayout>
				<content browse="never" sortby="path">$VAR[TMDbHSearchContentVar]</content>
			</control>
		</control>
		<include content="BusySpinner">
			<param name="visible">Skin.TimerIsRunning(startbusyspinner) | Container(90100).IsUpdating</param>
		</include>
		<include>DebugWindow</include>
	</controls>
</window>