<?xml version="1.0" encoding="UTF-8"?>
<fonts>
	<fontset id="Default" idloc="31390">
		<!-- Icons -->
		<include>CommonIconFonts</include>
		<!-- Lyrics Fonts -->
		<include>LyricsFonts</include>
		<!-- Normal Fonts -->
		<font>
			<name>fontArial15</name>
			<filename>arial.ttf</filename>
			<size>35</size>
		</font>
		<font>
			<name>font10</name>
			<filename>RobotoCondensed-Regular.ttf</filename>
			<size>21</size>
		</font>
		<font>
			<name>font11</name>
			<filename>RobotoCondensed-Regular.ttf</filename>
			<size>24</size>
		</font>
		<font>
			<name>font12</name>
			<filename>RobotoCondensed-Regular.ttf</filename>
			<size>26</size>
		</font>
		<font>
			<name>font13</name>
			<filename>RobotoCondensed-Regular.ttf</filename>
			<size>30</size>
		</font>
		<font>
			<name>font13_bold</name>
			<filename>RobotoCondensed-Regular.ttf</filename>
			<style>bold</style>
			<size>30</size>
		</font>
		<font>
			<name>font13mono</name>
			<filename>RobotoMono-Regular.ttf</filename>
			<size>30</size>
		</font>
		<font>
			<name>font14_textbox</name>
			<filename>RobotoCondensed-Regular.ttf</filename>
			<size>33</size>
			<linespacing>1.27</linespacing>
		</font>
		<font>
			<name>font14_textbox2</name>
			<filename>RobotoCondensed-Regular.ttf</filename>
			<size>33</size>
			<linespacing>1.1</linespacing>
		</font>
		<font>
			<name>font15_textbox</name>
			<filename>RobotoCondensed-Regular.ttf</filename>
			<size>35</size>
			<linespacing>1.4</linespacing>
		</font>
		<font>
			<name>font15_textbox2</name>
			<filename>RobotoCondensed-Regular.ttf</filename>
			<size>36</size>
			<linespacing>1.3</linespacing>
		</font>
		<font>
			<name>font14</name>
			<filename>RobotoCondensed-Regular.ttf</filename>
			<size>33</size>
		</font>
		<font>
			<name>font14_bold</name>
			<filename>RobotoCondensed-Regular.ttf</filename>
			<style>bold</style>
			<size>33</size>
		</font>
		<font>
			<name>font15</name>
			<filename>RobotoCondensed-Regular.ttf</filename>
			<size>35</size>
		</font>
		<font>
			<name>font15_bold</name>
			<filename>RobotoCondensed-Regular.ttf</filename>
			<style>bold</style>
			<size>35</size>
		</font>
		<font>
			<name>font16</name>
			<filename>RobotoCondensed-Regular.ttf</filename>
			<size>38</size>
		</font>
		<font>
			<name>font16_textbox</name>
			<filename>RobotoCondensed-Regular.ttf</filename>
			<size>38</size>
			<linespacing>1.4</linespacing>
		</font>
		<font>
			<name>font16bold_textbox</name>
			<filename>RobotoCondensed-Regular.ttf</filename>
			<style>bold</style>
			<size>38</size>
			<linespacing>1.3</linespacing>
		</font>
		<font>
			<name>font18_textbox</name>
			<filename>RobotoCondensed-Regular.ttf</filename>
			<size>44</size>
			<linespacing>1.3</linespacing>
		</font>
		<font>
			<name>font30</name>
			<filename>RobotoCondensed-Regular.ttf</filename>
			<size>45</size>
		</font>
		<font>
			<name>font48</name>
			<filename>RobotoCondensed-Regular.ttf</filename>
			<size>48</size>
		</font>
		<font>
			<name>font48_bold</name>
			<filename>RobotoCondensed-Regular.ttf</filename>
			<style>bold</style>
			<size>48</size>
		</font>
		<font>
			<name>font52_bold</name>
			<filename>RobotoCondensed-Regular.ttf</filename>
			<style>bold</style>
			<size>52</size>
		</font>
		<!-- LiveTV Fonts -->
		<font>
			<name>font60</name>
			<filename>RobotoCondensed-Regular.ttf</filename>
			<size>60</size>
		</font>
		<font>
			<name>font65</name>
			<filename>RobotoCondensed-Regular.ttf</filename>
			<size>65</size>
		</font>
		<font>
			<name>font24_bold</name>
			<filename>RobotoCondensed-Regular.ttf</filename>
			<size>24</size>
			<style>bold</style>
		</font>
		<font>
			<name>font28_bold</name>
			<filename>RobotoCondensed-Regular.ttf</filename>
			<size>28</size>
			<style>bold</style>
		</font>
		<font>
			<name>font11</name>
			<filename>RobotoCondensed-Regular.ttf</filename>
			<size>24</size>
		</font>
		<font>
			<name>font13b</name>
			<filename>RobotoCondensed-Regular.ttf</filename>
			<size>32</size>
		</font>
		<!-- Title Fonts -->
		<font>
			<name>font12_title</name>
			<filename>RobotoCondensed-Regular.ttf</filename>
			<style>uppercase</style>
			<size>26</size>
		</font>
		<font>
			<name>font13_title</name>
			<filename>RobotoCondensed-Regular.ttf</filename>
			<style>uppercase</style>
			<size>30</size>
		</font>
		<font>
			<name>font14_title</name>
			<filename>RobotoCondensed-Regular.ttf</filename>
			<style>uppercase</style>
			<size>33</size>
		</font>
		<font>
			<name>font15_title</name>
			<filename>RobotoCondensed-Regular.ttf</filename>
			<style>uppercase</style>
			<size>35</size>
		</font>
		<font>
			<name>font16_title</name>
			<filename>RobotoCondensed-Regular.ttf</filename>
			<style>uppercase</style>
			<size>38</size>
		</font>
		<font>
			<name>font16_title_bold</name>
			<filename>RobotoCondensed-Regular.ttf</filename>
			<style>uppercase bold</style>
			<size>38</size>
		</font>
		<font>
			<name>font24_title</name>
			<filename>RobotoCondensed-Regular.ttf</filename>
			<style>uppercase</style>
			<size>36</size>
		</font>
		<font>
			<name>font30_title</name>
			<filename>RobotoCondensed-Regular.ttf</filename>
			<style>uppercase</style>
			<size>45</size>
		</font>
		<font>
			<name>font30_title_bold</name>
			<filename>RobotoCondensed-Regular.ttf</filename>
			<style>uppercase bold</style>
			<size>45</size>
		</font>
		<font>
			<name>font48_title</name>
			<filename>RobotoCondensed-Regular.ttf</filename>
			<style>uppercase</style>
			<size>48</size>
		</font>
		<font>
			<name>font35_title</name>
			<filename>RobotoCondensed-Regular.ttf</filename>
			<style>uppercase</style>
			<size>52</size>
		</font>
		<font>
			<name>font35_title_bold</name>
			<filename>RobotoCondensed-Regular.ttf</filename>
			<style>uppercase bold</style>
			<size>52</size>
		</font>
		<font>
			<name>font60caps_title</name>
			<filename>RobotoCondensed-Regular.ttf</filename>
			<style>uppercase</style>
			<size>60</size>
		</font>
		<font>
			<name>font45caps_title</name>
			<filename>RobotoCondensed-Regular.ttf</filename>
			<style>uppercase</style>
			<size>68</size>
		</font>
		<font>
			<name>font100caps_title</name>
			<filename>RobotoCondensed-Regular.ttf</filename>
			<style>uppercase</style>
			<size>100</size>
		</font>
		<font>
			<name>font_musicviz</name>
			<filename>BebasNeue.ttf</filename>
			<size>92</size>
		</font>
		<font>
			<name>font_version</name>
			<filename>LeagueGothic-Regular.ttf</filename>
			<linespacing>0</linespacing>
			<size>50</size>
		</font>
		<font>
			<name>font_MainMenu</name>
			<filename>BebasNeue.ttf</filename>
			<linespacing>0</linespacing>
			<size>112</size>
		</font>
		<font>
			<name>font_VerticalMainMenu</name>
			<filename>BebasNeue.ttf</filename>
			<size>75</size>
		</font>
		<font>
			<name>BigAssFont</name>
			<filename>BebasNeue.ttf</filename>
			<size>600</size>
		</font>
		<font>
			<name>BigAssTimeFont</name>
			<filename>RobotoCondensed-Regular.ttf</filename>
			<size>180</size>
			<linespacing>.8</linespacing>
		</font>
		<font>
			<name>WeatherTemp</name>
			<filename>RobotoCondensed-Regular.ttf</filename>
			<style>uppercase</style>
			<size>120</size>
		</font>
		<!-- Misc Fonts -->
		<font>
			<name>fontCDartist</name>
			<filename>PermanentMarker.ttf</filename>
			<size>45</size>
			<linespacing>.8</linespacing>
		</font>
		<font>
			<name>fontCDalbum</name>
			<filename>PermanentMarker.ttf</filename>
			<size>36</size>
			<linespacing>.8</linespacing>
		</font>
        <font>
            <name>font_tiny</name>
            <filename>Inter-Unicode-Regular.ttf</filename>
            <size>21</size>
        </font>
        <font>
            <name>font_tiny_iconic</name>
            <filename>fa-solid-900.ttf</filename>
            <size>22</size>
        </font>
	</fontset>
	<fontset id="Arial" idloc="31391" unicode="true">
		<!-- Icons -->
		<include>CommonIconFonts</include>
		<!-- Lyrics Fonts -->
		<include>LyricsFonts</include>
		<!-- Normal Fonts -->
		<font>
			<name>fontArial15</name>
			<filename>arial.ttf</filename>
			<size>35</size>
		</font>
		<font>
			<name>font10</name>
			<filename>arial.ttf</filename>
			<size>18</size>
		</font>
		<font>
			<name>font11</name>
			<filename>arial.ttf</filename>
			<size>20</size>
			<linespacing>.8</linespacing>
		</font>
		<font>
			<name>font12</name>
			<filename>arial.ttf</filename>
			<size>23</size>
		</font>
		<font>
			<name>font13</name>
			<filename>arial.ttf</filename>
			<size>26</size>
		</font>
		<font>
			<name>font13_bold</name>
			<filename>arial.ttf</filename>
			<style>bold</style>
			<size>26</size>
		</font>
		<font>
			<name>font13mono</name>
			<filename>RobotoMono-Regular.ttf</filename>
			<size>30</size>
		</font>
		<font>
			<name>font14_textbox</name>
			<filename>arial.ttf</filename>
			<size>30</size>
			<linespacing>1.27</linespacing>
		</font>
		<font>
			<name>font14_textbox2</name>
			<filename>arial.ttf</filename>
			<size>30</size>
			<linespacing>1.1</linespacing>
		</font>
		<font>
			<name>font15_textbox</name>
			<filename>arial.ttf</filename>
			<size>32</size>
			<linespacing>1.2</linespacing>
		</font>
		<font>
			<name>font15_textbox2</name>
			<filename>arial.ttf</filename>
			<size>32</size>
			<linespacing>1.26</linespacing>
		</font>
		<font>
			<name>font14</name>
			<filename>arial.ttf</filename>
			<size>30</size>
		</font>
		<font>
			<name>font15</name>
			<filename>arial.ttf</filename>
			<size>32</size>
		</font>
		<font>
			<name>font15_bold</name>
			<filename>arial.ttf</filename>
			<style>bold</style>
			<size>32</size>
		</font>
		<font>
			<name>font16</name>
			<filename>arial.ttf</filename>
			<size>35</size>
		</font>
		<font>
			<name>font16_bold</name>
			<filename>arial.ttf</filename>
			<style>bold</style>
			<size>35</size>
		</font>
		<font>
			<name>font16_textbox</name>
			<filename>arial.ttf</filename>
			<size>35</size>
			<linespacing>1.4</linespacing>
		</font>
		<font>
			<name>font16bold_textbox</name>
			<filename>arial.ttf</filename>
			<style>bold</style>
			<size>35</size>
			<linespacing>.9</linespacing>
		</font>
		<font>
			<name>font30</name>
			<filename>arial.ttf</filename>
			<size>42</size>
		</font>
		<font>
			<name>font48</name>
			<filename>arial.ttf</filename>
			<size>41</size>
		</font>
		<font>
			<name>font48_bold</name>
			<filename>arial.ttf</filename>
			<style>bold</style>
			<size>41</size>
		</font>
		<font>
			<name>font52_bold</name>
			<filename>arial.ttf</filename>
			<style>bold</style>
			<size>49</size>
		</font>
		<!-- LiveTV Fonts -->
		<font>
			<name>font65</name>
			<filename>arial.ttf</filename>
			<size>62</size>
		</font>
		<font>
			<name>font58</name>
			<filename>arial.ttf</filename>
			<size>55</size>
		</font>
		<font>
			<name>font24_bold</name>
			<filename>arial.ttf</filename>
			<size>21</size>
			<style>bold</style>
		</font>
		<font>
			<name>font28_bold</name>
			<filename>arial.ttf</filename>
			<size>25</size>
			<style>bold</style>
		</font>
		<font>
			<name>font52_bold</name>
			<filename>arial.ttf</filename>
			<style>bold</style>
			<size>45</size>
		</font>
		<font>
			<name>font11</name>
			<filename>arial.ttf</filename>
			<size>21</size>
		</font>
		<font>
			<name>font13b</name>
			<filename>arial.ttf</filename>
			<size>29</size>
		</font>
		<!-- Title Fonts -->
		<font>
			<name>font12_title</name>
			<filename>arial.ttf</filename>
			<style>uppercase</style>
			<size>23</size>
		</font>
		<font>
			<name>font13_title</name>
			<filename>arial.ttf</filename>
			<style>uppercase</style>
			<size>23</size>
		</font>
		<font>
			<name>font14_title</name>
			<filename>arial.ttf</filename>
			<style>uppercase</style>
			<size>30</size>
		</font>
		<font>
			<name>font15_title</name>
			<filename>arial.ttf</filename>
			<style>uppercase</style>
			<size>32</size>
		</font>
		<font>
			<name>font16_title</name>
			<filename>arial.ttf</filename>
			<style>uppercase</style>
			<size>35</size>
		</font>
		<font>
			<name>font16_title_bold</name>
			<filename>arial.ttf</filename>
			<style>uppercase bold</style>
			<size>35</size>
		</font>
		<font>
			<name>font24_title</name>
			<filename>arial.ttf</filename>
			<style>uppercase</style>
			<size>33</size>
		</font>
		<font>
			<name>font30_title</name>
			<filename>arial.ttf</filename>
			<style>uppercase</style>
			<size>36</size>
		</font>
		<font>
			<name>font30_title_bold</name>
			<filename>arial.ttf</filename>
			<style>uppercase bold</style>
			<size>36</size>
		</font>
		<font>
			<name>font48_title</name>
			<filename>arial.ttf</filename>
			<style>uppercase</style>
			<size>45</size>
		</font>
		<font>
			<name>font35_title</name>
			<filename>arial.ttf</filename>
			<style>uppercase</style>
			<size>49</size>
		</font>
		<font>
			<name>font45caps_title</name>
			<filename>arial.ttf</filename>
			<style>uppercase</style>
			<size>65</size>
		</font>
		<font>
			<name>font_musicviz</name>
			<filename>arial.ttf</filename>
			<linespacing>0</linespacing>
			<style>uppercase</style>
			<size>65</size>
		</font>
		<font>
			<name>font_version</name>
			<filename>LeagueGothic-Regular.ttf</filename>
			<linespacing>0</linespacing>
			<size>60</size>
		</font>
		<font>
			<name>font_MainMenu</name>
			<filename>arial.ttf</filename>
			<linespacing>0</linespacing>
			<style>uppercase</style>
			<size>70</size>
		</font>
		<font>
			<name>font_VerticalMainMenu</name>
			<filename>arial.ttf</filename>
			<style>uppercase</style>
			<size>55</size>
		</font>
		<font>
			<name>BigAssFont</name>
			<filename>arial.ttf</filename>
			<size>550</size>
		</font>
		<font>
			<name>WeatherTemp</name>
			<filename>arial.ttf</filename>
			<style>uppercase</style>
			<size>117</size>
		</font>
		<!-- Misc Fonts -->
		<font>
			<name>fontCDartist</name>
			<filename>PermanentMarker.ttf</filename>
			<size>45</size>
			<linespacing>.8</linespacing>
		</font>
		<font>
			<name>fontCDalbum</name>
			<filename>PermanentMarker.ttf</filename>
			<size>36</size>
			<linespacing>.8</linespacing>
		</font>
        <font>
            <name>font_tiny</name>
            <filename>Inter-Unicode-Regular.ttf</filename>
            <size>21</size>
        </font>
        <font>
            <name>font_tiny_iconic</name>
            <filename>fa-solid-900.ttf</filename>
            <size>22</size>
        </font>
	</fontset>
	<fontset id="NoTo" idloc="31964">
		<!-- Icons -->
		<include>CommonIconFonts</include>
		<!-- Lyrics Fonts -->
		<include>LyricsFonts</include>
		<!-- Normal Fonts -->
		<font>
			<name>fontArial15</name>
			<filename>Arial.ttf</filename>
			<size>35</size>
		</font>
		<font>
			<name>font10</name>
			<filename>NotoSans-Regular.ttf</filename>
			<size>21</size>
		</font>
		<font>
			<name>font12</name>
			<filename>NotoSans-Regular.ttf</filename>
			<size>26</size>
		</font>
		<font>
			<name>font13</name>
			<filename>NotoSans-Regular.ttf</filename>
			<size>30</size>
		</font>
		<font>
			<name>font14_textbox</name>
			<filename>NotoSans-Regular.ttf</filename>
			<size>33</size>
			<linespacing>1</linespacing>
		</font>
		<font>
			<name>font14_textbox2</name>
			<filename>NotoSans-Regular.ttf</filename>
			<size>33</size>
			<linespacing>1.1</linespacing>
		</font>
		<font>
			<name>font15_textbox</name>
			<filename>NotoSans-Regular.ttf</filename>
			<size>35</size>
			<linespacing>1.2</linespacing>
		</font>
		<font>
			<name>font14</name>
			<filename>NotoSans-Regular.ttf</filename>
			<size>33</size>
		</font>
		<font>
			<name>font15</name>
			<filename>NotoSans-Regular.ttf</filename>
			<size>35</size>
		</font>
		<font>
			<name>font15_bold</name>
			<filename>NotoSans-Regular.ttf</filename>
			<style>bold</style>
			<size>35</size>
		</font>
		<font>
			<name>font16</name>
			<filename>NotoSans-Regular.ttf</filename>
			<size>38</size>
		</font>
		<font>
			<name>font16_textbox</name>
			<filename>NotoSans-Regular.ttf</filename>
			<size>38</size>
			<linespacing>1.4</linespacing>
		</font>
		<font>
			<name>font16bold_textbox</name>
			<filename>NotoSans-Regular.ttf</filename>
			<style>bold</style>
			<size>38</size>
			<linespacing>1.2</linespacing>
		</font>
		<font>
			<name>font30</name>
			<filename>NotoSans-Regular.ttf</filename>
			<size>45</size>
		</font>
		<font>
			<name>font48</name>
			<filename>NotoSans-Regular.ttf</filename>
			<size>48</size>
		</font>
		<font>
			<name>font48_bold</name>
			<filename>NotoSans-Regular.ttf</filename>
			<style>bold</style>
			<size>48</size>
		</font>
		<!-- LiveTV Fonts -->
		<font>
			<name>font65</name>
			<filename>NotoSans-Regular.ttf</filename>
			<size>65</size>
		</font>
		<font>
			<name>font24_bold</name>
			<filename>NotoSans-Regular.ttf</filename>
			<size>24</size>
			<style>bold</style>
		</font>
		<font>
			<name>font28_bold</name>
			<filename>NotoSans-Regular.ttf</filename>
			<size>28</size>
			<style>bold</style>
		</font>
		<font>
			<name>font52_bold</name>
			<filename>NotoSans-Regular.ttf</filename>
			<style>bold</style>
			<size>48</size>
		</font>
		<font>
			<name>font11</name>
			<filename>NotoSans-Regular.ttf</filename>
			<size>24</size>
		</font>
		<font>
			<name>font13b</name>
			<filename>NotoSans-Regular.ttf</filename>
			<size>32</size>
		</font>
		<!-- Title Fonts -->
		<font>
			<name>font12_title</name>
			<filename>NotoSans-Regular.ttf</filename>
			<style>uppercase</style>
			<size>26</size>
		</font>
		<font>
			<name>font13_title</name>
			<filename>NotoSans-Regular.ttf</filename>
			<style>uppercase</style>
			<size>25</size>
		</font>
		<font>
			<name>font14_title</name>
			<filename>NotoSans-Regular.ttf</filename>
			<style>uppercase</style>
			<size>33</size>
		</font>
		<font>
			<name>font15_title</name>
			<filename>NotoSans-Regular.ttf</filename>
			<style>uppercase</style>
			<size>35</size>
		</font>
		<font>
			<name>font16_title</name>
			<filename>NotoSans-Regular.ttf</filename>
			<style>uppercase</style>
			<size>38</size>
		</font>
		<font>
			<name>font16_title_bold</name>
			<filename>NotoSans-Regular.ttf</filename>
			<style>uppercase bold</style>
			<size>38</size>
		</font>
		<font>
			<name>font24_title</name>
			<filename>NotoSans-Regular.ttf</filename>
			<style>uppercase</style>
			<size>36</size>
		</font>
		<font>
			<name>font30_title</name>
			<filename>NotoSans-Regular.ttf</filename>
			<style>uppercase</style>
			<size>45</size>
		</font>
		<font>
			<name>font30_title_bold</name>
			<filename>NotoSans-Regular.ttf</filename>
			<style>uppercase bold</style>
			<size>45</size>
		</font>
		<font>
			<name>font48_title</name>
			<filename>NotoSans-Regular.ttf</filename>
			<style>uppercase</style>
			<size>48</size>
		</font>
		<font>
			<name>font35_title</name>
			<filename>NotoSans-Regular.ttf</filename>
			<style>uppercase</style>
			<size>52</size>
		</font>
		<font>
			<name>font35_title_bold</name>
			<filename>NotoSans-Regular.ttf</filename>
			<style>uppercase bold</style>
			<size>52</size>
		</font>
		<font>
			<name>font45caps_title</name>
			<filename>NotoSans-Regular.ttf</filename>
			<style>uppercase</style>
			<size>68</size>
		</font>
		<font>
			<name>font100caps_title</name>
			<filename>NotoSans-Regular.ttf</filename>
			<style>uppercase</style>
			<size>100</size>
		</font>
		<font>
			<name>font_musicviz</name>
			<filename>NotoSans-Regular.ttf</filename>
			<size>92</size>
		</font>
		<font>
			<name>font_version</name>
			<filename>LeagueGothic-Regular.ttf</filename>
			<linespacing>0</linespacing>
			<size>60</size>
		</font>
		<font>
			<name>font_MainMenu</name>
			<filename>NotoSans-Regular.ttf</filename>
			<linespacing>0</linespacing>
			<style>uppercase</style>
			<size>95</size>
		</font>
		<font>
			<name>font_VerticalMainMenu</name>
			<filename>NotoSans-Regular.ttf</filename>
			<style>uppercase</style>
			<size>65</size>
		</font>
		<font>
			<name>BigAssFont</name>
			<filename>NotoSans-Regular.ttf</filename>
			<size>600</size>
		</font>
		<font>
			<name>BigAssTimeFont</name>
			<filename>NotoSans-Regular.ttf</filename>
			<size>180</size>
			<linespacing>.8</linespacing>
		</font>
		<font>
			<name>WeatherTemp</name>
			<filename>NotoSans-Regular.ttf</filename>
			<style>uppercase</style>
			<size>120</size>
		</font>
		<!-- Misc Fonts -->
		<font>
			<name>fontCDartist</name>
			<filename>PermanentMarker.ttf</filename>
			<size>45</size>
			<linespacing>.8</linespacing>
		</font>
		<font>
			<name>fontCDalbum</name>
			<filename>PermanentMarker.ttf</filename>
			<size>36</size>
			<linespacing>.8</linespacing>
		</font>
        <font>
            <name>font_tiny</name>
            <filename>Inter-Unicode-Regular.ttf</filename>
            <size>21</size>
        </font>
        <font>
            <name>font_tiny_iconic</name>
            <filename>fa-solid-900.ttf</filename>
            <size>22</size>
        </font>
	</fontset>
	<fontset id="Raleway" idloc="31223">
		<!-- Icons -->
		<include>CommonIconFonts</include>
		<!-- Lyrics Fonts -->
		<include>LyricsFonts</include>
		<!-- Normal Fonts -->
		<font>
			<name>fontArial15</name>
			<filename>Arial.ttf</filename>
			<size>35</size>
		</font>
		<font>
			<name>font10</name>
			<filename>Raleway-Medium.ttf</filename>
			<size>21</size>
		</font>
		<font>
			<name>font12</name>
			<filename>Raleway-Medium.ttf</filename>
			<size>26</size>
		</font>
		<font>
			<name>font13</name>
			<filename>Raleway-Medium.ttf</filename>
			<size>30</size>
		</font>
		<font>
			<name>font14_textbox</name>
			<filename>Raleway-Medium.ttf</filename>
			<size>33</size>
			<linespacing>1</linespacing>
		</font>
		<font>
			<name>font14_textbox2</name>
			<filename>Raleway-Medium.ttf</filename>
			<size>33</size>
			<linespacing>1.1</linespacing>
		</font>
		<font>
			<name>font15_textbox</name>
			<filename>Raleway-Medium.ttf</filename>
			<size>35</size>
			<linespacing>1.2</linespacing>
		</font>
		<font>
			<name>font14</name>
			<filename>Raleway-Medium.ttf</filename>
			<size>33</size>
		</font>
		<font>
			<name>font15</name>
			<filename>Raleway-Medium.ttf</filename>
			<size>35</size>
		</font>
		<font>
			<name>font15_bold</name>
			<filename>Raleway-Medium.ttf</filename>
			<style>bold</style>
			<size>35</size>
		</font>
		<font>
			<name>font16</name>
			<filename>Raleway-Medium.ttf</filename>
			<size>38</size>
		</font>
		<font>
			<name>font16_textbox</name>
			<filename>Raleway-Medium.ttf</filename>
			<size>38</size>
			<linespacing>1.4</linespacing>
		</font>
		<font>
			<name>font16bold_textbox</name>
			<filename>Raleway-Medium.ttf</filename>
			<style>bold</style>
			<size>38</size>
			<linespacing>1.2</linespacing>
		</font>
		<font>
			<name>font30</name>
			<filename>Raleway-Medium.ttf</filename>
			<size>45</size>
		</font>
		<font>
			<name>font48</name>
			<filename>Raleway-Medium.ttf</filename>
			<size>48</size>
		</font>
		<font>
			<name>font48_bold</name>
			<filename>Raleway-Medium.ttf</filename>
			<style>bold</style>
			<size>48</size>
		</font>
		<!-- LiveTV Fonts -->
		<font>
			<name>font65</name>
			<filename>Raleway-Medium.ttf</filename>
			<size>65</size>
		</font>
		<font>
			<name>font24_bold</name>
			<filename>Raleway-Medium.ttf</filename>
			<size>24</size>
			<style>bold</style>
		</font>
		<font>
			<name>font28_bold</name>
			<filename>Raleway-Medium.ttf</filename>
			<size>28</size>
			<style>bold</style>
		</font>
		<font>
			<name>font52_bold</name>
			<filename>Raleway-Medium.ttf</filename>
			<style>bold</style>
			<size>48</size>
		</font>
		<font>
			<name>font11</name>
			<filename>Raleway-Medium.ttf</filename>
			<size>24</size>
		</font>
		<font>
			<name>font13b</name>
			<filename>Raleway-Medium.ttf</filename>
			<size>32</size>
		</font>
		<!-- Title Fonts -->
		<font>
			<name>font12_title</name>
			<filename>Raleway-Medium.ttf</filename>
			<style>uppercase</style>
			<size>26</size>
		</font>
		<font>
			<name>font13_title</name>
			<filename>Raleway-Medium.ttf</filename>
			<style>uppercase</style>
			<size>25</size>
		</font>
		<font>
			<name>font14_title</name>
			<filename>Raleway-Medium.ttf</filename>
			<style>uppercase</style>
			<size>33</size>
		</font>
		<font>
			<name>font15_title</name>
			<filename>Raleway-Medium.ttf</filename>
			<style>uppercase</style>
			<size>35</size>
		</font>
		<font>
			<name>font16_title</name>
			<filename>Raleway-Medium.ttf</filename>
			<style>uppercase</style>
			<size>38</size>
		</font>
		<font>
			<name>font16_title_bold</name>
			<filename>Raleway-Medium.ttf</filename>
			<style>uppercase bold</style>
			<size>38</size>
		</font>
		<font>
			<name>font24_title</name>
			<filename>Raleway-Medium.ttf</filename>
			<style>uppercase</style>
			<size>36</size>
		</font>
		<font>
			<name>font30_title</name>
			<filename>Raleway-Medium.ttf</filename>
			<style>uppercase</style>
			<size>45</size>
		</font>
		<font>
			<name>font30_title_bold</name>
			<filename>Raleway-Medium.ttf</filename>
			<style>uppercase bold</style>
			<size>45</size>
		</font>
		<font>
			<name>font48_title</name>
			<filename>Raleway-Medium.ttf</filename>
			<style>uppercase</style>
			<size>48</size>
		</font>
		<font>
			<name>font35_title</name>
			<filename>Raleway-Medium.ttf</filename>
			<style>uppercase</style>
			<size>52</size>
		</font>
		<font>
			<name>font35_title_bold</name>
			<filename>Raleway-Medium.ttf</filename>
			<style>uppercase bold</style>
			<size>52</size>
		</font>
		<font>
			<name>font45caps_title</name>
			<filename>Raleway-Medium.ttf</filename>
			<style>uppercase</style>
			<size>68</size>
		</font>
		<font>
			<name>font100caps_title</name>
			<filename>Raleway-Medium.ttf</filename>
			<style>uppercase</style>
			<size>100</size>
		</font>
		<font>
			<name>font_musicviz</name>
			<filename>Raleway-Medium.ttf</filename>
			<size>92</size>
		</font>
		<font>
			<name>font_version</name>
			<filename>LeagueGothic-Regular.ttf</filename>
			<linespacing>0</linespacing>
			<size>60</size>
		</font>
		<font>
			<name>font_MainMenu</name>
			<filename>Raleway-Medium.ttf</filename>
			<linespacing>0</linespacing>
			<style>uppercase</style>
			<size>112</size>
		</font>
		<font>
			<name>font_VerticalMainMenu</name>
			<filename>Raleway-Medium.ttf</filename>
			<style>uppercase</style>
			<size>65</size>
		</font>
		<font>
			<name>BigAssFont</name>
			<filename>Raleway-Medium.ttf</filename>
			<size>600</size>
		</font>
		<font>
			<name>BigAssTimeFont</name>
			<filename>Raleway-Medium.ttf</filename>
			<size>180</size>
			<linespacing>.8</linespacing>
		</font>
		<font>
			<name>WeatherTemp</name>
			<filename>Raleway-Medium.ttf</filename>
			<style>uppercase</style>
			<size>120</size>
		</font>
		<!-- Misc Fonts -->
		<font>
			<name>fontCDartist</name>
			<filename>PermanentMarker.ttf</filename>
			<size>45</size>
			<linespacing>.8</linespacing>
		</font>
		<font>
			<name>fontCDalbum</name>
			<filename>PermanentMarker.ttf</filename>
			<size>36</size>
			<linespacing>.8</linespacing>
		</font>
        <font>
            <name>font_tiny</name>
            <filename>Inter-Unicode-Regular.ttf</filename>
            <size>21</size>
        </font>
        <font>
            <name>font_tiny_iconic</name>
            <filename>fa-solid-900.ttf</filename>
            <size>22</size>
        </font>
	</fontset>
	<fontset id="Ubuntu Condensed" idloc="31481">
		<!-- Icons -->
		<include>CommonIconFonts</include>
		<!-- Lyrics Fonts -->
		<include>LyricsFonts</include>
		<!-- Normal Fonts -->
		<font>
			<name>fontArial15</name>
			<filename>arial.ttf</filename>
			<size>35</size>
		</font>
		<font>
			<name>font10</name>
			<filename>UbuntuCondensed-Regular.ttf</filename>
			<size>21</size>
		</font>
		<font>
			<name>font11</name>
			<filename>UbuntuCondensed-Regular.ttf</filename>
			<size>24</size>
			<linespacing>.8</linespacing>
		</font>
		<font>
			<name>font12</name>
			<filename>UbuntuCondensed-Regular.ttf</filename>
			<size>26</size>
		</font>
		<font>
			<name>font13</name>
			<filename>UbuntuCondensed-Regular.ttf</filename>
			<size>30</size>
		</font>
		<font>
			<name>font13_bold</name>
			<filename>UbuntuCondensed-Regular.ttf</filename>
			<style>bold</style>
			<size>30</size>
		</font>
		<font>
			<name>font13mono</name>
			<filename>RobotoMono-Regular.ttf</filename>
			<size>30</size>
		</font>
		<font>
			<name>font14_textbox</name>
			<filename>UbuntuCondensed-Regular.ttf</filename>
			<size>33</size>
			<linespacing>1.27</linespacing>
		</font>
		<font>
			<name>font14_textbox2</name>
			<filename>UbuntuCondensed-Regular.ttf</filename>
			<size>33</size>
			<linespacing>1.1</linespacing>
		</font>
		<font>
			<name>font15_textbox</name>
			<filename>UbuntuCondensed-Regular.ttf</filename>
			<size>35</size>
			<linespacing>1.4</linespacing>
		</font>
		<font>
			<name>font15_textbox2</name>
			<filename>UbuntuCondensed-Regular.ttf</filename>
			<size>36</size>
			<linespacing>1.3</linespacing>
		</font>
		<font>
			<name>font14</name>
			<filename>UbuntuCondensed-Regular.ttf</filename>
			<size>33</size>
		</font>
		<font>
			<name>font14_bold</name>
			<filename>UbuntuCondensed-Regular.ttf</filename>
			<style>bold</style>
			<size>33</size>
		</font>
		<font>
			<name>font15</name>
			<filename>UbuntuCondensed-Regular.ttf</filename>
			<size>35</size>
		</font>
		<font>
			<name>font15_bold</name>
			<filename>UbuntuCondensed-Regular.ttf</filename>
			<style>bold</style>
			<size>35</size>
		</font>
		<font>
			<name>font16</name>
			<filename>UbuntuCondensed-Regular.ttf</filename>
			<size>38</size>
		</font>
		<font>
			<name>font16_textbox</name>
			<filename>UbuntuCondensed-Regular.ttf</filename>
			<size>38</size>
			<linespacing>1.4</linespacing>
		</font>
		<font>
			<name>font16bold_textbox</name>
			<filename>UbuntuCondensed-Regular.ttf</filename>
			<style>bold</style>
			<size>38</size>
			<linespacing>1.4</linespacing>
		</font>
		<font>
			<name>font30</name>
			<filename>UbuntuCondensed-Regular.ttf</filename>
			<size>45</size>
		</font>
		<font>
			<name>font48</name>
			<filename>UbuntuCondensed-Regular.ttf</filename>
			<size>48</size>
		</font>
		<font>
			<name>font48_bold</name>
			<filename>UbuntuCondensed-Regular.ttf</filename>
			<style>bold</style>
			<size>48</size>
		</font>
		<font>
			<name>font52_bold</name>
			<filename>UbuntuCondensed-Regular.ttf</filename>
			<style>bold</style>
			<size>52</size>
		</font>
		<!-- LiveTV Fonts -->
		<font>
			<name>font60</name>
			<filename>UbuntuCondensed-Regular.ttf</filename>
			<size>60</size>
		</font>
		<font>
			<name>font65</name>
			<filename>UbuntuCondensed-Regular.ttf</filename>
			<size>65</size>
		</font>
		<font>
			<name>font24_bold</name>
			<filename>UbuntuCondensed-Regular.ttf</filename>
			<size>24</size>
			<style>bold</style>
		</font>
		<font>
			<name>font28_bold</name>
			<filename>UbuntuCondensed-Regular.ttf</filename>
			<size>28</size>
			<style>bold</style>
		</font>
		<font>
			<name>font11</name>
			<filename>UbuntuCondensed-Regular.ttf</filename>
			<size>24</size>
		</font>
		<font>
			<name>font13b</name>
			<filename>UbuntuCondensed-Regular.ttf</filename>
			<size>32</size>
		</font>
		<!-- Title Fonts -->
		<font>
			<name>font12_title</name>
			<filename>UbuntuCondensed-Regular.ttf</filename>
			<style>uppercase</style>
			<size>26</size>
		</font>
		<font>
			<name>font13_title</name>
			<filename>UbuntuCondensed-Regular.ttf</filename>
			<style>uppercase</style>
			<size>30</size>
		</font>
		<font>
			<name>font14_title</name>
			<filename>UbuntuCondensed-Regular.ttf</filename>
			<style>uppercase</style>
			<size>33</size>
		</font>
		<font>
			<name>font15_title</name>
			<filename>UbuntuCondensed-Regular.ttf</filename>
			<style>uppercase</style>
			<size>35</size>
		</font>
		<font>
			<name>font16_title</name>
			<filename>UbuntuCondensed-Regular.ttf</filename>
			<style>uppercase</style>
			<size>38</size>
		</font>
		<font>
			<name>font16_title_bold</name>
			<filename>UbuntuCondensed-Regular.ttf</filename>
			<style>uppercase bold</style>
			<size>38</size>
		</font>
		<font>
			<name>font24_title</name>
			<filename>UbuntuCondensed-Regular.ttf</filename>
			<style>uppercase</style>
			<size>36</size>
		</font>
		<font>
			<name>font30_title</name>
			<filename>UbuntuCondensed-Regular.ttf</filename>
			<style>uppercase</style>
			<size>45</size>
		</font>
		<font>
			<name>font30_title_bold</name>
			<filename>UbuntuCondensed-Regular.ttf</filename>
			<style>uppercase bold</style>
			<size>45</size>
		</font>
		<font>
			<name>font48_title</name>
			<filename>UbuntuCondensed-Regular.ttf</filename>
			<style>uppercase</style>
			<size>48</size>
		</font>
		<font>
			<name>font35_title</name>
			<filename>UbuntuCondensed-Regular.ttf</filename>
			<style>uppercase</style>
			<size>52</size>
		</font>
		<font>
			<name>font35_title_bold</name>
			<filename>UbuntuCondensed-Regular.ttf</filename>
			<style>uppercase bold</style>
			<size>52</size>
		</font>
		<font>
			<name>font60caps_title</name>
			<filename>UbuntuCondensed-Regular.ttf</filename>
			<style>uppercase</style>
			<size>60</size>
		</font>
		<font>
			<name>font45caps_title</name>
			<filename>UbuntuCondensed-Regular.ttf</filename>
			<style>uppercase</style>
			<size>68</size>
		</font>
		<font>
			<name>font100caps_title</name>
			<filename>UbuntuCondensed-Regular.ttf</filename>
			<style>uppercase</style>
			<size>100</size>
		</font>
		<font>
			<name>font_musicviz</name>
			<filename>BebasNeue.ttf</filename>
			<size>92</size>
		</font>
		<font>
			<name>font_version</name>
			<filename>LeagueGothic-Regular.ttf</filename>
			<linespacing>0</linespacing>
			<size>60</size>
		</font>
		<font>
			<name>font_MainMenu</name>
			<filename>UbuntuCondensed-Regular.ttf</filename>
			<linespacing>0</linespacing>
			<style>uppercase</style>
			<size>112</size>
		</font>
		<font>
			<name>font_VerticalMainMenu</name>
			<filename>BebasNeue.ttf</filename>
			<size>75</size>
		</font>
		<font>
			<name>BigAssFont</name>
			<filename>BebasNeue.ttf</filename>
			<size>600</size>
		</font>
		<font>
			<name>BigAssTimeFont</name>
			<filename>UbuntuCondensed-Regular.ttf</filename>
			<size>180</size>
			<linespacing>.8</linespacing>
		</font>
		<font>
			<name>WeatherTemp</name>
			<filename>UbuntuCondensed-Regular.ttf</filename>
			<style>uppercase</style>
			<size>120</size>
		</font>
		<!-- Misc Fonts -->
		<font>
			<name>fontCDartist</name>
			<filename>PermanentMarker.ttf</filename>
			<size>45</size>
			<linespacing>.8</linespacing>
		</font>
		<font>
			<name>fontCDalbum</name>
			<filename>PermanentMarker.ttf</filename>
			<size>36</size>
			<linespacing>.8</linespacing>
		</font>
        <font>
            <name>font_tiny</name>
            <filename>Inter-Unicode-Regular.ttf</filename>
            <size>21</size>
        </font>
        <font>
            <name>font_tiny_iconic</name>
            <filename>fa-solid-900.ttf</filename>
            <size>22</size>
        </font>
	</fontset>
	<fontset id="Fira Sans" idloc="31482">
		<!-- Icons -->
		<include>CommonIconFonts</include>
		<!-- Lyrics Fonts -->
		<include>LyricsFonts</include>
		<!-- Normal Fonts -->
		<font>
			<name>fontArial15</name>
			<filename>Arial.ttf</filename>
			<size>35</size>
		</font>
		<font>
			<name>font10</name>
			<filename>FiraSans-Regular.ttf</filename>
			<size>21</size>
		</font>
		<font>
			<name>font12</name>
			<filename>FiraSans-Regular.ttf</filename>
			<size>26</size>
		</font>
		<font>
			<name>font13</name>
			<filename>FiraSans-Regular.ttf</filename>
			<size>30</size>
		</font>
		<font>
			<name>font14_textbox</name>
			<filename>FiraSans-Regular.ttf</filename>
			<size>33</size>
			<linespacing>1</linespacing>
		</font>
		<font>
			<name>font14_textbox2</name>
			<filename>FiraSans-Regular.ttf</filename>
			<size>33</size>
			<linespacing>1.1</linespacing>
		</font>
		<font>
			<name>font15_textbox</name>
			<filename>FiraSans-Regular.ttf</filename>
			<size>35</size>
			<linespacing>1.2</linespacing>
		</font>
		<font>
			<name>font14</name>
			<filename>FiraSans-Regular.ttf</filename>
			<size>33</size>
		</font>
		<font>
			<name>font15</name>
			<filename>FiraSans-Regular.ttf</filename>
			<size>35</size>
		</font>
		<font>
			<name>font15_bold</name>
			<filename>FiraSans-Regular.ttf</filename>
			<style>bold</style>
			<size>35</size>
		</font>
		<font>
			<name>font16</name>
			<filename>FiraSans-Regular.ttf</filename>
			<size>38</size>
		</font>
		<font>
			<name>font16_textbox</name>
			<filename>FiraSans-Regular.ttf</filename>
			<size>38</size>
			<linespacing>1.4</linespacing>
		</font>
		<font>
			<name>font16bold_textbox</name>
			<filename>FiraSans-Regular.ttf</filename>
			<style>bold</style>
			<size>38</size>
			<linespacing>1.2</linespacing>
		</font>
		<font>
			<name>font30</name>
			<filename>FiraSans-Regular.ttf</filename>
			<size>45</size>
		</font>
		<font>
			<name>font48</name>
			<filename>FiraSans-Regular.ttf</filename>
			<size>48</size>
		</font>
		<font>
			<name>font48_bold</name>
			<filename>FiraSans-Regular.ttf</filename>
			<style>bold</style>
			<size>48</size>
		</font>
		<!-- LiveTV Fonts -->
		<font>
			<name>font65</name>
			<filename>FiraSans-Regular.ttf</filename>
			<size>65</size>
		</font>
		<font>
			<name>font24_bold</name>
			<filename>FiraSans-Regular.ttf</filename>
			<size>24</size>
			<style>bold</style>
		</font>
		<font>
			<name>font28_bold</name>
			<filename>FiraSans-Regular.ttf</filename>
			<size>28</size>
			<style>bold</style>
		</font>
		<font>
			<name>font52_bold</name>
			<filename>FiraSans-Regular.ttf</filename>
			<style>bold</style>
			<size>48</size>
		</font>
		<font>
			<name>font11</name>
			<filename>FiraSans-Regular.ttf</filename>
			<size>24</size>
		</font>
		<font>
			<name>font13b</name>
			<filename>FiraSans-Regular.ttf</filename>
			<size>32</size>
		</font>
		<!-- Title Fonts -->
		<font>
			<name>font12_title</name>
			<filename>FiraSans-Regular.ttf</filename>
			<style>uppercase</style>
			<size>26</size>
		</font>
		<font>
			<name>font13_title</name>
			<filename>FiraSans-Regular.ttf</filename>
			<style>uppercase</style>
			<size>25</size>
		</font>
		<font>
			<name>font14_title</name>
			<filename>FiraSans-Regular.ttf</filename>
			<style>uppercase</style>
			<size>33</size>
		</font>
		<font>
			<name>font15_title</name>
			<filename>FiraSans-Regular.ttf</filename>
			<style>uppercase</style>
			<size>35</size>
		</font>
		<font>
			<name>font16_title</name>
			<filename>FiraSans-Regular.ttf</filename>
			<style>uppercase</style>
			<size>38</size>
		</font>
		<font>
			<name>font16_title_bold</name>
			<filename>FiraSans-Regular.ttf</filename>
			<style>uppercase bold</style>
			<size>38</size>
		</font>
		<font>
			<name>font24_title</name>
			<filename>FiraSans-Regular.ttf</filename>
			<style>uppercase</style>
			<size>36</size>
		</font>
		<font>
			<name>font30_title</name>
			<filename>FiraSans-Regular.ttf</filename>
			<style>uppercase</style>
			<size>45</size>
		</font>
		<font>
			<name>font30_title_bold</name>
			<filename>FiraSans-Regular.ttf</filename>
			<style>uppercase bold</style>
			<size>45</size>
		</font>
		<font>
			<name>font48_title</name>
			<filename>FiraSans-Regular.ttf</filename>
			<style>uppercase</style>
			<size>48</size>
		</font>
		<font>
			<name>font35_title</name>
			<filename>FiraSans-Regular.ttf</filename>
			<style>uppercase</style>
			<size>52</size>
		</font>
		<font>
			<name>font35_title_bold</name>
			<filename>FiraSans-Regular.ttf</filename>
			<style>uppercase bold</style>
			<size>52</size>
		</font>
		<font>
			<name>font45caps_title</name>
			<filename>FiraSans-Regular.ttf</filename>
			<style>uppercase</style>
			<size>68</size>
		</font>
		<font>
			<name>font100caps_title</name>
			<filename>FiraSans-Regular.ttf</filename>
			<style>uppercase</style>
			<size>100</size>
		</font>
		<font>
			<name>font_musicviz</name>
			<filename>FiraSans-Regular.ttf</filename>
			<size>92</size>
		</font>
		<font>
			<name>font_version</name>
			<filename>LeagueGothic-Regular.ttf</filename>
			<linespacing>0</linespacing>
			<size>60</size>
		</font>
		<font>
			<name>font_MainMenu</name>
			<filename>FiraSans-Regular.ttf</filename>
			<linespacing>0</linespacing>
			<style>uppercase</style>
			<size>95</size>
		</font>
		<font>
			<name>font_VerticalMainMenu</name>
			<filename>FiraSans-Regular.ttf</filename>
			<style>uppercase</style>
			<size>65</size>
		</font>
		<font>
			<name>BigAssFont</name>
			<filename>FiraSans-Regular.ttf</filename>
			<size>600</size>
		</font>
		<font>
			<name>BigAssTimeFont</name>
			<filename>FiraSans-Regular.ttf</filename>
			<size>180</size>
			<linespacing>.8</linespacing>
		</font>
		<font>
			<name>WeatherTemp</name>
			<filename>FiraSans-Regular.ttf</filename>
			<style>uppercase</style>
			<size>120</size>
		</font>
		<!-- Misc Fonts -->
		<font>
			<name>fontCDartist</name>
			<filename>PermanentMarker.ttf</filename>
			<size>45</size>
			<linespacing>.8</linespacing>
		</font>
		<font>
			<name>fontCDalbum</name>
			<filename>PermanentMarker.ttf</filename>
			<size>36</size>
			<linespacing>.8</linespacing>
		</font>
        <font>
            <name>font_tiny</name>
            <filename>Inter-Unicode-Regular.ttf</filename>
            <size>21</size>
        </font>
        <font>
            <name>font_tiny_iconic</name>
            <filename>fa-solid-900.ttf</filename>
            <size>22</size>
        </font>
	</fontset>
	<fontset id="Caviar Dreams" idloc="31483">
		<!-- Icons -->
		<include>CommonIconFonts</include>
		<!-- Lyrics Fonts -->
		<include>LyricsFonts</include>
		<!-- Normal Fonts -->
		<font>
			<name>fontArial15</name>
			<filename>arial.ttf</filename>
			<size>35</size>
		</font>
		<font>
			<name>font10</name>
			<filename>CaviarDreams.ttf</filename>
			<size>21</size>
		</font>
		<font>
			<name>font11</name>
			<filename>CaviarDreams.ttf</filename>
			<size>24</size>
			<linespacing>.8</linespacing>
		</font>
		<font>
			<name>font12</name>
			<filename>CaviarDreams.ttf</filename>
			<size>26</size>
		</font>
		<font>
			<name>font13</name>
			<filename>CaviarDreams.ttf</filename>
			<size>30</size>
		</font>
		<font>
			<name>font13_bold</name>
			<filename>CaviarDreams.ttf</filename>
			<style>bold</style>
			<size>30</size>
		</font>
		<font>
			<name>font13mono</name>
			<filename>RobotoMono-Regular.ttf</filename>
			<size>30</size>
		</font>
		<font>
			<name>font14_textbox</name>
			<filename>CaviarDreams.ttf</filename>
			<size>33</size>
			<linespacing>1.27</linespacing>
		</font>
		<font>
			<name>font14_textbox2</name>
			<filename>CaviarDreams.ttf</filename>
			<size>33</size>
			<linespacing>1.1</linespacing>
		</font>
		<font>
			<name>font15_textbox</name>
			<filename>CaviarDreams.ttf</filename>
			<size>35</size>
			<linespacing>1.4</linespacing>
		</font>
		<font>
			<name>font15_textbox2</name>
			<filename>CaviarDreams.ttf</filename>
			<size>36</size>
			<linespacing>1.3</linespacing>
		</font>
		<font>
			<name>font14</name>
			<filename>CaviarDreams.ttf</filename>
			<size>33</size>
		</font>
		<font>
			<name>font14_bold</name>
			<filename>CaviarDreams.ttf</filename>
			<style>bold</style>
			<size>33</size>
		</font>
		<font>
			<name>font15</name>
			<filename>CaviarDreams.ttf</filename>
			<size>35</size>
		</font>
		<font>
			<name>font15_bold</name>
			<filename>CaviarDreams.ttf</filename>
			<style>bold</style>
			<size>35</size>
		</font>
		<font>
			<name>font16</name>
			<filename>CaviarDreams.ttf</filename>
			<size>38</size>
		</font>
		<font>
			<name>font16_textbox</name>
			<filename>CaviarDreams.ttf</filename>
			<size>38</size>
			<linespacing>1.4</linespacing>
		</font>
		<font>
			<name>font16bold_textbox</name>
			<filename>CaviarDreams.ttf</filename>
			<style>bold</style>
			<size>38</size>
			<linespacing>1.4</linespacing>
		</font>
		<font>
			<name>font30</name>
			<filename>CaviarDreams.ttf</filename>
			<size>45</size>
		</font>
		<font>
			<name>font48</name>
			<filename>CaviarDreams.ttf</filename>
			<size>48</size>
		</font>
		<font>
			<name>font48_bold</name>
			<filename>CaviarDreams.ttf</filename>
			<style>bold</style>
			<size>48</size>
		</font>
		<font>
			<name>font52_bold</name>
			<filename>CaviarDreams.ttf</filename>
			<style>bold</style>
			<size>52</size>
		</font>
		<!-- LiveTV Fonts -->
		<font>
			<name>font60</name>
			<filename>CaviarDreams.ttf</filename>
			<size>60</size>
		</font>
		<font>
			<name>font65</name>
			<filename>CaviarDreams.ttf</filename>
			<size>65</size>
		</font>
		<font>
			<name>font24_bold</name>
			<filename>CaviarDreams.ttf</filename>
			<size>24</size>
			<style>bold</style>
		</font>
		<font>
			<name>font28_bold</name>
			<filename>CaviarDreams.ttf</filename>
			<size>28</size>
			<style>bold</style>
		</font>
		<font>
			<name>font11</name>
			<filename>CaviarDreams.ttf</filename>
			<size>24</size>
		</font>
		<font>
			<name>font13b</name>
			<filename>CaviarDreams.ttf</filename>
			<size>32</size>
		</font>
		<!-- Title Fonts -->
		<font>
			<name>font12_title</name>
			<filename>CaviarDreams.ttf</filename>
			<style>uppercase</style>
			<size>26</size>
		</font>
		<font>
			<name>font13_title</name>
			<filename>CaviarDreams.ttf</filename>
			<style>uppercase</style>
			<size>30</size>
		</font>
		<font>
			<name>font14_title</name>
			<filename>CaviarDreams.ttf</filename>
			<style>uppercase</style>
			<size>33</size>
		</font>
		<font>
			<name>font15_title</name>
			<filename>CaviarDreams.ttf</filename>
			<style>uppercase</style>
			<size>35</size>
		</font>
		<font>
			<name>font16_title</name>
			<filename>CaviarDreams.ttf</filename>
			<style>uppercase</style>
			<size>38</size>
		</font>
		<font>
			<name>font16_title_bold</name>
			<filename>CaviarDreams.ttf</filename>
			<style>uppercase bold</style>
			<size>38</size>
		</font>
		<font>
			<name>font24_title</name>
			<filename>CaviarDreams.ttf</filename>
			<style>uppercase</style>
			<size>36</size>
		</font>
		<font>
			<name>font30_title</name>
			<filename>CaviarDreams.ttf</filename>
			<style>uppercase</style>
			<size>45</size>
		</font>
		<font>
			<name>font30_title_bold</name>
			<filename>CaviarDreams.ttf</filename>
			<style>uppercase bold</style>
			<size>45</size>
		</font>
		<font>
			<name>font48_title</name>
			<filename>CaviarDreams.ttf</filename>
			<style>uppercase</style>
			<size>48</size>
		</font>
		<font>
			<name>font35_title</name>
			<filename>CaviarDreams.ttf</filename>
			<style>uppercase</style>
			<size>52</size>
		</font>
		<font>
			<name>font35_title_bold</name>
			<filename>CaviarDreams.ttf</filename>
			<style>uppercase bold</style>
			<size>52</size>
		</font>
		<font>
			<name>font60caps_title</name>
			<filename>CaviarDreams.ttf</filename>
			<style>uppercase</style>
			<size>60</size>
		</font>
		<font>
			<name>font45caps_title</name>
			<filename>CaviarDreams.ttf</filename>
			<style>uppercase</style>
			<size>68</size>
		</font>
		<font>
			<name>font100caps_title</name>
			<filename>CaviarDreams.ttf</filename>
			<style>uppercase</style>
			<size>100</size>
		</font>
		<font>
			<name>font_musicviz</name>
			<filename>BebasNeue.ttf</filename>
			<size>92</size>
		</font>
		<font>
			<name>font_version</name>
			<filename>LeagueGothic-Regular.ttf</filename>
			<linespacing>0</linespacing>
			<size>60</size>
		</font>
		<font>
			<name>font_MainMenu</name>
			<filename>CaviarDreams.ttf</filename>
			<style>uppercase</style>
			<size>108</size>
		</font>
		<font>
			<name>font_VerticalMainMenu</name>
			<filename>BebasNeue.ttf</filename>
			<size>75</size>
		</font>
		<font>
			<name>BigAssFont</name>
			<filename>BebasNeue.ttf</filename>
			<size>600</size>
		</font>
		<font>
			<name>BigAssTimeFont</name>
			<filename>CaviarDreams.ttf</filename>
			<size>180</size>
			<linespacing>.8</linespacing>
		</font>
		<font>
			<name>WeatherTemp</name>
			<filename>CaviarDreams.ttf</filename>
			<style>uppercase</style>
			<size>120</size>
		</font>
		<!-- Misc Fonts -->
		<font>
			<name>fontCDartist</name>
			<filename>PermanentMarker.ttf</filename>
			<size>45</size>
			<linespacing>.8</linespacing>
		</font>
		<font>
			<name>fontCDalbum</name>
			<filename>PermanentMarker.ttf</filename>
			<size>36</size>
			<linespacing>.8</linespacing>
		</font>
        <font>
            <name>font_tiny</name>
            <filename>Inter-Unicode-Regular.ttf</filename>
            <size>21</size>
        </font>
        <font>
            <name>font_tiny_iconic</name>
            <filename>fa-solid-900.ttf</filename>
            <size>22</size>
        </font>
	</fontset>
	<fontset id="Play Regular" idloc="31484">
		<!-- Icons -->
		<include>CommonIconFonts</include>
		<!-- Lyrics Fonts -->
		<include>LyricsFonts</include>
		<!-- Normal Fonts -->
		<font>
			<name>fontArial15</name>
			<filename>arial.ttf</filename>
			<size>35</size>
		</font>
		<font>
			<name>font10</name>
			<filename>play.regular.ttf</filename>
			<size>21</size>
		</font>
		<font>
			<name>font11</name>
			<filename>play.regular.ttf</filename>
			<size>24</size>
			<linespacing>.8</linespacing>
		</font>
		<font>
			<name>font12</name>
			<filename>play.regular.ttf</filename>
			<size>26</size>
		</font>
		<font>
			<name>font13</name>
			<filename>play.regular.ttf</filename>
			<size>29</size>
		</font>
		<font>
			<name>font13_bold</name>
			<filename>play.regular.ttf</filename>
			<style>bold</style>
			<size>29</size>
		</font>
		<font>
			<name>font13mono</name>
			<filename>RobotoMono-Regular.ttf</filename>
			<size>30</size>
		</font>
		<font>
			<name>font14_textbox</name>
			<filename>play.regular.ttf</filename>
			<size>33</size>
			<linespacing>1.27</linespacing>
		</font>
		<font>
			<name>font14_textbox2</name>
			<filename>play.regular.ttf</filename>
			<size>33</size>
			<linespacing>1.1</linespacing>
		</font>
		<font>
			<name>font15_textbox</name>
			<filename>play.regular.ttf</filename>
			<size>35</size>
			<linespacing>1.4</linespacing>
		</font>
		<font>
			<name>font15_textbox2</name>
			<filename>play.regular.ttf</filename>
			<size>36</size>
			<linespacing>1.3</linespacing>
		</font>
		<font>
			<name>font14</name>
			<filename>play.regular.ttf</filename>
			<size>33</size>
		</font>
		<font>
			<name>font14_bold</name>
			<filename>play.regular.ttf</filename>
			<style>bold</style>
			<size>33</size>
		</font>
		<font>
			<name>font15</name>
			<filename>play.regular.ttf</filename>
			<size>35</size>
		</font>
		<font>
			<name>font15_bold</name>
			<filename>play.regular.ttf</filename>
			<style>bold</style>
			<size>35</size>
		</font>
		<font>
			<name>font16</name>
			<filename>play.regular.ttf</filename>
			<size>38</size>
		</font>
		<font>
			<name>font16_textbox</name>
			<filename>play.regular.ttf</filename>
			<size>38</size>
			<linespacing>1.4</linespacing>
		</font>
		<font>
			<name>font16bold_textbox</name>
			<filename>play.regular.ttf</filename>
			<style>bold</style>
			<size>38</size>
			<linespacing>1.4</linespacing>
		</font>
		<font>
			<name>font30</name>
			<filename>play.regular.ttf</filename>
			<size>45</size>
		</font>
		<font>
			<name>font48</name>
			<filename>play.regular.ttf</filename>
			<size>48</size>
		</font>
		<font>
			<name>font48_bold</name>
			<filename>play.regular.ttf</filename>
			<style>bold</style>
			<size>48</size>
		</font>
		<font>
			<name>font52_bold</name>
			<filename>play.regular.ttf</filename>
			<style>bold</style>
			<size>52</size>
		</font>
		<!-- LiveTV Fonts -->
		<font>
			<name>font60</name>
			<filename>play.regular.ttf</filename>
			<size>60</size>
		</font>
		<font>
			<name>font65</name>
			<filename>play.regular.ttf</filename>
			<size>65</size>
		</font>
		<font>
			<name>font24_bold</name>
			<filename>play.regular.ttf</filename>
			<size>24</size>
			<style>bold</style>
		</font>
		<font>
			<name>font28_bold</name>
			<filename>play.regular.ttf</filename>
			<size>28</size>
			<style>bold</style>
		</font>
		<font>
			<name>font11</name>
			<filename>play.regular.ttf</filename>
			<size>24</size>
		</font>
		<font>
			<name>font13b</name>
			<filename>play.regular.ttf</filename>
			<size>32</size>
		</font>
		<!-- Title Fonts -->
		<font>
			<name>font12_title</name>
			<filename>play.regular.ttf</filename>
			<style>uppercase</style>
			<size>26</size>
		</font>
		<font>
			<name>font13_title</name>
			<filename>play.regular.ttf</filename>
			<style>uppercase</style>
			<size>29</size>
		</font>
		<font>
			<name>font14_title</name>
			<filename>play.regular.ttf</filename>
			<style>uppercase</style>
			<size>33</size>
		</font>
		<font>
			<name>font15_title</name>
			<filename>play.regular.ttf</filename>
			<style>uppercase</style>
			<size>35</size>
		</font>
		<font>
			<name>font16_title</name>
			<filename>play.regular.ttf</filename>
			<style>uppercase</style>
			<size>38</size>
		</font>
		<font>
			<name>font16_title_bold</name>
			<filename>play.regular.ttf</filename>
			<style>uppercase bold</style>
			<size>38</size>
		</font>
		<font>
			<name>font24_title</name>
			<filename>play.regular.ttf</filename>
			<style>uppercase</style>
			<size>36</size>
		</font>
		<font>
			<name>font30_title</name>
			<filename>play.regular.ttf</filename>
			<style>uppercase</style>
			<size>45</size>
		</font>
		<font>
			<name>font30_title_bold</name>
			<filename>play.regular.ttf</filename>
			<style>uppercase bold</style>
			<size>45</size>
		</font>
		<font>
			<name>font48_title</name>
			<filename>play.regular.ttf</filename>
			<style>uppercase</style>
			<size>48</size>
		</font>
		<font>
			<name>font35_title</name>
			<filename>play.regular.ttf</filename>
			<style>uppercase</style>
			<size>52</size>
		</font>
		<font>
			<name>font35_title_bold</name>
			<filename>play.regular.ttf</filename>
			<style>uppercase bold</style>
			<size>52</size>
		</font>
		<font>
			<name>font60caps_title</name>
			<filename>play.regular.ttf</filename>
			<style>uppercase</style>
			<size>60</size>
		</font>
		<font>
			<name>font45caps_title</name>
			<filename>play.regular.ttf</filename>
			<style>uppercase</style>
			<size>68</size>
		</font>
		<font>
			<name>font100caps_title</name>
			<filename>play.regular.ttf</filename>
			<style>uppercase</style>
			<size>100</size>
		</font>
		<font>
			<name>font_musicviz</name>
			<filename>BebasNeue.ttf</filename>
			<size>92</size>
		</font>
		<font>
			<name>font_version</name>
			<filename>LeagueGothic-Regular.ttf</filename>
			<linespacing>0</linespacing>
			<size>60</size>
		</font>
		<font>
			<name>font_MainMenu</name>
			<filename>play.regular.ttf</filename>
			<style>uppercase</style>
			<size>116</size>
		</font>
		<font>
			<name>font_VerticalMainMenu</name>
			<filename>BebasNeue.ttf</filename>
			<size>75</size>
		</font>
		<font>
			<name>BigAssFont</name>
			<filename>BebasNeue.ttf</filename>
			<size>600</size>
		</font>
		<font>
			<name>BigAssTimeFont</name>
			<filename>play.regular.ttf</filename>
			<size>180</size>
			<linespacing>.8</linespacing>
		</font>
		<font>
			<name>WeatherTemp</name>
			<filename>play.regular.ttf</filename>
			<style>uppercase</style>
			<size>120</size>
		</font>
		<!-- Misc Fonts -->
		<font>
			<name>fontCDartist</name>
			<filename>PermanentMarker.ttf</filename>
			<size>45</size>
			<linespacing>.8</linespacing>
		</font>
		<font>
			<name>fontCDalbum</name>
			<filename>PermanentMarker.ttf</filename>
			<size>36</size>
			<linespacing>.8</linespacing>
		</font>
        <font>
            <name>font_tiny</name>
            <filename>Inter-Unicode-Regular.ttf</filename>
            <size>21</size>
        </font>
        <font>
            <name>font_tiny_iconic</name>
            <filename>fa-solid-900.ttf</filename>
            <size>22</size>
        </font>
	</fontset>
</fonts>