<?xml version="1.0" encoding="UTF-8"?>
<includes>
	<!-- Video FanartList -->
	<include name="VideoFanartList">
		<control type="group">
			<visible>Control.IsVisible(510)</visible>
			<include>ViewAnimation</include>
			<top>-16</top>
			<control type="group">
				<left>1140</left>
				<top>141</top>
				<include content="BackPanel">
					<param name="left">-9</param>
					<param name="top">47</param>
					<param name="width">703</param>
					<param name="height">770</param>
					<param name="texture">colors/black75.png</param>
				</include>
				<control type="textbox" id="71">
					<label>[COLOR $VAR[ThemeLabelColor]]$INFO[ListItem.Tagline][/COLOR][CR]$VAR[VideoPlotVar]</label>
					<left>13</left>
					<top>455</top>
					<width>660</width>
					<height>350</height>
					<font>font14_textbox</font>
					<pagecontrol>51062</pagecontrol>
					<include>DefaultButtonsValues</include>
					<autoscroll time="3000" delay="4000" repeat="5000">Skin.HasSetting(Enable.AutoScroll) + !Control.HasFocus(51062)</autoscroll>
				</control>
				<control type="scrollbar" id="51062">
					<left>677</left>
					<top>452</top>
					<width>12</width>
					<height>360</height>
					<onleft>51060</onleft>
					<onright condition="!Control.IsVisible(615)">4400</onright>
					<onright condition="Control.IsVisible(615)">615</onright>
					<texturesliderbackground>colors/black10.png</texturesliderbackground>
					<texturesliderbar>colors/white25.png</texturesliderbar>
					<texturesliderbarfocus colordiffuse="$VAR[ThemeLabelColor]">colors/white.png</texturesliderbarfocus>
					<showonepage>false</showonepage>
				</control>
				<control type="group">
					<left>-4</left>
					<top>52</top>
					<control type="image">
						<visible>!Container.Content(episodes)</visible>
						<width>693</width>
						<height>390</height>
						<fadetime>400</fadetime>
						<aspectratio>scale</aspectratio>
						<texture border="2" background="true">$VAR[FanartVar]</texture>
						<bordersize>2</bordersize>
						<bordertexture border="2" infill="false">colors/black.png</bordertexture>
					</control>
					<control type="image">
						<visible>Container.Content(episodes)</visible>
						<width>693</width>
						<height>390</height>
						<aspectratio>scale</aspectratio>
						<texture background="true">$VAR[NoSpoilerIconVar]</texture>
						<fadetime>400</fadetime>
					</control>
					<control type="image">
						<top>390</top>
						<width>690</width>
						<height>2</height>
						<texture colordiffuse="grey4">colors/white.png</texture>
					</control>
				</control>
				<control type="image">
					<left>-5</left>
					<top>51</top>
					<width>40</width>
					<height>762</height>
					<texture flipx="true" border="1">side_shadow.png</texture>
				</control>
			</control>
			<control type="group">
				<left>76</left>
				<top>60</top>
				<include content="BackPanel">
					<param name="left">-4</param>
					<param name="top">86</param>
					<param name="width">1066</param>
					<param name="height">850</param>
					<param name="texture">colors/black75.png</param>
				</include>
				<control type="list" id="510">
					<top>92</top>
					<width>1056</width>
					<height>840</height>
					<onleft>SetProperty(MediaMenu,True,Home)</onleft>
					<onleft>SetFocus(9050)</onleft>
					<onright condition="Control.IsVisible(51060)">51060</onright>
					<onright condition="!Control.IsVisible(51060) + Control.IsVisible(51062)">51062</onright>
					<onright condition="!Control.IsVisible(51060) + !Control.IsVisible(51062)">4400</onright>
					<onup>510</onup>
					<ondown>510</ondown>
					<viewtype label="$LOCALIZE[31240]">list</viewtype>
					<pagecontrol>51060</pagecontrol>
					<preloaditems>2</preloaditems>
					<visible>!Skin.HasSetting(skinvariables.viewtypes) + [Container.Content(movies) | Container.Content(sets) | Container.Content(tvshows) | Container.Content(seasons) | Container.Content(episodes)] | Skin.HasSetting(skinvariables.viewtypes) + $EXP[Exp_View_510]</visible>
					<scrolltime tween="quadratic" easing="out">200</scrolltime>
					<itemlayout height="70" width="1056" condition="Container.Content(movies)">
						<control type="label">
							<left>15</left>
							<width>90</width>
							<height>68</height>
							<font>font15</font>
							<textcolor>$VAR[ThemeLabelColor]</textcolor>
							<label fallback="• • • •">$INFO[ListItem.Year]</label>
							<visible>!ListItem.IsParentFolder + !ListItem.IsCollection</visible>
						</control>
						<control type="image">
							<top>-18</top>
							<width>105</width>
							<height>105</height>
							<aspectratio>keep</aspectratio>
							<texture>overlays/set.png</texture>
							<colordiffuse>grey</colordiffuse>
							<visible>ListItem.IsCollection</visible>
						</control>
						<control type="label">
							<left>110</left>
							<width>730</width>
							<height>68</height>
							<font>font15</font>
							<textcolor>grey2</textcolor>
							<label>$INFO[ListItem.Label]</label>
						</control>
						<control type="image">
							<left>866</left>
							<top>21</top>
							<width>58</width>
							<height>26</height>
							<aspectratio>keep</aspectratio>
							<texture>$VAR[UnFocusHDIndicator]</texture>
							<visible>Skin.HasSetting(noindicatorfanartlist) + !Skin.HasSetting(Enable.HideRatings)</visible>
							<colordiffuse>grey2</colordiffuse>
						</control>
						<control type="label">
							<left>365</left>
							<width>620</width>
							<height>68</height>
							<font>font15</font>
							<align>right</align>
							<textcolor>grey2</textcolor>
							<label>$INFO[ListItem.Rating]</label>
							<visible>!Skin.HasSetting(Enable.HideRatings) + !ListItem.IsCollection</visible>
						</control>
						<control type="image">
							<left>924</left>
							<top>21</top>
							<width>58</width>
							<height>26</height>
							<aspectratio>keep</aspectratio>
							<texture>$VAR[UnFocusHDIndicator]</texture>
							<visible>Skin.HasSetting(noindicatorfanartlist) + Skin.HasSetting(Enable.HideRatings)</visible>
							<colordiffuse>grey2</colordiffuse>
						</control>
						<include content="ListStatusIndicators">
							<param name="left">992</param>
							<param name="top">3</param>
						</include>
					</itemlayout>
					<focusedlayout height="70" width="1056" condition="Container.Content(movies)">
						<control type="image">
							<width>1056</width>
							<height>70</height>
							<texture colordiffuse="$VAR[HighlightBarColor]" border="4">colors/white50.png</texture>
							<visible>Control.HasFocus(510)</visible>
							<include>VisibleFadeAnimation</include>
						</control>
						<control type="label">
							<left>15</left>
							<width>90</width>
							<height>68</height>
							<font>font15</font>
							<label fallback="• • • •">$INFO[ListItem.Year]</label>
							<animation effect="fade" start="100" end="70" time="300" tween="sine" easing="inout" condition="!Control.HasFocus(510)">Conditional</animation>
							<visible>!ListItem.IsParentFolder + !ListItem.IsCollection</visible>
						</control>
						<control type="image">
							<top>-18</top>
							<width>105</width>
							<height>105</height>
							<aspectratio>keep</aspectratio>
							<texture>$VAR[StudioIconVar]</texture>
							<visible>ListItem.IsCollection</visible>
						</control>
						<control type="label">
							<left>110</left>
							<width>730</width>
							<height>68</height>
							<font>font15</font>
							<label>$INFO[ListItem.Label]</label>
							<animation effect="fade" start="100" end="70" time="300" tween="sine" easing="inout" condition="!Control.HasFocus(510)">Conditional</animation>
						</control>
						<control type="image">
							<left>866</left>
							<top>21</top>
							<width>58</width>
							<height>26</height>
							<aspectratio>keep</aspectratio>
							<texture>$VAR[UnFocusHDIndicator]</texture>
							<visible>Skin.HasSetting(noindicatorfanartlist) + !Skin.HasSetting(Enable.HideRatings)</visible>
							<animation effect="fade" start="100" end="60" time="300" tween="sine" easing="inout" condition="!Control.HasFocus(510)">Conditional</animation>
						</control>
						<control type="label">
							<left>365</left>
							<width>620</width>
							<height>68</height>
							<font>font15</font>
							<align>right</align>
							<label>$INFO[ListItem.Rating]</label>
							<visible>!Skin.HasSetting(Enable.HideRatings) + !ListItem.IsCollection</visible>
							<animation effect="fade" start="100" end="70" time="300" tween="sine" easing="inout" condition="!Control.HasFocus(510)">Conditional</animation>
						</control>
						<control type="image">
							<left>924</left>
							<top>21</top>
							<width>58</width>
							<height>26</height>
							<aspectratio>keep</aspectratio>
							<texture>$VAR[UnFocusHDIndicator]</texture>
							<visible>Skin.HasSetting(noindicatorfanartlist) + Skin.HasSetting(Enable.HideRatings)</visible>
							<animation effect="fade" start="100" end="60" time="300" tween="sine" easing="inout" condition="!Control.HasFocus(510)">Conditional</animation>
						</control>
						<include content="ListStatusIndicators">
							<param name="left">992</param>
							<param name="top">3</param>
						</include>
					</focusedlayout>
					<itemlayout height="70" width="1056" condition="Container.Content(sets)">
						<control type="label">
							<left>15</left>
							<width>980</width>
							<height>68</height>
							<font>font15</font>
							<textcolor>grey2</textcolor>
							<label>$INFO[ListItem.Label]</label>
						</control>
						<include content="ListStatusIndicators">
							<param name="left">992</param>
							<param name="top">3</param>
						</include>
					</itemlayout>
					<focusedlayout height="70" width="1056" condition="Container.Content(sets)">
						<control type="image">
							<width>1056</width>
							<height>70</height>
							<texture colordiffuse="$VAR[HighlightBarColor]" border="4">colors/white50.png</texture>
							<visible>Control.HasFocus(510)</visible>
							<include>VisibleFadeAnimation</include>
						</control>
						<control type="label">
							<left>15</left>
							<width>980</width>
							<height>68</height>
							<font>font15</font>
							<label>$INFO[ListItem.Label]</label>
							<animation effect="fade" start="100" end="70" time="300" tween="sine" easing="inout" condition="!Control.HasFocus(510)">Conditional</animation>
						</control>
						<include content="ListStatusIndicators">
							<param name="left">992</param>
							<param name="top">3</param>
						</include>
					</focusedlayout>
					<itemlayout height="70" width="1056" condition="Container.Content(tvshows)">
						<control type="label">
							<left>15</left>
							<width>90</width>
							<height>68</height>
							<font>font15</font>
							<textcolor>$VAR[ThemeLabelColor]</textcolor>
							<label fallback="• • • •">$INFO[ListItem.Year]</label>
							<visible>!ListItem.IsParentFolder</visible>
						</control>
						<control type="label">
							<left>110</left>
							<width>665</width>
							<height>68</height>
							<font>font15</font>
							<textcolor>grey2</textcolor>
							<label>$INFO[ListItem.Label]</label>
						</control>
						<control type="label">
							<left>365</left>
							<width>620</width>
							<height>68</height>
							<font>font15</font>
							<align>right</align>
							<textcolor>grey2</textcolor>
							<label>$INFO[ListItem.Rating]</label>
							<visible>!Skin.HasSetting(Enable.HideRatings)</visible>
						</control>
						<include content="ListStatusIndicators">
							<param name="left">992</param>
							<param name="top">3</param>
						</include>
					</itemlayout>
					<focusedlayout height="70" width="1056" condition="Container.Content(tvshows)">
						<control type="image">
							<width>1056</width>
							<height>70</height>
							<texture colordiffuse="$VAR[HighlightBarColor]" border="4">colors/white50.png</texture>
							<visible>Control.HasFocus(510)</visible>
							<include>VisibleFadeAnimation</include>
						</control>
						<control type="label">
							<left>15</left>
							<width>90</width>
							<height>68</height>
							<font>font15</font>
							<label fallback="• • • •">$INFO[ListItem.Year]</label>
							<animation effect="fade" start="100" end="70" time="300" tween="sine" easing="inout" condition="!Control.HasFocus(510)">Conditional</animation>
							<visible>!ListItem.IsParentFolder</visible>
						</control>
						<control type="label">
							<left>110</left>
							<width>565</width>
							<height>68</height>
							<font>font15</font>
							<label>$INFO[ListItem.Label]</label>
							<animation effect="fade" start="100" end="70" time="300" tween="sine" easing="inout" condition="!Control.HasFocus(510)">Conditional</animation>
						</control>
						<control type="label">
							<left>365</left>
							<width>620</width>
							<height>68</height>
							<font>font15</font>
							<align>right</align>
							<label>$INFO[ListItem.Rating]</label>
							<animation effect="fade" start="100" end="70" time="300" tween="sine" easing="inout" condition="!Control.HasFocus(510)">Conditional</animation>
							<visible>!Skin.HasSetting(Enable.HideRatings)</visible>
						</control>
						<include content="ListStatusIndicators">
							<param name="left">992</param>
							<param name="top">3</param>
						</include>
					</focusedlayout>
					<itemlayout height="70" width="1056" condition="Container.Content(episodes)">
						<control type="label">
							<width>850</width>
							<height>68</height>
							<font>font15</font>
							<textcolor>grey2</textcolor>
							<label>$INFO[ListItem.Label]</label>
							<textoffsetx>15</textoffsetx>
						</control>
						<control type="image">
							<left>866</left>
							<top>21</top>
							<width>58</width>
							<height>26</height>
							<aspectratio>keep</aspectratio>
							<texture>$VAR[UnFocusHDIndicator]</texture>
							<visible>Skin.HasSetting(noindicatorfanartlist)</visible>
							<colordiffuse>grey2</colordiffuse>
						</control>
						<control type="label">
							<left>165</left>
							<width>820</width>
							<height>68</height>
							<font>font15</font>
							<align>right</align>
							<textcolor>grey2</textcolor>
							<label>$INFO[ListItem.Rating]</label>
							<visible>!Skin.HasSetting(Enable.HideRatings)</visible>
						</control>
						<include content="ListStatusIndicators">
							<param name="left">992</param>
							<param name="top">3</param>
						</include>
					</itemlayout>
					<focusedlayout height="70" width="1056" condition="Container.Content(episodes)">
						<control type="image">
							<width>1056</width>
							<height>70</height>
							<texture colordiffuse="$VAR[HighlightBarColor]" border="4">colors/white50.png</texture>
							<visible>Control.HasFocus(510)</visible>
							<include>VisibleFadeAnimation</include>
						</control>
						<control type="label">
							<width>850</width>
							<height>68</height>
							<font>font15</font>
							<label>$INFO[ListItem.Label]</label>
							<textoffsetx>15</textoffsetx>
							<animation effect="fade" start="100" end="70" time="300" tween="sine" easing="inout" condition="!Control.HasFocus(510)">Conditional</animation>
						</control>
						<control type="image">
							<left>866</left>
							<top>21</top>
							<width>58</width>
							<height>26</height>
							<aspectratio>keep</aspectratio>
							<texture>$VAR[UnFocusHDIndicator]</texture>
							<visible>Skin.HasSetting(noindicatorfanartlist)</visible>
							<animation effect="fade" start="100" end="60" time="300" tween="sine" easing="inout" condition="!Control.HasFocus(510)">Conditional</animation>
						</control>
						<control type="label">
							<left>165</left>
							<width>820</width>
							<height>68</height>
							<font>font15</font>
							<align>right</align>
							<label>$INFO[ListItem.Rating]</label>
							<animation effect="fade" start="100" end="70" time="300" tween="sine" easing="inout" condition="!Control.HasFocus(510)">Conditional</animation>
							<visible>!Skin.HasSetting(Enable.HideRatings)</visible>
						</control>
						<include content="ListStatusIndicators">
							<param name="left">992</param>
							<param name="top">3</param>
						</include>
					</focusedlayout>
					<itemlayout height="70" width="1056" condition="Container.Content(seasons)">
						<control type="label">
							<left>15</left>
							<width>600</width>
							<height>68</height>
							<font>font15</font>
							<textcolor>grey2</textcolor>
							<label>$INFO[ListItem.Label]</label>
						</control>
						<control type="label">
							<left>350</left>
							<width>620</width>
							<height>68</height>
							<font>font15</font>
							<align>right</align>
							<textcolor>grey2</textcolor>
							<label>$INFO[ListItem.Property(TotalEpisodes),, $LOCALIZE[20453]]</label>
						</control>
						<include content="ListStatusIndicators">
							<param name="left">992</param>
							<param name="top">3</param>
						</include>
					</itemlayout>
					<focusedlayout height="70" width="1056" condition="Container.Content(seasons)">
						<control type="image">
							<width>1056</width>
							<height>70</height>
							<texture colordiffuse="$VAR[HighlightBarColor]" border="4">colors/white50.png</texture>
							<visible>Control.HasFocus(510)</visible>
							<include>VisibleFadeAnimation</include>
						</control>
						<control type="label">
							<left>15</left>
							<width>600</width>
							<height>68</height>
							<font>font15</font>
							<label>$INFO[ListItem.Label]</label>
							<animation effect="fade" start="100" end="70" time="300" tween="sine" easing="inout" condition="!Control.HasFocus(510)">Conditional</animation>
						</control>
						<control type="label">
							<left>350</left>
							<width>620</width>
							<height>68</height>
							<font>font15</font>
							<align>right</align>
							<label>$INFO[ListItem.Property(TotalEpisodes),, $LOCALIZE[20453]]</label>
							<animation effect="fade" start="100" end="70" time="300" tween="sine" easing="inout" condition="!Control.HasFocus(510)">Conditional</animation>
						</control>
						<include content="ListStatusIndicators">
							<param name="left">992</param>
							<param name="top">3</param>
						</include>
					</focusedlayout>
				</control>
				<control type="scrollbar" id="51060">
					<left>1044</left>
					<top>90</top>
					<width>14</width>
					<height>842</height>
					<onup>51060</onup>
					<ondown>51060</ondown>
					<onleft>50</onleft>
					<onright condition="Control.IsVisible(51062)">51062</onright>
					<onright condition="!Control.IsVisible(615)">4400</onright>
					<onright condition="Control.IsVisible(615) + !Control.IsVisible(51062)">615</onright>
					<texturesliderbackground>colors/black10.png</texturesliderbackground>
					<texturesliderbar>colors/white25.png</texturesliderbar>
					<texturesliderbarfocus colordiffuse="$VAR[ThemeLabelColor]">colors/white.png</texturesliderbarfocus>
					<showonepage>false</showonepage>
				</control>
			</control>
		</control>
	</include>
</includes>