<?xml version="1.0" encoding="UTF-8"?>
<includes>
	<!-- Video Episode -->
	<include name="VideoEpisode">
		<control type="group">
			<visible>Control.IsVisible(502) + !Window.IsActive(addoninformation)</visible>
			<include>ViewAnimation</include>
			<control type="image">
				<left>50</left>
				<top>900</top>
				<width>390</width>
				<height>164</height>
				<aspectratio aligny="bottom">keep</aspectratio>
				<texture background="true">$INFO[ListItem.Art(tvshow.clearlogo)]</texture>
				<animation effect="slide" end="1450" condition="Skin.HasSetting(alternatelayoutepisode)">Conditional</animation>
			</control>
			<control type="fixedlist" id="502">
				<left>100</left>
				<top>100</top>
				<width>1820</width>
				<height>880</height>
				<movement>3</movement>
				<focusposition>3</focusposition>
				<onleft>SetProperty(MediaMenu,True,Home)</onleft>
				<onleft>SetFocus(9050)</onleft>
				<onright>50260</onright>
				<onup>502</onup>
				<ondown>502</ondown>
				<pagecontrol>50260</pagecontrol>
				<viewtype label="$LOCALIZE[20359]">list</viewtype>
				<scrolltime tween="quadratic" easing="out">200</scrolltime>
				<visible>[!Skin.HasSetting(skinvariables.viewtypes) + Container.Content(episodes)] | Skin.HasSetting(skinvariables.viewtypes) + $EXP[Exp_View_502]</visible>
				<animation effect="slide" end="0,0" time="160" condition="Container(502).Row(0)">Conditional</animation>
				<animation effect="slide" end="0,0" time="160" condition="Container(502).Row(1)">Conditional</animation>
				<animation effect="slide" end="0,0" time="160" condition="Container(502).Row(2)">Conditional</animation>
				<animation effect="slide" end="0,0" time="160" condition="Container(502).Row(3)">Conditional</animation>
				<animation effect="slide" end="0,0" time="160" condition="Container(502).Row(4)">Conditional</animation>
				<animation effect="slide" end="0,0" time="160" condition="Container(502).Row(5)">Conditional</animation>
				<itemlayout height="100" width="1920" condition="Container.Content(episodes)">
					<control type="label">
						<left>920</left>
						<width>790</width>
						<height>70</height>
						<font>font30</font>
						<textcolor>white2</textcolor>
						<shadowcolor>shadow</shadowcolor>
						<align>right</align>
						<label>$INFO[ListItem.Label]</label>
						<visible>!Skin.HasSetting(alternatelayoutepisode)</visible>
					</control>
					<control type="label">
						<left>0</left>
						<width>790</width>
						<height>70</height>
						<font>font30</font>
						<textcolor>white2</textcolor>
						<shadowcolor>shadow</shadowcolor>
						<label>$INFO[ListItem.Label]</label>
						<visible>Skin.HasSetting(alternatelayoutepisode)</visible>
					</control>
					<control type="group">
						<animation effect="slide" end="-1825" condition="Skin.HasSetting(alternatelayoutepisode)">Conditional</animation>
						<include content="ListStatusIndicators">
							<param name="left">1743</param>
							<param name="top">5</param>
						</include>
					</control>
				</itemlayout>
				<focusedlayout height="275" width="1920" condition="Container.Content(episodes)">
					<control type="group">
						<animation effect="slide" end="-1268" condition="Skin.HasSetting(alternatelayoutepisode)">Conditional</animation>
						<control type="image">
							<left>1250</left>
							<top>-20</top>
							<width>484</width>
							<height>290</height>
							<aspectratio>scale</aspectratio>
							<texture background="true">$VAR[NoSpoilerIconVar]</texture>
							<fadetime>IconCrossfadeTime</fadetime>
							<bordertexture border="20">thumbs/thumb_shadow.png</bordertexture>
							<bordersize>20</bordersize>
						</control>
						<control type="image">
							<left>1270</left>
							<top>200</top>
							<width>444</width>
							<height>50</height>
							<texture>colors/black50.png</texture>
							<visible>!ListItem.IsParentFolder</visible>
						</control>
						<control type="label">
							<left>1271</left>
							<top>205</top>
							<width>444</width>
							<height>40</height>
							<align>right</align>
							<textoffsetx>10</textoffsetx>
							<textcolor>grey2</textcolor>
							<shadowcolor>shadow</shadowcolor>
							<label>$VAR[VideoListLabel2Var]</label>
							<font>font14</font>
						</control>
					</control>
					<control type="group">
						<animation effect="fade" start="100" end="70" time="300" tween="sine" easing="inout" condition="!Control.HasFocus(502)">Conditional</animation>
						<control type="group">
							<visible>!Skin.HasSetting(alternatelayoutepisode)</visible>
							<control type="label">
								<top>-15</top>
								<width>1220</width>
								<height>70</height>
								<font>font30</font>
								<textcolor>white2</textcolor>
								<shadowcolor>shadow</shadowcolor>
								<align>right</align>
								<label>$INFO[ListItem.Label]</label>
							</control>
							<control type="textbox">
								<label>$VAR[VideoPlotVar]</label>
								<top>70</top>
								<right>700</right>
								<width>900</width>
								<height>180</height>
								<align>right</align>
								<textcolor>white2</textcolor>
								<shadowcolor>shadow</shadowcolor>
								<autoscroll time="3000" delay="4000" repeat="5000">Skin.HasSetting(Enable.AutoScroll)</autoscroll>
							</control>
						</control>
						<control type="group">
							<visible>Skin.HasSetting(alternatelayoutepisode)</visible>
							<control type="label">
								<top>-15</top>
								<left>480</left>
								<width>1220</width>
								<height>70</height>
								<font>font30</font>
								<textcolor>white2</textcolor>
								<shadowcolor>shadow</shadowcolor>
								<label>$INFO[ListItem.Label]</label>
							</control>
							<control type="textbox">
								<label>$VAR[VideoPlotVar]</label>
								<top>70</top>
								<left>480</left>
								<width>900</width>
								<height>180</height>
								<textcolor>white2</textcolor>
								<shadowcolor>shadow</shadowcolor>
								<autoscroll time="3000" delay="4000" repeat="5000">Skin.HasSetting(Enable.AutoScroll)</autoscroll>
							</control>
						</control>
					</control>
					<control type="group">
						<animation effect="slide" end="-1825" condition="Skin.HasSetting(alternatelayoutepisode)">Conditional</animation>
						<include content="ListStatusIndicators">
							<param name="left">1743</param>
							<param name="top">5</param>
						</include>
					</control>
				</focusedlayout>
			</control>
			<control type="scrollbar" id="50260">
				<left>1906</left>
				<top>180</top>
				<width>14</width>
				<height>780</height>
				<onup>50260</onup>
				<ondown>50260</ondown>
				<onleft>502</onleft>
				<onright>SetProperty(MediaMenu,True,Home)</onright>
				<onright>SetFocus(9050)</onright>
				<texturesliderbackground />
				<texturesliderbar colordiffuse="80FFFFFF" border="1">scrollbar/texturesliderbar2.png</texturesliderbar>
				<texturesliderbarfocus border="1">scrollbar/texturesliderbar2.png</texturesliderbarfocus>
				<showonepage>false</showonepage>
				<animation effect="fade" start="100" end="0" time="500" delay="500" condition="!Control.HasFocus(50260) + !Container.Scrolling">Conditional</animation>
			</control>
		</control>
	</include>
</includes>