<?xml version="1.0" encoding="UTF-8"?>
<includes>
	<!-- Wall -->
	<include name="View_503_Wall">
		<control type="group">
			<visible>Control.IsVisible(503) + !Window.IsActive(addoninformation)</visible>
			<include>ViewAnimation</include>
			<control type="panel" id="503">
				<width>100%</width>
				<height>1080</height>
				<onleft>SetProperty(MediaMenu,True,Home)</onleft>
				<onleft>SetFocus(9050)</onleft>
				<onright>50360</onright>
				<onup>503</onup>
				<ondown>503</ondown>
				<viewtype label="$LOCALIZE[31245]">icon</viewtype>
				<pagecontrol>50360</pagecontrol>
				<preloaditems>2</preloaditems>
				<scrolltime tween="quadratic">400</scrolltime>
				<visible>!Skin.HasSetting(skinvariables.viewtypes) + [Container.Content(movies) | Container.Content(sets) | Container.Content(tvshows) | Container.Content(seasons) | Container.Content(addons) | Container.Content(files)] | Window.IsActive(music) + [Container.Content(artists) | Container.Content(albums) | Container.Content(genres)] | !Window.IsActive(music) + Skin.HasSetting(skinvariables.viewtypes) + $EXP[Exp_View_503]</visible>
				<itemlayout width="892" height="185" condition="[Container.Content(movies) | Container.Content(sets)] + Skin.HasSetting(Enable.Wall.MovieBanners) | Container.Content(tvshows) + Skin.HasSetting(Enable.Wall.TVBanners)">
					<control type="group">
						<left>70.5</left>
						<top>50</top>
						<control type="image">
							<width>888</width>
							<height>175</height>
							<texture border="8" background="true">$VAR[BannerThumb]</texture>
							<bordersize>8</bordersize>
							<bordertexture border="8" infill="false">colors/black.png</bordertexture>
							<visible>!String.IsEmpty(ListItem.Art(banner)) | String.IsEmpty(ListItem.Art(fanart))</visible>
						</control>
						<control type="group">
							<visible>String.IsEmpty(ListItem.Art(banner))</visible>
							<control type="image">
								<width>888</width>
								<height>175</height>
								<aspectratio>scale</aspectratio>
								<fadetime>300</fadetime>
								<texture border="8" background="true">$INFO[ListItem.Art(fanart)]</texture>
								<bordersize>8</bordersize>
								<bordertexture border="8" infill="false">colors/black.png</bordertexture>
							</control>
							<control type="image">
								<top>10</top>
								<left>9</left>
								<width>470</width>
								<height>161</height>
								<aspectratio>keep</aspectratio>
								<texture background="true">$INFO[ListItem.Art(clearlogo)]</texture>
								<fadetime>300</fadetime>
							</control>
						</control>
						<control type="image">
							<width>888</width>
							<height>175</height>
							<texture>colors/black25.png</texture>
							<bordersize>8</bordersize>
						</control>
						<include content="PosterStatusOverlay">
							<param name="left">840</param>
							<param name="top">8</param>
							<param name="size">40</param>
							<param name="visible">!String.IsEmpty(Skin.String(503.Movies.DisableOverlay)) + [Container.Content(movies) | Container.Content(sets)] | [!String.IsEmpty(Skin.String(503.TV.DisableOverlay)) + Container.Content(tvshows)]</param>
						</include>
					</control>
				</itemlayout>
				<focusedlayout width="892" height="185" condition="[Container.Content(movies) | Container.Content(sets)] + Skin.HasSetting(Enable.Wall.MovieBanners) | Container.Content(tvshows) + Skin.HasSetting(Enable.Wall.TVBanners)">
					<control type="group">
						<left>70.5</left>
						<top>50</top>
						<control type="group">
							<visible>!String.IsEmpty(ListItem.Art(banner)) | String.IsEmpty(ListItem.Art(fanart))</visible>
							<control type="image">
								<width>888</width>
								<height>175</height>
								<texture border="8" background="true">$VAR[BannerThumb]</texture>
								<bordersize>8</bordersize>
								<bordertexture border="8" infill="false" colordiffuse="$VAR[HighlightBarColor]">colors/white.png</bordertexture>
							</control>
						</control>
						<control type="group">
							<visible>String.IsEmpty(ListItem.Art(banner))</visible>
							<control type="image">
								<width>888</width>
								<height>175</height>
								<aspectratio>scale</aspectratio>
								<fadetime>300</fadetime>
								<texture border="8" background="true">$INFO[ListItem.Art(fanart)]</texture>
								<bordersize>8</bordersize>
								<bordertexture border="8" infill="false" colordiffuse="$VAR[HighlightBarColor]">colors/white.png</bordertexture>
							</control>
							<control type="image">
								<top>10</top>
								<left>9</left>
								<width>470</width>
								<height>161</height>
								<aspectratio>keep</aspectratio>
								<texture background="true">$INFO[ListItem.Art(clearlogo)]</texture>
							</control>
						</control>
						<include content="PosterStatusOverlay">
							<param name="left">840</param>
							<param name="top">8</param>
							<param name="size">40</param>
							<param name="visible">!String.IsEmpty(Skin.String(503.Movies.DisableOverlay)) + [Container.Content(movies) | Container.Content(sets)] | [!String.IsEmpty(Skin.String(503.TV.DisableOverlay)) + Container.Content(tvshows)]</param>
						</include>
					</control>
				</focusedlayout>
				<itemlayout width="320" height="320" condition="Window.IsActive(music) + Container.Content(genres)">
					<control type="group">
						<top>60</top>
						<control type="image">
							<width>320</width>
							<height>320</height>
							<aspectratio scalediffuse="false">scale</aspectratio>
							<texture background="true" fallback="special://skin/extras/musicgenres/Default.jpg">$VAR[MusicGenreIconsPathVar]$INFO[ListItem.Label,,.jpg]</texture>
							<bordertexture border="20">thumbs/thumb_shadow.png</bordertexture>
							<bordersize>20</bordersize>
						</control>
						<control type="image">
							<width>320</width>
							<height>320</height>
							<texture>colors/black25.png</texture>
							<bordersize>20</bordersize>
						</control>
						<control type="group">
							<left>18</left>
							<top>262</top>
							<visible>Skin.HasSetting(Enable.Wall.GenreLabels)</visible>
							<control type="image">
								<width>284</width>
								<height>40</height>
								<texture>colors/black50.png</texture>
								<bordersize>2</bordersize>
							</control>
							<control type="label">
								<width>285</width>
								<height>35</height>
								<align>center</align>
								<textoffsetx>10</textoffsetx>
								<textcolor>grey2</textcolor>
								<label>$INFO[ListItem.Label]</label>
							</control>
						</control>
					</control>
				</itemlayout>
				<focusedlayout width="320" height="320" condition="Window.IsActive(music) + Container.Content(genres)">
					<control type="group">
						<top>60</top>
						<control type="image">
							<width>320</width>
							<height>320</height>
							<aspectratio scalediffuse="false">scale</aspectratio>
							<texture background="true" fallback="special://skin/extras/musicgenres/Default.jpg">$VAR[MusicGenreIconsPathVar]$INFO[ListItem.Label,,.jpg]</texture>
							<bordertexture border="20">thumbs/thumb_shadow.png</bordertexture>
							<bordersize>20</bordersize>
						</control>
						<control type="image">
							<top>4</top>
							<left>4</left>
							<width>312</width>
							<height>312</height>
							<texture border="8" infill="false" colordiffuse="$VAR[HighlightBarColor]">colors/white.png</texture>
							<bordersize>8</bordersize>
							<animation effect="fade" start="100" end="0" time="150" reversible="false">UnFocus</animation>
							<animation effect="fade" start="0" end="100" time="150" reversible="false">Focus</animation>
						</control>
						<control type="group">
							<left>18</left>
							<top>262</top>
							<visible>Skin.HasSetting(Enable.Wall.GenreLabels)</visible>
							<control type="image">
								<width>284</width>
								<height>40</height>
								<texture>colors/black50.png</texture>
								<bordersize>2</bordersize>
							</control>
							<control type="label">
								<width>285</width>
								<height>35</height>
								<align>center</align>
								<textoffsetx>10</textoffsetx>
								<textcolor>grey2</textcolor>
								<label>$INFO[ListItem.Label]</label>
							</control>
						</control>
					</control>
				</focusedlayout>
				<itemlayout width="320" height="320" condition="[Container.Content(artists) | Container.Content(albums) | Container.Content(addons) | Container.Content(files)]">
					<control type="group">
						<top>60</top>
						<control type="image">
							<width>320</width>
							<height>320</height>
							<aspectratio scalediffuse="false">scale</aspectratio>
							<texture background="true">$VAR[PosterThumbVar]</texture>
							<bordertexture border="20">thumbs/thumb_shadow.png</bordertexture>
							<bordersize>20</bordersize>
						</control>
						<control type="image">
							<left>200</left>
							<top>19</top>
							<width>100</width>
							<height>100</height>
							<texture>overlays/addons/enabled.png</texture>
							<aspectratio align="center" aligny="top">keep</aspectratio>
							<visible>String.IsEqual(ListItem.Label2,$LOCALIZE[449])</visible>
							<bordersize>1</bordersize>
						</control>
						<control type="image">
							<width>320</width>
							<height>320</height>
							<texture>colors/black25.png</texture>
							<bordersize>20</bordersize>
						</control>
						<control type="group">
							<left>18</left>
							<top>262</top>
							<visible>Container.Content(artists) | Container.Content(files)</visible>
							<control type="image">
								<width>284</width>
								<height>40</height>
								<texture>colors/black50.png</texture>
								<bordersize>2</bordersize>
							</control>
							<control type="label">
								<width>285</width>
								<height>35</height>
								<align>center</align>
								<textoffsetx>10</textoffsetx>
								<textcolor>grey2</textcolor>
								<label>$INFO[ListItem.Label]</label>
							</control>
						</control>
					</control>
				</itemlayout>
				<focusedlayout width="320" height="320" condition="[Container.Content(artists) | Container.Content(albums) | Container.Content(addons) | Container.Content(files)]">
					<control type="group">
						<top>60</top>
						<control type="image">
							<width>320</width>
							<height>320</height>
							<aspectratio scalediffuse="false">scale</aspectratio>
							<texture background="true">$VAR[PosterThumbVar]</texture>
							<bordertexture border="20">thumbs/thumb_shadow.png</bordertexture>
							<bordersize>20</bordersize>
						</control>
						<control type="image">
							<top>4</top>
							<left>4</left>
							<width>312</width>
							<height>312</height>
							<texture border="8" infill="false" colordiffuse="$VAR[HighlightBarColor]">colors/white.png</texture>
							<bordersize>8</bordersize>
							<animation effect="fade" start="100" end="0" time="150" reversible="false">UnFocus</animation>
							<animation effect="fade" start="0" end="100" time="150" reversible="false">Focus</animation>
						</control>
						<control type="image">
							<left>200</left>
							<top>19</top>
							<width>100</width>
							<height>100</height>
							<texture>overlays/addons/enabled.png</texture>
							<aspectratio align="center" aligny="top">keep</aspectratio>
							<visible>String.IsEqual(ListItem.Label2,$LOCALIZE[449])</visible>
							<bordersize>1</bordersize>
						</control>
						<control type="group">
							<left>18</left>
							<top>262</top>
							<visible>Container.Content(artists) | Container.Content(files)</visible>
							<control type="image">
								<width>284</width>
								<height>40</height>
								<texture>colors/black50.png</texture>
								<bordersize>2</bordersize>
							</control>
							<control type="label">
								<width>285</width>
								<height>35</height>
								<align>center</align>
								<textoffsetx>10</textoffsetx>
								<textcolor>grey2</textcolor>
								<label>$INFO[ListItem.Label]</label>
							</control>
						</control>
					</control>
				</focusedlayout>
				<itemlayout width="320" height="440" condition="[Container.Content(movies) | Container.Content(sets)] + !Skin.HasSetting(Enable.Wall.MovieBanners) | [Container.Content(tvshows) + !Skin.HasSetting(Enable.Wall.TVBanners)] | Container.Content(seasons)">
					<control type="group">
						<left>11</left>
						<top>60</top>
						<control type="image">
							<width>300</width>
							<height>430</height>
							<texture background="true">$VAR[PosterThumbVar]</texture>
							<bordertexture border="20">thumbs/thumb_shadow.png</bordertexture>
							<bordersize>20</bordersize>
						</control>
						<include content="PosterStatusOverlay">
							<param name="left">240</param>
							<param name="top">20</param>
							<param name="size">40</param>
							<param name="visible">!String.IsEmpty(Skin.String(503.Movies.DisableOverlay)) + [Container.Content(movies) | Container.Content(sets)] | [!String.IsEmpty(Skin.String(503.TV.DisableOverlay)) + Container.Content(tvshows)] | [!String.IsEmpty(Skin.String(503.Seasons.DisableOverlay)) + Container.Content(seasons)]</param>
						</include>
						<include condition="Skin.HasSetting(Disable.UnwatchedIcon)" content="UnwatchedEpisodeOverlay">
							<param name="left">20</param>
							<param name="top">20</param>
						</include>
						<control type="image">
							<width>300</width>
							<height>430</height>
							<texture>colors/black25.png</texture>
							<bordersize>20</bordersize>
						</control>
						<control type="image">
							<left>-33</left>
							<top>-20</top>
							<width>333</width>
							<height>455</height>
							<texture background="true" colordiffuse="CCFFFFFF">$VAR[CaseTypePathVar]$VAR[GlobalCaseVar]</texture>
							<visible>[Skin.HasSetting(Enable.Wall.Cases) + !Container.Content(sets)] | [Skin.HasSetting(Enable.Wall.SetCases) + Container.Content(sets)]</visible>
						</control>
					</control>
				</itemlayout>
				<focusedlayout width="320" height="440" condition="[Container.Content(movies) | Container.Content(sets)] + !Skin.HasSetting(Enable.Wall.MovieBanners) | [Container.Content(tvshows) + !Skin.HasSetting(Enable.Wall.TVBanners)] | Container.Content(seasons)">
					<control type="group">
						<left>11</left>
						<top>60</top>
						<animation effect="zoom" center="160,310" start="100" end="110" time="420" tween="back" reversible="false">Focus</animation>
						<control type="image">
							<width>300</width>
							<height>430</height>
							<texture background="true">$VAR[PosterThumbVar]</texture>
							<bordertexture border="20">thumbs/thumb_shadow.png</bordertexture>
							<bordersize>20</bordersize>
						</control>
						<include content="PosterStatusOverlay">
							<param name="left">240</param>
							<param name="top">20</param>
							<param name="size">40</param>
							<param name="visible">!String.IsEmpty(Skin.String(503.Movies.DisableOverlay)) + [Container.Content(movies) | Container.Content(sets)] | [!String.IsEmpty(Skin.String(503.TV.DisableOverlay)) + Container.Content(tvshows)] | [!String.IsEmpty(Skin.String(503.Seasons.DisableOverlay)) + Container.Content(seasons)]</param>
						</include>
						<include condition="Skin.HasSetting(Disable.UnwatchedIcon)" content="UnwatchedEpisodeOverlay">
							<param name="left">20</param>
							<param name="top">20</param>
						</include>
						<control type="image">
							<left>-33</left>
							<top>-20</top>
							<width>333</width>
							<height>455</height>
							<texture background="true">$VAR[CaseTypePathVar]$VAR[GlobalCaseVar]</texture>
							<visible>[Skin.HasSetting(Enable.Wall.Cases) + !Container.Content(sets)] | [Skin.HasSetting(Enable.Wall.SetCases) + Container.Content(sets)]</visible>
						</control>
					</control>
				</focusedlayout>
			</control>
			<control type="scrollbar" id="50360">
				<left>1908</left>
				<top>100</top>
				<width>12</width>
				<height>832</height>
				<onup>50360</onup>
				<ondown>50360</ondown>
				<onleft>50</onleft>
				<onright condition="!Control.IsVisible(615)">SetProperty(MediaMenu,True,Home)</onright>
				<onright condition="!Control.IsVisible(615)">SetFocus(9050)</onright>
				<onright condition="Control.IsVisible(615)">SetFocus(615)</onright>
				<texturesliderbackground colordiffuse="1AFFFFFF">colors/white50.png</texturesliderbackground>
				<texturesliderbar colordiffuse="1AFFFFFF">colors/white.png</texturesliderbar>
				<texturesliderbarfocus colordiffuse="$VAR[ThemeLabelColor]">colors/white.png</texturesliderbarfocus>
				<showonepage>false</showonepage>
			</control>
		</control>
		<control type="group">
			<visible>Control.IsVisible(503) + !Window.IsActive(addoninformation)</visible>
			<animation effect="fade" time="300">WindowOpen</animation>
			<animation effect="fade" time="300">WindowClose</animation>
			<control type="image">
				<width>100%</width>
				<height>120</height>
				<texture border="1">views/wall/bottom_shadow.png</texture>
			</control>
			<control type="image">
				<top>920</top>
				<width>100%</width>
				<height>160</height>
				<texture border="1" flipy="true">views/wall/bottom_shadow.png</texture>
				<visible>Container.Content(albums) | Container.Content(addons) | [Window.IsActive(music) + Container.Content(files)]</visible>
			</control>
			<control type="image">
				<top>540</top>
				<width>100%</width>
				<height>540</height>
				<texture colordiffuse="CCFFFFFF">logo_back.png</texture>
				<visible>Container.Content(movies) | Container.Content(sets) | Container.Content(tvshows) | Container.Content(seasons)</visible>
			</control>
		</control>
		<control type="group">
			<left>300</left>
			<top>60</top>
			<visible>!ListItem.IsParentFolder</visible>
			<visible>[Container.Content(movies) | Container.Content(tvshows)]</visible>
			<visible>Skin.HasSetting(503.InfoPanel) + Control.HasFocus(503) + System.IdleTime(1)</visible>
			<animation effect="fade" time="100" delay="200">Visible</animation>
			<animation effect="slide" end="0,440" time="300" tween="cubic" easing="inout" condition="Container(503).Row(1)">Conditional</animation>
			<animation effect="slide" end="320,0" time="300" tween="cubic" easing="inout" condition="Container(503).Column(3)">Conditional</animation>
			<animation effect="slide" end="320,0" time="300" tween="cubic" easing="inout" condition="Container(503).Column(5) | Container(503).Column(3) | Container(503).Column(2)">Conditional</animation>
			<animation effect="slide" end="320,0" time="300" tween="cubic" easing="inout" condition="Container(503).Column(5) | Container(503).Column(4) | Container(503).Column(3) | Container(503).Column(2) | Container(503).Column(1)">Conditional</animation>
			<include content="BackPanel">
				<param name="left">21</param>
				<param name="top">-8</param>
				<param name="width">616</param>
				<param name="height">436</param>
				<param name="texture">colors/black90.png</param>
			</include>
			<control type="label">
				<left>50</left>
				<top>20</top>
				<width>550</width>
				<height>20</height>
				<font>font15</font>
				<textcolor>grey</textcolor>
				<label>$INFO[ListItem.Label]$INFO[ListItem.Year, (,)]</label>
			</control>
			<control type="image">
				<left>50</left>
				<top>46</top>
				<width>180</width>
				<height>70</height>
				<aspectratio>keep</aspectratio>
				<colordiffuse>$VAR[ThemeLabelColor]</colordiffuse>
				<texture fallback="flags/rating/0.0.png">$INFO[ListItem.Rating,flags/rating/,.png]</texture>
				<visible>String.IsEmpty(ListItem.UserRating)</visible>
			</control>
			<control type="image">
				<left>50</left>
				<top>46</top>
				<width>180</width>
				<height>70</height>
				<aspectratio>keep</aspectratio>
				<colordiffuse>$VAR[ThemeLabelColor]</colordiffuse>
				<texture>$INFO[ListItem.UserRating,flags/rating/,.png]</texture>
				<visible>!String.IsEmpty(ListItem.UserRating)</visible>
			</control>
			<control type="textbox">
				<left>50</left>
				<top>110</top>
				<width>550</width>
				<height>210</height>
				<font>font15</font>
				<textcolor>grey</textcolor>
				<label>$VAR[503.InfoPanelTextboxVar]</label>
				<autoscroll time="3000" delay="4000" repeat="5000">Skin.HasSetting(Enable.AutoScroll) + !Control.HasFocus(63)</autoscroll>
			</control>
			<control type="label">
				<left>50</left>
				<top>330</top>
				<width>550</width>
				<height>20</height>
				<font>font15</font>
				<textcolor>$VAR[ThemeLabelColor]</textcolor>
				<label>$VAR[DurationVar]$INFO[ListItem.EndTimeResume, • $LOCALIZE[31393]: ]</label>
				<visible>!ListItem.IsCollection + Skin.HasSetting(Disable.Wall.MovieInfo)</visible>
			</control>
			<control type="label">
				<left>50</left>
				<top>330</top>
				<width>550</width>
				<height>20</height>
				<font>font15</font>
				<textcolor>$VAR[ThemeLabelColor]</textcolor>
				<label>$INFO[Container(4500).NumItems,, $LOCALIZE[20342]]</label>
				<visible>ListItem.IsCollection</visible>
			</control>
			<control type="label">
				<left>50</left>
				<top>375</top>
				<width>550</width>
				<height>20</height>
				<font>font15</font>
				<textcolor>grey</textcolor>
				<label>$VAR[503.InfoPanelLabel2Var]</label>
			</control>
		</control>
	</include>
</includes>