<?xml version="1.0" encoding="UTF-8"?>
<window type="dialog" id="1103">
	<defaultcontrol always="true">450</defaultcontrol>

	<coordinates>
		<system>1</system>
		<origin x="311" y="122.5">true</origin>
	</coordinates>

	<controls>
		<control type="group">
			<depth>DepthDialog</depth>
			<include>DialogOpenCloseAnim</include>
			
			<include content="DialogWithCloseBtnLabel">
				<param name="width" value="670"/>
				<param name="height" value="475" />
				<param name="left" value="610" />
				<param name="labelwidth" value="590" />
				<param name="label" value="$LOCALIZE[31606]" />
			</include>

			<control type="group">
				<left>DialogMarginOffsetX</left>
				<top>DialogMarginOffsetY</top>

				<control type="image">
					<description>Divider</description>
					<left>250</left>
					<width>100</width>
					<height>360</height>
					<texture border="5">controls/button-nofocus.png</texture>
				</control>

				<control type="image">
					<description>Preview</description>
					<left>255</left>
					<top>30</top>
					<width>90</width>
					<height>90</height>
					<aspectratio>keep</aspectratio>
					<texture background="true">$INFO[Container(450).ListItem.Icon]</texture>
					<fadetime>IconCrossfadeTime</fadetime>
					<include>ControlsOpenCloseAnim</include>
				</control>

				<control type="list" id="450">
					<description>Left List</description>
					<left>5</left>
					<top>22</top>
					<width>235</width>
					<height>315</height>
					<pagecontrol />
					<scrolltime tween="sine" easing="inout">300</scrolltime>
					<onup>450</onup>
					<ondown>450</ondown>
					<onright condition="!Container(450).HasFocus(13)">Control.SetFocus(451,0)</onright>
					<onright condition="!Container(450).HasFocus(13)">451</onright>
					<onleft condition="[Control.IsVisible(151) | Control.IsVisible(152)]">150</onleft>
					<onleft condition="![Control.IsVisible(151) | Control.IsVisible(152)]">9001</onleft>
					<itemlayout height="35">
						<control type="label">
							<left>10</left>
							<width>218</width>
							<height>35</height>
							<font>ButtonFont2</font>
							<textcolor>ButtonColor</textcolor>
							<aligny>center</aligny>
							<info>ListItem.Label</info>
						</control>
					</itemlayout>
					<focusedlayout height="35">
						<control type="image">
							<width>235</width>
							<height>35</height>
							<texture border="4">views/list-focus.png</texture>
							<visible>Control.HasFocus(450)</visible>
							<include>ListViewSelectFadeAnim</include>
							<include condition="![Skin.String(LowCPUPowerMode,Animations) | Skin.String(LowCPUPowerMode,Full)]">ListViewDialogScrollAnim</include>
						</control>
						<control type="image">
							<width>235</width>
							<height>35</height>
							<texture border="4">views/list-alt-focus.png</texture>
							<visible>!Control.HasFocus(450)</visible>
							<include>ListViewSelectFadeAnim2</include>
						</control>
						<control type="label">
							<left>10</left>
							<width>218</width>
							<height>35</height>
							<font>ButtonFont2</font>
							<textcolor>ButtonFocusColor</textcolor>
							<aligny>center</aligny>
							<info>ListItem.Label</info>
						</control>
					</focusedlayout>
					<content>
						<item id="1">
							<description>Music</description>
							<label>$LOCALIZE[2]</label>
							<icon>home-music-icon.png</icon>
						</item>
						<item id="2">
							<description>PVR TV</description>
							<label>$LOCALIZE[19020]</label>
							<icon>home-pvr-icon.png</icon>
							<visible>Pvr.HasTVChannels</visible>
						</item>
						<item id="3">
							<description>PVR Radio</description>
							<label>$LOCALIZE[19021]</label>
							<icon>home-radio-icon.png</icon>
							<visible>Pvr.HasRadioChannels</visible>
						</item>
						<item id="4">
							<description>Videos</description>
							<label>$LOCALIZE[3]</label>
							<icon>home-videos-icon.png</icon>
						</item>
						<item id="5">
							<description>Movies</description>
							<label>$LOCALIZE[20342]</label>
							<icon>home-movies-icon.png</icon>
						</item>
						<item id="6">
							<description>TV Shows</description>
							<label>$LOCALIZE[20343]</label>
							<icon>home-tvshows-icon.png</icon>
						</item>
						<item id="7">
							<description>Music Videos</description>
							<label>$LOCALIZE[20389]</label>
							<icon>home-music-icon.png</icon>
						</item>
						<item id="8">
							<description>Programs</description>
							<label>$LOCALIZE[0]</label>
							<icon>home-programs-icon.png</icon>
						</item>
						<item id="15">
							<description>Games</description>
							<label>$LOCALIZE[15016]</label>
							<icon>home-games-icon.png</icon>
						</item>
						<item id="9">
							<description>Pictures</description>
							<label>$LOCALIZE[1]</label>
							<icon>home-pictures-icon.png</icon>
						</item>
						<item id="14">
							<description>Weather</description>
							<label>$LOCALIZE[8]</label>
							<icon>home-weather-icon.png</icon>
						</item>
						<item id="10">
							<description>General</description>
							<label>$LOCALIZE[128]</label>
							<icon>home-general-icon.png</icon>
						</item>
						<item id="11">
							<description>Settings</description>
							<label>$LOCALIZE[10004]</label>
							<icon>home-system-icon.png</icon>
						</item>
						<item id="12">
							<description>System</description>
							<label>$LOCALIZE[13000]</label>
							<icon>home-system-icon.png</icon>
						</item>
						<item id="13">
							<description>Enter Custom Action</description>
							<label>$LOCALIZE[31611]</label>
							<icon>home-programs-icon.png</icon>
							<onclick>Skin.Reset(DialogPresetsItem)</onclick>
							<onclick>Dialog.Close(1103)</onclick>
							<onclick>Skin.SetString(DialogPresetsItem)</onclick>
							<onclick>Skin.SetString($INFO[Skin.String(CustomBtnPresetsParam)],$INFO[Skin.String(DialogPresetsItem)])</onclick>
						</item>
					</content>
				</control>

				<control type="list" id="451">
					<description>Right List</description>
					<left>360</left>
					<top>22</top>
					<width>235</width>
					<height>315</height>
					<pagecontrol />
					<scrolltime tween="sine" easing="inout">300</scrolltime>
					<onup>451</onup>
					<ondown>451</ondown>
					<onleft>Control.SetFocus(451,0)</onleft>
					<onleft>450</onleft>
					<onright condition="[Control.IsVisible(251) | Control.IsVisible(252)]">250</onright>
					<onright condition="![Control.IsVisible(251) | Control.IsVisible(252)]">9001</onright>
					<itemlayout height="35">
						<control type="label">
							<left>10</left>
							<width>218</width>
							<height>35</height>
							<font>ButtonFont2</font>
							<textcolor>ButtonColor</textcolor>
							<aligny>center</aligny>
							<info>ListItem.Label</info>
						</control>
					</itemlayout>
					<focusedlayout height="35">
						<control type="image">
							<width>235</width>
							<height>35</height>
							<texture border="4">views/list-focus.png</texture>
							<visible>Control.HasFocus(451)</visible>
							<include>ListViewSelectFadeAnim</include>
							<animation type="Focus" condition="Container(451).OnNext + ![Skin.String(LowCPUPowerMode,Animations) | Skin.String(LowCPUPowerMode,Full)]" reversible="false">
								<effect type="Fade" start="40" end="100" time="500" tween="back" easing="in"/>
								<effect type="slide" start="0,-35" time="200" tween="sine" easing="out"/>
							</animation>
							<animation type="Focus" condition="Container(451).OnPrevious + ![Skin.String(LowCPUPowerMode,Animations) | Skin.String(LowCPUPowerMode,Full)]" reversible="false">
								<effect type="Fade" start="40" end="100" time="500" tween="back" easing="in"/>
								<effect type="slide" start="0,35" time="200" tween="sine" easing="out"/>
							</animation>
						</control>
						<control type="label">
							<left>10</left>
							<width>218</width>
							<height>35</height>
							<font>ButtonFont2</font>
							<textcolor>ButtonFocusColor</textcolor>
							<aligny>center</aligny>
							<info>ListItem.Label</info>
							<scroll>true</scroll>
						</control>
					</focusedlayout>
					<content>
						<item id="1">
							<description>Music Files</description>
							<label>$LOCALIZE[1214]</label>
							<onclick>Skin.SetString($INFO[Skin.String(CustomBtnPresetsParam)],ActivateWindow(Music,Files,Return))</onclick>
							<onclick>Dialog.Close(1103)</onclick>
							<visible>Container(450).HasFocus(1)</visible>
						</item>
						<item id="2">
							<description>Music Files (Root)</description>
							<label>$LOCALIZE[1214] ($LOCALIZE[20108])</label>
							<onclick>Skin.SetString($INFO[Skin.String(CustomBtnPresetsParam)],ActivateWindow(Music,Root))</onclick>
							<onclick>Dialog.Close(1103)</onclick>
							<visible>Container(450).HasFocus(1)</visible>
						</item>
						<item id="3">
							<description>Music Library</description>
							<label>$LOCALIZE[14022]</label>
							<onclick>Skin.SetString($INFO[Skin.String(CustomBtnPresetsParam)],ActivateWindow(Music,Return))</onclick>
							<onclick>Dialog.Close(1103)</onclick>
							<visible>Container(450).HasFocus(1)</visible>
						</item>
						<item id="4">
							<description>Music Library (Root)</description>
							<label>$LOCALIZE[14022] ($LOCALIZE[20108])</label>
							<onclick>Skin.SetString($INFO[Skin.String(CustomBtnPresetsParam)],ActivateWindow(Music,root))</onclick>
							<onclick>Dialog.Close(1103)</onclick>
							<visible>Container(450).HasFocus(1)</visible>
						</item>
						<item id="5">
							<description>Update Library</description>
							<label>$LOCALIZE[653]</label>
							<onclick>Skin.SetString($INFO[Skin.String(CustomBtnPresetsParam)],UpdateLibrary(Music))</onclick>
							<onclick>Dialog.Close(1103)</onclick>
							<visible>Container(450).HasFocus(1)</visible>
						</item>
						<item id="118">
							<description>Clean Library</description>
							<label>$LOCALIZE[14247] ($LOCALIZE[2])</label>
							<onclick>Skin.SetString($INFO[Skin.String(CustomBtnPresetsParam)],CleanLibrary(music))</onclick>
							<onclick>Dialog.Close(1103)</onclick>
							<visible>Container(450).HasFocus(1)</visible>
						</item>
						<item id="153">
							<description>Play CD</description>
							<label>$LOCALIZE[31497]</label>
							<onclick>Skin.SetString($INFO[Skin.String(CustomBtnPresetsParam)],PlayDisc(CD))</onclick>
							<onclick>Dialog.Close(1103)</onclick>
							<visible>Container(450).HasFocus(1)</visible>
						</item>
						<item id="154">
							<description>Rip CD</description>
							<label>$LOCALIZE[600]</label>
							<onclick>Skin.SetString($INFO[Skin.String(CustomBtnPresetsParam)],RipCD)</onclick>
							<onclick>Dialog.Close(1103)</onclick>
							<visible>Container(450).HasFocus(1)</visible>
						</item>
						<item id="6">
							<description>Genres</description>
							<label>$LOCALIZE[135]</label>
							<onclick>Skin.SetString($INFO[Skin.String(CustomBtnPresetsParam)],ActivateWindow(Music,musicdb://genres/,Return))</onclick>
							<onclick>Dialog.Close(1103)</onclick>
							<visible>Container(450).HasFocus(1)</visible>
						</item>
						<item id="7">
							<description>Year</description>
							<label>$LOCALIZE[345]</label>
							<onclick>Skin.SetString($INFO[Skin.String(CustomBtnPresetsParam)],ActivateWindow(Music,musicdb://years/,Return))</onclick>
							<onclick>Dialog.Close(1103)</onclick>
							<visible>Container(450).HasFocus(1)</visible>
						</item>
						<item id="8">
							<description>Artists</description>
							<label>$LOCALIZE[133]</label>
							<onclick>Skin.SetString($INFO[Skin.String(CustomBtnPresetsParam)],ActivateWindow(Music,musicdb://artists/,Return))</onclick>
							<onclick>Dialog.Close(1103)</onclick>
							<visible>Container(450).HasFocus(1)</visible>
						</item>
						<item id="9">
							<description>Albums</description>
							<label>$LOCALIZE[132]</label>
							<onclick>Skin.SetString($INFO[Skin.String(CustomBtnPresetsParam)],ActivateWindow(Music,musicdb://albums/,Return))</onclick>
							<onclick>Dialog.Close(1103)</onclick>
							<visible>Container(450).HasFocus(1)</visible>
						</item>
						<item id="10">
							<description>Songs</description>
							<label>$LOCALIZE[134]</label>
							<onclick>Skin.SetString($INFO[Skin.String(CustomBtnPresetsParam)],ActivateWindow(Music,musicdb://songs/,Return))</onclick>
							<onclick>Dialog.Close(1103)</onclick>
							<visible>Container(450).HasFocus(1)</visible>
						</item>
						<item id="11">
							<description>Singles</description>
							<label>$LOCALIZE[1050]</label>
							<onclick>Skin.SetString($INFO[Skin.String(CustomBtnPresetsParam)],ActivateWindow(Music,musicdb://singles/,Return))</onclick>
							<onclick>Dialog.Close(1103)</onclick>
							<visible>Container(450).HasFocus(1)</visible>
						</item>
						<item id="12">
							<description>Top 100</description>
							<label>$LOCALIZE[271]</label>
							<onclick>Skin.SetString($INFO[Skin.String(CustomBtnPresetsParam)],ActivateWindow(Music,musicdb://top100/,Return))</onclick>
							<onclick>Dialog.Close(1103)</onclick>
							<visible>Container(450).HasFocus(1)</visible>
						</item>
						<item id="105">
							<description>Top 100 Songs</description>
							<label>$LOCALIZE[10504]</label>
							<onclick>Skin.SetString($INFO[Skin.String(CustomBtnPresetsParam)],ActivateWindow(Music,musicdb://top100/songs/,Return))</onclick>
							<onclick>Dialog.Close(1103)</onclick>
							<visible>Container(450).HasFocus(1)</visible>
						</item>
						<item id="106">
							<description>Top 100 Albums</description>
							<label>$LOCALIZE[10505]</label>
							<onclick>Skin.SetString($INFO[Skin.String(CustomBtnPresetsParam)],ActivateWindow(Music,musicdb://top100/albums/,Return))</onclick>
							<onclick>Dialog.Close(1103)</onclick>
							<visible>Container(450).HasFocus(1)</visible>
						</item>
						<item id="107">
							<description>Recently Added Songs</description>
							<label>$LOCALIZE[31984]</label>
							<onclick>Skin.SetString($INFO[Skin.String(CustomBtnPresetsParam)],ActivateWindow(Music,special://skin/extras/playlists/RecentlyAddedSongs.xsp,Return))</onclick>
							<onclick>Dialog.Close(1103)</onclick>
							<visible>Container(450).HasFocus(1)</visible>
						</item>
						<item id="13">
							<description>Recently Added Albums</description>
							<label>$LOCALIZE[359]</label>
							<onclick>Skin.SetString($INFO[Skin.String(CustomBtnPresetsParam)],ActivateWindow(Music,musicdb://recentlyaddedalbums/,Return))</onclick>
							<onclick>Dialog.Close(1103)</onclick>
							<visible>Container(450).HasFocus(1)</visible>
						</item>
						<item id="14">
							<description>Recently Played Albums</description>
							<label>$LOCALIZE[517]</label>
							<onclick>Skin.SetString($INFO[Skin.String(CustomBtnPresetsParam)],ActivateWindow(Music,musicdb://recentlyplayedalbums/,Return))</onclick>
							<onclick>Dialog.Close(1103)</onclick>
							<visible>Container(450).HasFocus(1)</visible>
						</item>
						<item id="156">
							<description>Compilations</description>
							<label>$LOCALIZE[521]</label>
							<onclick>Skin.SetString($INFO[Skin.String(CustomBtnPresetsParam)],ActivateWindow(Music,musicdb://compilations/,Return))</onclick>
							<onclick>Dialog.Close(1103)</onclick>
							<visible>Container(450).HasFocus(1)</visible>
						</item>
						<item id="157">
							<description>Boxsets</description>
							<label>$LOCALIZE[38074]</label>
							<onclick>Skin.SetString($INFO[Skin.String(CustomBtnPresetsParam)],ActivateWindow(Music,musicdb://albums/?boxset=true,Return))</onclick>
							<onclick>Dialog.Close(1103)</onclick>
							<visible>Container(450).HasFocus(1) + Library.HasContent(boxsets)</visible>
						</item>
						<item id="108">
							<description>Play Random Song</description>
							<label>$LOCALIZE[31985]</label>
							<onclick>Skin.SetString($INFO[Skin.String(CustomBtnPresetsParam)],PlayMedia(special://skin/extras/playlists/PlayRandomSong.xsp))</onclick>
							<onclick>Dialog.Close(1103)</onclick>
							<visible>Container(450).HasFocus(1)</visible>
						</item>
						<item id="109">
							<description>Play Random Album</description>
							<label>$LOCALIZE[31986]</label>
							<onclick>Skin.SetString($INFO[Skin.String(CustomBtnPresetsParam)],PlayMedia(special://skin/extras/playlists/PlayRandomAlbum.xsp))</onclick>
							<onclick>Dialog.Close(1103)</onclick>
							<visible>Container(450).HasFocus(1)</visible>
						</item>
						<item id="15">
							<description>Music Playlists</description>
							<label>$LOCALIZE[136]</label>
							<onclick>Skin.SetString($INFO[Skin.String(CustomBtnPresetsParam)],ActivateWindow(Music,Playlists,Return))</onclick>
							<onclick>Dialog.Close(1103)</onclick>
							<visible>Container(450).HasFocus(1)</visible>
						</item>
						<item id="16">
							<description>Party Mode</description>
							<label>$LOCALIZE[589]</label>
							<onclick>Skin.SetString($INFO[Skin.String(CustomBtnPresetsParam)],PlayerControl(Partymode(music)))</onclick>
							<onclick>Dialog.Close(1103)</onclick>
							<visible>Container(450).HasFocus(1)</visible>
						</item>
						<item id="17">
							<description>Music Add-ons</description>
							<label>$LOCALIZE[24001]</label>
							<onclick>Skin.SetString($INFO[Skin.String(CustomBtnPresetsParam)],ActivateWindow(Music,Addons,Return))</onclick>
							<onclick>Dialog.Close(1103)</onclick>
							<visible>Container(450).HasFocus(1)</visible>
						</item>
						<item id="93">
							<description>Select Music Add-on</description>
							<label>$LOCALIZE[31929]</label>
							<onclick>Dialog.Close(1103)</onclick>
							<onclick>Skin.SetAddon(DialogPresetsItem,xbmc.addon.audio,xbmc.addon.executable)</onclick>
							<onclick>Skin.SetString($INFO[Skin.String(CustomBtnPresetsParam)],RunAddon($INFO[Skin.String(DialogPresetsItem)]))</onclick>
							<visible>Container(450).HasFocus(1)</visible>
						</item>
						<item id="97">
							<description>Select Music Path</description>
							<label>$LOCALIZE[31978]</label>
							<onclick>Skin.Reset(DialogPresetsItem)</onclick>
							<onclick>Dialog.Close(1103)</onclick>
							<onclick>Skin.SetPath(DialogPresetsItem)</onclick>
							<onclick>Skin.SetString($INFO[Skin.String(CustomBtnPresetsParam)],ActivateWindow(Music,$INFO[Skin.String(DialogPresetsItem)],Return))</onclick>
							<visible>Container(450).HasFocus(1)</visible>
						</item>
						<item id="101">
							<description>Select Music Playlist</description>
							<label>$LOCALIZE[31979]</label>
							<onclick>Dialog.Close(1103)</onclick>
							<onclick>Skin.SetString(DialogPresetsParam,DialogPresetsPlaylistMusic)</onclick>
							<onclick>Skin.SetFile(DialogPresetsItem,.xsp|.m3u,special://profile/playlists/music/)</onclick>
							<onclick>ActivateWindow(1104)</onclick>
							<onclick>Skin.SetString($INFO[Skin.String(CustomBtnPresetsParam)],$INFO[Skin.String(DialogPresetsItemPath)])</onclick>
							<visible>Container(450).HasFocus(1)</visible>
						</item>
						<item id="138">
							<description>Add-on Browser</description>
							<label>$LOCALIZE[10040]</label>
							<onclick>Skin.SetString($INFO[Skin.String(CustomBtnPresetsParam)],ActivateWindow(addonbrowser,addons://user/xbmc.addon.audio/,return))</onclick>
							<onclick>Dialog.Close(1103)</onclick>
							<visible>Container(450).HasFocus(1)</visible>
						</item>
						<item id="139">
							<description>Install Add-ons</description>
							<label>$LOCALIZE[31125]</label>
							<onclick>Skin.SetString($INFO[Skin.String(CustomBtnPresetsParam)],ActivateWindow(addonbrowser,addons://all/xbmc.addon.audio/,return))</onclick>
							<onclick>Dialog.Close(1103)</onclick>
							<visible>Container(450).HasFocus(1)</visible>
						</item>

						<item id="18">
							<description>TV Channels</description>
							<label>$LOCALIZE[19019]</label>
							<onclick>Skin.SetString($INFO[Skin.String(CustomBtnPresetsParam)],ActivateWindow(TVChannels))</onclick>
							<onclick>Dialog.Close(1103)</onclick>
							<visible>Container(450).HasFocus(2)</visible>
						</item>
						<item id="19">
							<description>TV Guide</description>
							<label>$LOCALIZE[22020]</label>
							<onclick>Skin.SetString($INFO[Skin.String(CustomBtnPresetsParam)],ActivateWindow(TVGuide))</onclick>
							<onclick>Dialog.Close(1103)</onclick>
							<visible>Container(450).HasFocus(2)</visible>
						</item>
						<item id="20">
							<description>TV Search</description>
							<label>$LOCALIZE[137]</label>
							<onclick>Skin.SetString($INFO[Skin.String(CustomBtnPresetsParam)],ActivateWindow(TVSearch))</onclick>
							<onclick>Dialog.Close(1103)</onclick>
							<visible>Container(450).HasFocus(2)</visible>
						</item>
						<item id="21">
							<description>TV Recordings</description>
							<label>$LOCALIZE[19163]</label>
							<onclick>Skin.SetString($INFO[Skin.String(CustomBtnPresetsParam)],ActivateWindow(TVRecordings))</onclick>
							<onclick>Dialog.Close(1103)</onclick>
							<visible>Container(450).HasFocus(2)</visible>
						</item>
						<item id="22">
							<description>TV Timers</description>
							<label>$LOCALIZE[19040]</label>
							<onclick>Skin.SetString($INFO[Skin.String(CustomBtnPresetsParam)],ActivateWindow(TVTimers))</onclick>
							<onclick>Dialog.Close(1103)</onclick>
							<visible>Container(450).HasFocus(2)</visible>
						</item>
						<item id="120">
							<description>TV Timer Rules</description>
							<label>$LOCALIZE[19138]</label>
							<onclick>Skin.SetString($INFO[Skin.String(CustomBtnPresetsParam)],ActivateWindow(TVTimerRules))</onclick>
							<onclick>Dialog.Close(1103)</onclick>
							<visible>Container(450).HasFocus(2)</visible>
						</item>
						
						<item id="23">
							<description>Radio Channels</description>
							<label>$LOCALIZE[19019]</label>
							<onclick>Skin.SetString($INFO[Skin.String(CustomBtnPresetsParam)],ActivateWindow(RadioChannels))</onclick>
							<onclick>Dialog.Close(1103)</onclick>
							<visible>Container(450).HasFocus(3)</visible>
						</item>
						<item id="24">
							<description>Radio Guide</description>
							<label>$LOCALIZE[22020]</label>
							<onclick>Skin.SetString($INFO[Skin.String(CustomBtnPresetsParam)],ActivateWindow(RadioGuide))</onclick>
							<onclick>Dialog.Close(1103)</onclick>
							<visible>Container(450).HasFocus(3)</visible>
						</item>
						<item id="25">
							<description>Radio Search</description>
							<label>$LOCALIZE[137]</label>
							<onclick>Skin.SetString($INFO[Skin.String(CustomBtnPresetsParam)],ActivateWindow(RadioSearch))</onclick>
							<onclick>Dialog.Close(1103)</onclick>
							<visible>Container(450).HasFocus(3)</visible>
						</item>
						<item id="26">
							<description>Radio Recordings</description>
							<label>$LOCALIZE[19163]</label>
							<onclick>Skin.SetString($INFO[Skin.String(CustomBtnPresetsParam)],ActivateWindow(RadioRecordings))</onclick>
							<onclick>Dialog.Close(1103)</onclick>
							<visible>Container(450).HasFocus(3)</visible>
						</item>
						<item id="27">
							<description>Radio Timers</description>
							<label>$LOCALIZE[19040]</label>
							<onclick>Skin.SetString($INFO[Skin.String(CustomBtnPresetsParam)],ActivateWindow(RadioTimers))</onclick>
							<onclick>Dialog.Close(1103)</onclick>
							<visible>Container(450).HasFocus(3)</visible>
						</item>
						<item id="121">
							<description>Radio Timer Rules</description>
							<label>$LOCALIZE[19138]</label>
							<onclick>Skin.SetString($INFO[Skin.String(CustomBtnPresetsParam)],ActivateWindow(RadioTimerRules))</onclick>
							<onclick>Dialog.Close(1103)</onclick>
							<visible>Container(450).HasFocus(3)</visible>
						</item>

						<item id="28">
							<description>Video Files</description>
							<label>$LOCALIZE[1214]</label>
							<onclick>Skin.SetString($INFO[Skin.String(CustomBtnPresetsParam)],ActivateWindow(Videos,Files,Return))</onclick>
							<onclick>Dialog.Close(1103)</onclick>
							<visible>Container(450).HasFocus(4)</visible>
						</item>
						<item id="29">
							<description>Video Library</description>
							<label>$LOCALIZE[14022]</label>
							<onclick>Skin.SetString($INFO[Skin.String(CustomBtnPresetsParam)],ActivateWindow(Videos,Return))</onclick>
							<onclick>Dialog.Close(1103)</onclick>
							<visible>Container(450).HasFocus(4)</visible>
						</item>
						<item id="30">
							<description>Video Library (Root)</description>
							<label>$LOCALIZE[14022] ($LOCALIZE[20108])</label>
							<onclick>Skin.SetString($INFO[Skin.String(CustomBtnPresetsParam)],ActivateWindow(Videos,root))</onclick>
							<onclick>Dialog.Close(1103)</onclick>
							<visible>Container(450).HasFocus(4)</visible>
						</item>
						<item id="31">
							<description>Update Library</description>
							<label>$LOCALIZE[653]</label>
							<onclick>Skin.SetString($INFO[Skin.String(CustomBtnPresetsParam)],UpdateLibrary(Video))</onclick>
							<onclick>Dialog.Close(1103)</onclick>
							<visible>Container(450).HasFocus(4)</visible>
						</item>
						<item id="119">
							<description>Clean Library</description>
							<label>$LOCALIZE[14247] ($LOCALIZE[3])</label>
							<onclick>Skin.SetString($INFO[Skin.String(CustomBtnPresetsParam)],CleanLibrary(video))</onclick>
							<onclick>Dialog.Close(1103)</onclick>
							<visible>Container(450).HasFocus(4)</visible>
						</item>
						<item id="155">
							<description>Play DVD</description>
							<label>$LOCALIZE[31496]</label>
							<onclick>Skin.SetString($INFO[Skin.String(CustomBtnPresetsParam)],PlayDisc(DVD))</onclick>
							<onclick>Dialog.Close(1103)</onclick>
							<visible>Container(450).HasFocus(4)</visible>
						</item>
						<item id="32">
							<description>Video Playlists</description>
							<label>$LOCALIZE[136]</label>
							<onclick>Skin.SetString($INFO[Skin.String(CustomBtnPresetsParam)],ActivateWindow(Videos,Playlists,Return))</onclick>
							<onclick>Dialog.Close(1103)</onclick>
							<visible>Container(450).HasFocus(4)</visible>
						</item>
						<item id="33">
							<description>Party Mode</description>
							<label>$LOCALIZE[589]</label>
							<onclick>Skin.SetString($INFO[Skin.String(CustomBtnPresetsParam)],PlayerControl(Partymode(video)))</onclick>
							<onclick>Dialog.Close(1103)</onclick>
							<visible>Container(450).HasFocus(4)</visible>
						</item>
						<item id="34">
							<description>Video Add-ons</description>
							<label>$LOCALIZE[24001]</label>
							<onclick>Skin.SetString($INFO[Skin.String(CustomBtnPresetsParam)],ActivateWindow(Videos,Addons,Return))</onclick>
							<onclick>Dialog.Close(1103)</onclick>
							<visible>Container(450).HasFocus(4)</visible>
						</item>
						<item id="94">
							<description>Select Video Add-on</description>
							<label>$LOCALIZE[31929]</label>
							<onclick>Dialog.Close(1103)</onclick>
							<onclick>Skin.SetAddon(DialogPresetsItem,xbmc.addon.video,xbmc.addon.executable)</onclick>
							<onclick>Skin.SetString($INFO[Skin.String(CustomBtnPresetsParam)],RunAddon($INFO[Skin.String(DialogPresetsItem)]))</onclick>
							<visible>Container(450).HasFocus(4)</visible>
						</item>
						<item id="98">
							<description>Select Video Path</description>
							<label>$LOCALIZE[31978]</label>
							<onclick>Skin.Reset(DialogPresetsItem)</onclick>
							<onclick>Dialog.Close(1103)</onclick>
							<onclick>Skin.SetPath(DialogPresetsItem)</onclick>
							<onclick>Skin.SetString($INFO[Skin.String(CustomBtnPresetsParam)],ActivateWindow(Videos,$INFO[Skin.String(DialogPresetsItem)],Return))</onclick>
							<visible>Container(450).HasFocus(4)</visible>
						</item>
						<item id="102">
							<description>Select Video Playlist</description>
							<label>$LOCALIZE[31979]</label>
							<onclick>Dialog.Close(1103)</onclick>
							<onclick>Skin.SetString(DialogPresetsParam,DialogPresetsPlaylistVideos)</onclick>
							<onclick>Skin.SetFile(DialogPresetsItem,.xsp,special://profile/playlists/video/)</onclick>
							<onclick>ActivateWindow(1104)</onclick>
							<onclick>Skin.SetString($INFO[Skin.String(CustomBtnPresetsParam)],$INFO[Skin.String(DialogPresetsItemPath)])</onclick>
							<visible>Container(450).HasFocus(4)</visible>
						</item>
						<item id="140">
							<description>Add-on Browser</description>
							<label>$LOCALIZE[10040]</label>
							<onclick>Skin.SetString($INFO[Skin.String(CustomBtnPresetsParam)],ActivateWindow(addonbrowser,addons://user/xbmc.addon.video/,return))</onclick>
							<onclick>Dialog.Close(1103)</onclick>
							<visible>Container(450).HasFocus(4)</visible>
						</item>
						<item id="141">
							<description>Install Add-ons</description>
							<label>$LOCALIZE[31125]</label>
							<onclick>Skin.SetString($INFO[Skin.String(CustomBtnPresetsParam)],ActivateWindow(addonbrowser,addons://all/xbmc.addon.video/,return))</onclick>
							<onclick>Dialog.Close(1103)</onclick>
							<visible>Container(450).HasFocus(4)</visible>
						</item>

						<item id="35">
							<description>Movies</description>
							<label>$LOCALIZE[369]</label>
							<onclick>Skin.SetString($INFO[Skin.String(CustomBtnPresetsParam)],ActivateWindow(Videos,videodb://movies/titles/,Return))</onclick>
							<onclick>Dialog.Close(1103)</onclick>
							<visible>Container(450).HasFocus(5)</visible>
						</item>
						<item id="36">
							<description>Genres</description>
							<label>$LOCALIZE[135]</label>
							<onclick>Skin.SetString($INFO[Skin.String(CustomBtnPresetsParam)],ActivateWindow(Videos,videodb://movies/genres/,Return))</onclick>
							<onclick>Dialog.Close(1103)</onclick>
							<visible>Container(450).HasFocus(5)</visible>
						</item>
						<item id="37">
							<description>Year</description>
							<label>$LOCALIZE[345]</label>
							<onclick>Skin.SetString($INFO[Skin.String(CustomBtnPresetsParam)],ActivateWindow(Videos,videodb://movies/years/,Return))</onclick>
							<onclick>Dialog.Close(1103)</onclick>
							<visible>Container(450).HasFocus(5)</visible>
						</item>
						<item id="38">
							<description>Actors</description>
							<label>$LOCALIZE[344]</label>
							<onclick>Skin.SetString($INFO[Skin.String(CustomBtnPresetsParam)],ActivateWindow(Videos,videodb://movies/actors/,Return))</onclick>
							<onclick>Dialog.Close(1103)</onclick>
							<visible>Container(450).HasFocus(5)</visible>
						</item>
						<item id="39">
							<description>Directors</description>
							<label>$LOCALIZE[20348]</label>
							<onclick>Skin.SetString($INFO[Skin.String(CustomBtnPresetsParam)],ActivateWindow(Videos,videodb://movies/directors/,Return))</onclick>
							<onclick>Dialog.Close(1103)</onclick>
							<visible>Container(450).HasFocus(5)</visible>
						</item>
						<item id="40">
							<description>Studios</description>
							<label>$LOCALIZE[20388]</label>
							<onclick>Skin.SetString($INFO[Skin.String(CustomBtnPresetsParam)],ActivateWindow(Videos,videodb://movies/studios/,Return))</onclick>
							<onclick>Dialog.Close(1103)</onclick>
							<visible>Container(450).HasFocus(5)</visible>
						</item>
						<item id="41">
							<description>Countries</description>
							<label>$LOCALIZE[20451]</label>
							<onclick>Skin.SetString($INFO[Skin.String(CustomBtnPresetsParam)],ActivateWindow(Videos,videodb://movies/countries/,Return))</onclick>
							<onclick>Dialog.Close(1103)</onclick>
							<visible>Container(450).HasFocus(5)</visible>
						</item>
						<item id="110">
							<description>Top 250</description>
							<label>$LOCALIZE[13409]</label>
							<onclick>Skin.SetString($INFO[Skin.String(CustomBtnPresetsParam)],ActivateWindow(Videos,special://skin/extras/playlists/Top250Movies.xsp,Return))</onclick>
							<onclick>Dialog.Close(1103)</onclick>
							<visible>Container(450).HasFocus(5)</visible>
						</item>
						<item id="42">
							<description>Sets</description>
							<label>$LOCALIZE[20434]</label>
							<onclick>Skin.SetString($INFO[Skin.String(CustomBtnPresetsParam)],ActivateWindow(Videos,videodb://movies/sets/,Return))</onclick>
							<onclick>Dialog.Close(1103)</onclick>
							<visible>Container(450).HasFocus(5)</visible>
						</item>
						<item id="43">
							<description>Tags</description>
							<label>$LOCALIZE[20459]</label>
							<onclick>Skin.SetString($INFO[Skin.String(CustomBtnPresetsParam)],ActivateWindow(Videos,videodb://movies/tags/,Return))</onclick>
							<onclick>Dialog.Close(1103)</onclick>
							<visible>Container(450).HasFocus(5)</visible>
						</item>
						<item id="44">
							<description>Recently Added Movies</description>
							<label>$LOCALIZE[31303]</label>
							<onclick>Skin.SetString($INFO[Skin.String(CustomBtnPresetsParam)],ActivateWindow(Videos,videodb://recentlyaddedmovies/,Return))</onclick>
							<onclick>Dialog.Close(1103)</onclick>
							<visible>Container(450).HasFocus(5)</visible>
						</item>
						<item id="111">
							<description>In Progress Movies</description>
							<label>$LOCALIZE[575]</label>
							<onclick>Skin.SetString($INFO[Skin.String(CustomBtnPresetsParam)],ActivateWindow(Videos,special://skin/extras/playlists/InProgressMovies.xsp,Return))</onclick>
							<!--<onclick>Skin.SetString($INFO[Skin.String(CustomBtnPresetsParam)],ActivateWindow(Videos,videodb://movies/titles/?xsp=%7b%22order%22%3a%7b%22direction%22%3a%22descending%22%2c%22ignorefolders%22%3a0%2c%22method%22%3a%22lastplayed%22%7d%2c%22rules%22%3a%7b%22and%22%3a%5b%7b%22field%22%3a%22inprogress%22%2c%22operator%22%3a%22true%22%2c%22value%22%3a%5b%5d%7d%5d%7d%2c%22type%22%3a%22movies%22%7d,Return))</onclick>-->
							<onclick>Dialog.Close(1103)</onclick>
							<visible>Container(450).HasFocus(5)</visible>
						</item>
						<item id="112">
							<description>Unwatched Movies</description>
							<label>$LOCALIZE[16101]</label>
							<onclick>Skin.SetString($INFO[Skin.String(CustomBtnPresetsParam)],ActivateWindow(Videos,special://skin/extras/playlists/UnwatchedMovies.xsp,Return))</onclick>
							<!--<onclick>Skin.SetString($INFO[Skin.String(CustomBtnPresetsParam)],ActivateWindow(Videos,videodb://movies/titles/?xsp=%7b%22group%22%3a%7b%22mixed%22%3afalse%2c%22type%22%3a%22none%22%7d%2c%22order%22%3a%7b%22direction%22%3a%22ascending%22%2c%22ignorefolders%22%3a0%2c%22method%22%3a%22sorttitle%22%7d%2c%22rules%22%3a%7b%22and%22%3a%5b%7b%22field%22%3a%22playcount%22%2c%22operator%22%3a%22is%22%2c%22value%22%3a%5b%220%22%5d%7d%5d%7d%2c%22type%22%3a%22movies%22%7d,Return))</onclick>-->
							<onclick>Dialog.Close(1103)</onclick>
							<visible>Container(450).HasFocus(5)</visible>
						</item>
						<item id="113">
							<description>Play Random Movie</description>
							<label>$LOCALIZE[31987]</label>
							<onclick>Skin.SetString($INFO[Skin.String(CustomBtnPresetsParam)],PlayMedia(special://skin/extras/playlists/PlayRandomMovie.xsp))</onclick>
							<onclick>Dialog.Close(1103)</onclick>
							<visible>Container(450).HasFocus(5)</visible>
						</item>
						<item id="164">
							<description>Clean Library</description>
							<label>$LOCALIZE[14247] ($LOCALIZE[342])</label>
							<onclick>Skin.SetString($INFO[Skin.String(CustomBtnPresetsParam)],CleanLibrary(movies))</onclick>
							<onclick>Dialog.Close(1103)</onclick>
							<visible>Container(450).HasFocus(5)</visible>
						</item>

						<item id="45">
							<description>TV Shows</description>
							<label>$LOCALIZE[369]</label>
							<onclick>Skin.SetString($INFO[Skin.String(CustomBtnPresetsParam)],ActivateWindow(Videos,videodb://tvshows/titles/,Return))</onclick>
							<onclick>Dialog.Close(1103)</onclick>
							<visible>Container(450).HasFocus(6)</visible>
						</item>
						<item id="46">
							<description>Genres</description>
							<label>$LOCALIZE[135]</label>
							<onclick>Skin.SetString($INFO[Skin.String(CustomBtnPresetsParam)],ActivateWindow(Videos,videodb://tvshows/genres/,Return))</onclick>
							<onclick>Dialog.Close(1103)</onclick>
							<visible>Container(450).HasFocus(6)</visible>
						</item>
						<item id="47">
							<description>Year</description>
							<label>$LOCALIZE[345]</label>
							<onclick>Skin.SetString($INFO[Skin.String(CustomBtnPresetsParam)],ActivateWindow(Videos,videodb://tvshows/years/,Return))</onclick>
							<onclick>Dialog.Close(1103)</onclick>
							<visible>Container(450).HasFocus(6)</visible>
						</item>
						<item id="48">
							<description>Actors</description>
							<label>$LOCALIZE[344]</label>
							<onclick>Skin.SetString($INFO[Skin.String(CustomBtnPresetsParam)],ActivateWindow(Videos,videodb://tvshows/actors/,Return))</onclick>
							<onclick>Dialog.Close(1103)</onclick>
							<visible>Container(450).HasFocus(6)</visible>
						</item>
						<item id="49">
							<description>Studios</description>
							<label>$LOCALIZE[20388]</label>
							<onclick>Skin.SetString($INFO[Skin.String(CustomBtnPresetsParam)],ActivateWindow(Videos,videodb://tvshows/studios/,Return))</onclick>
							<onclick>Dialog.Close(1103)</onclick>
							<visible>Container(450).HasFocus(6)</visible>
						</item>
						<item id="103">
							<description>Tags</description>
							<label>$LOCALIZE[20459]</label>
							<onclick>Skin.SetString($INFO[Skin.String(CustomBtnPresetsParam)],ActivateWindow(Videos,videodb://tvshows/tags/,Return))</onclick>
							<onclick>Dialog.Close(1103)</onclick>
							<visible>Container(450).HasFocus(6)</visible>
						</item>
						<item id="50">
							<description>Recently Added Episodes</description>
							<label>$LOCALIZE[31303]</label>
							<onclick>Skin.SetString($INFO[Skin.String(CustomBtnPresetsParam)],ActivateWindow(Videos,videodb://recentlyaddedepisodes/,Return))</onclick>
							<onclick>Dialog.Close(1103)</onclick>
							<visible>Container(450).HasFocus(6)</visible>
						</item>
						<item id="104">
							<description>In Progress TV Shows</description>
							<label>$LOCALIZE[626]</label>
							<onclick>Skin.SetString($INFO[Skin.String(CustomBtnPresetsParam)],ActivateWindow(Videos,videodb://inprogresstvshows/,Return))</onclick>
							<onclick>Dialog.Close(1103)</onclick>
							<visible>Container(450).HasFocus(6)</visible>
						</item>
						<item id="114">
							<description>Play Random Episode</description>
							<label>$LOCALIZE[31988]</label>
							<onclick>Skin.SetString($INFO[Skin.String(CustomBtnPresetsParam)],PlayMedia(special://skin/extras/playlists/PlayRandomEpisode.xsp))</onclick>
							<onclick>Dialog.Close(1103)</onclick>
							<visible>Container(450).HasFocus(6)</visible>
						</item>
						<item id="165">
							<description>Clean Library</description>
							<label>$LOCALIZE[14247] ($LOCALIZE[20343])</label>
							<onclick>Skin.SetString($INFO[Skin.String(CustomBtnPresetsParam)],CleanLibrary(tvshows))</onclick>
							<onclick>Dialog.Close(1103)</onclick>
							<visible>Container(450).HasFocus(6)</visible>
						</item>

						<item id="51">
							<description>Music Videos</description>
							<label>$LOCALIZE[369]</label>
							<onclick>Skin.SetString($INFO[Skin.String(CustomBtnPresetsParam)],ActivateWindow(Videos,videodb://musicvideos/titles/,Return))</onclick>
							<onclick>Dialog.Close(1103)</onclick>
							<visible>Container(450).HasFocus(7)</visible>
						</item>
						<item id="52">
							<description>Genres</description>
							<label>$LOCALIZE[135]</label>
							<onclick>Skin.SetString($INFO[Skin.String(CustomBtnPresetsParam)],ActivateWindow(Videos,videodb://musicvideos/genres/,Return))</onclick>
							<onclick>Dialog.Close(1103)</onclick>
							<visible>Container(450).HasFocus(7)</visible>
						</item>
						<item id="53">
							<description>Year</description>
							<label>$LOCALIZE[345]</label>
							<onclick>Skin.SetString($INFO[Skin.String(CustomBtnPresetsParam)],ActivateWindow(Videos,videodb://musicvideos/years/,Return))</onclick>
							<onclick>Dialog.Close(1103)</onclick>
							<visible>Container(450).HasFocus(7)</visible>
						</item>
						<item id="54">
							<description>Artists</description>
							<label>$LOCALIZE[133]</label>
							<onclick>Skin.SetString($INFO[Skin.String(CustomBtnPresetsParam)],ActivateWindow(Videos,videodb://musicvideos/artists/,Return))</onclick>
							<onclick>Dialog.Close(1103)</onclick>
							<visible>Container(450).HasFocus(7)</visible>
						</item>
						<item id="55">
							<description>Albums</description>
							<label>$LOCALIZE[132]</label>
							<onclick>Skin.SetString($INFO[Skin.String(CustomBtnPresetsParam)],ActivateWindow(Videos,videodb://musicvideos/albums/,Return))</onclick>
							<onclick>Dialog.Close(1103)</onclick>
							<visible>Container(450).HasFocus(7)</visible>
						</item>
						<item id="56">
							<description>Directors</description>
							<label>$LOCALIZE[20348]</label>
							<onclick>Skin.SetString($INFO[Skin.String(CustomBtnPresetsParam)],ActivateWindow(Videos,videodb://musicvideos/directors/,Return))</onclick>
							<onclick>Dialog.Close(1103)</onclick>
							<visible>Container(450).HasFocus(7)</visible>
						</item>
						<item id="57">
							<description>Studios</description>
							<label>$LOCALIZE[20388]</label>
							<onclick>Skin.SetString($INFO[Skin.String(CustomBtnPresetsParam)],ActivateWindow(Videos,videodb://musicvideos/studios/,Return))</onclick>
							<onclick>Dialog.Close(1103)</onclick>
							<visible>Container(450).HasFocus(7)</visible>
						</item>
						<item id="58">
							<description>Recently Added Music Videos</description>
							<label>$LOCALIZE[31303]</label>
							<onclick>Skin.SetString($INFO[Skin.String(CustomBtnPresetsParam)],ActivateWindow(Videos,videodb://recentlyaddedmusicvideos/,Return))</onclick>
							<onclick>Dialog.Close(1103)</onclick>
							<visible>Container(450).HasFocus(7)</visible>
						</item>
						<item id="115">
							<description>Unwatched Music Videos</description>
							<label>$LOCALIZE[16101]</label>
							<onclick>Skin.SetString($INFO[Skin.String(CustomBtnPresetsParam)],ActivateWindow(Videos,special://skin/extras/playlists/UnwatchedMusicVideos.xsp,Return))</onclick>
							<onclick>Dialog.Close(1103)</onclick>
							<visible>Container(450).HasFocus(7)</visible>
						</item>
						<item id="116">
							<description>Play Random Music Video</description>
							<label>$LOCALIZE[31989]</label>
							<onclick>Skin.SetString($INFO[Skin.String(CustomBtnPresetsParam)],PlayMedia(special://skin/extras/playlists/PlayRandomMusicVideo.xsp))</onclick>
							<onclick>Dialog.Close(1103)</onclick>
							<visible>Container(450).HasFocus(7)</visible>
						</item>
						<item id="166">
							<description>Clean Library</description>
							<label>$LOCALIZE[14247] ($LOCALIZE[20389])</label>
							<onclick>Skin.SetString($INFO[Skin.String(CustomBtnPresetsParam)],CleanLibrary(musicvideos))</onclick>
							<onclick>Dialog.Close(1103)</onclick>
							<visible>Container(450).HasFocus(7)</visible>
						</item>

						<item id="59">
							<description>Programs</description>
							<label>$LOCALIZE[0]</label>
							<onclick>Skin.SetString($INFO[Skin.String(CustomBtnPresetsParam)],ActivateWindow(Programs))</onclick>
							<onclick>Dialog.Close(1103)</onclick>
							<visible>Container(450).HasFocus(8)</visible>
						</item>
						<item id="60">
							<description>Programs (Root)</description>
							<label>$LOCALIZE[1214] ($LOCALIZE[20108])</label>
							<onclick>Skin.SetString($INFO[Skin.String(CustomBtnPresetsParam)],ActivateWindow(Programs,root))</onclick>
							<onclick>Dialog.Close(1103)</onclick>
							<visible>Container(450).HasFocus(8)</visible>
						</item>
						<item id="61">
							<description>Program Add-ons</description>
							<label>$LOCALIZE[24001]</label>
							<onclick>Skin.SetString($INFO[Skin.String(CustomBtnPresetsParam)],ActivateWindow(Programs,Addons,Return))</onclick>
							<onclick>Dialog.Close(1103)</onclick>
							<visible>Container(450).HasFocus(8)</visible>
						</item>
						<item id="95">
							<description>Select Program Add-on</description>
							<label>$LOCALIZE[31929]</label>
							<onclick>Dialog.Close(1103)</onclick>
							<onclick>Skin.SetAddon(DialogPresetsItem,xbmc.addon.executable)</onclick>
							<onclick>Skin.SetString($INFO[Skin.String(CustomBtnPresetsParam)],RunAddon($INFO[Skin.String(DialogPresetsItem)]))</onclick>
							<visible>Container(450).HasFocus(8)</visible>
						</item>
						<item id="99">
							<description>Select Programs Path</description>
							<label>$LOCALIZE[31978]</label>
							<onclick>Skin.Reset(DialogPresetsItem)</onclick>
							<onclick>Dialog.Close(1103)</onclick>
							<onclick>Skin.SetPath(DialogPresetsItem)</onclick>
							<onclick>Skin.SetString($INFO[Skin.String(CustomBtnPresetsParam)],ActivateWindow(Programs,$INFO[Skin.String(DialogPresetsItem)],Return))</onclick>
							<visible>Container(450).HasFocus(8)</visible>
						</item>
						<item id="142">
							<description>Add-on Browser</description>
							<label>$LOCALIZE[10040]</label>
							<onclick>Skin.SetString($INFO[Skin.String(CustomBtnPresetsParam)],ActivateWindow(addonbrowser,addons://user/xbmc.addon.executable/,return))</onclick>
							<onclick>Dialog.Close(1103)</onclick>
							<visible>Container(450).HasFocus(8)</visible>
						</item>
						<item id="143">
							<description>Install Add-ons</description>
							<label>$LOCALIZE[31125]</label>
							<onclick>Skin.SetString($INFO[Skin.String(CustomBtnPresetsParam)],ActivateWindow(addonbrowser,addons://all/xbmc.addon.executable/,return))</onclick>
							<onclick>Dialog.Close(1103)</onclick>
							<visible>Container(450).HasFocus(8)</visible>
						</item>
						<item id="163">
							<description>Android Apps</description>
							<label>$LOCALIZE[20244]</label>
							<onclick>Skin.SetString($INFO[Skin.String(CustomBtnPresetsParam)],ActivateWindow(programs,androidapp://sources/apps/,return))</onclick>
							<onclick>Dialog.Close(1103)</onclick>
							<visible>Container(450).HasFocus(8) + System.Platform.Android</visible>
						</item>

						<item id="62">
							<description>Pictures</description>
							<label>$LOCALIZE[1]</label>
							<onclick>Skin.SetString($INFO[Skin.String(CustomBtnPresetsParam)],ActivateWindow(Pictures))</onclick>
							<onclick>Dialog.Close(1103)</onclick>
							<visible>Container(450).HasFocus(9)</visible>
						</item>
						<item id="63">
							<description>Pictures (Root)</description>
							<label>$LOCALIZE[1214] ($LOCALIZE[20108])</label>
							<onclick>Skin.SetString($INFO[Skin.String(CustomBtnPresetsParam)],ActivateWindow(Pictures,root))</onclick>
							<onclick>Dialog.Close(1103)</onclick>
							<visible>Container(450).HasFocus(9)</visible>
						</item>
						<item id="64">
							<description>Pictures Add-ons</description>
							<label>$LOCALIZE[24001]</label>
							<onclick>Skin.SetString($INFO[Skin.String(CustomBtnPresetsParam)],ActivateWindow(Pictures,Addons,Return))</onclick>
							<onclick>Dialog.Close(1103)</onclick>
							<visible>Container(450).HasFocus(9)</visible>
						</item>
						<item id="96">
							<description>Select Picture Add-on</description>
							<label>$LOCALIZE[31929]</label>
							<onclick>Dialog.Close(1103)</onclick>
							<onclick>Skin.SetAddon(DialogPresetsItem,xbmc.addon.image,xbmc.addon.executable)</onclick>
							<onclick>Skin.SetString($INFO[Skin.String(CustomBtnPresetsParam)],RunAddon($INFO[Skin.String(DialogPresetsItem)]))</onclick>
							<visible>Container(450).HasFocus(9)</visible>
						</item>
						<item id="100">
							<description>Select Pictures Path</description>
							<label>$LOCALIZE[31978]</label>
							<onclick>Skin.Reset(DialogPresetsItem)</onclick>
							<onclick>Dialog.Close(1103)</onclick>
							<onclick>Skin.SetPath(DialogPresetsItem)</onclick>
							<onclick>Skin.SetString($INFO[Skin.String(CustomBtnPresetsParam)],ActivateWindow(Pictures,$INFO[Skin.String(DialogPresetsItem)],Return))</onclick>
							<visible>Container(450).HasFocus(9)</visible>
						</item>
						<item id="144">
							<description>Add-on Browser</description>
							<label>$LOCALIZE[10040]</label>
							<onclick>Skin.SetString($INFO[Skin.String(CustomBtnPresetsParam)],ActivateWindow(addonbrowser,addons://user/xbmc.addon.image/,return))</onclick>
							<onclick>Dialog.Close(1103)</onclick>
							<visible>Container(450).HasFocus(9)</visible>
						</item>
						<item id="145">
							<description>Install Add-ons</description>
							<label>$LOCALIZE[31125]</label>
							<onclick>Skin.SetString($INFO[Skin.String(CustomBtnPresetsParam)],ActivateWindow(addonbrowser,addons://all/xbmc.addon.image/,return))</onclick>
							<onclick>Dialog.Close(1103)</onclick>
							<visible>Container(450).HasFocus(9)</visible>
						</item>
						
						<item id="133">
							<description>Games</description>
							<label>$LOCALIZE[15016]</label>
							<onclick>Skin.SetString($INFO[Skin.String(CustomBtnPresetsParam)],ActivateWindow(games))</onclick>
							<onclick>Dialog.Close(1103)</onclick>
							<visible>Container(450).HasFocus(15)</visible>
						</item>
						<item id="134">
							<description>Games (Root)</description>
							<label>$LOCALIZE[1214] ($LOCALIZE[20108])</label>
							<onclick>Skin.SetString($INFO[Skin.String(CustomBtnPresetsParam)],ActivateWindow(games,root))</onclick>
							<onclick>Dialog.Close(1103)</onclick>
							<visible>Container(450).HasFocus(15)</visible>
						</item>
						<item id="135">
							<description>Games Add-ons</description>
							<label>$LOCALIZE[24001]</label>
							<onclick>Skin.SetString($INFO[Skin.String(CustomBtnPresetsParam)],ActivateWindow(Games,Addons,Return))</onclick>
							<onclick>Dialog.Close(1103)</onclick>
							<visible>Container(450).HasFocus(15)</visible>
						</item>
						<item id="136">
							<description>Select Games Add-on</description>
							<label>$LOCALIZE[31929]</label>
							<onclick>Dialog.Close(1103)</onclick>
							<onclick>Skin.SetAddon(DialogPresetsItem,kodi.gameclient,kodi.addon.game)</onclick>
							<onclick>Skin.SetString($INFO[Skin.String(CustomBtnPresetsParam)],RunAddon($INFO[Skin.String(DialogPresetsItem)]))</onclick>
							<visible>Container(450).HasFocus(15)</visible>
						</item>
						<item id="137">
							<description>Select Games Path</description>
							<label>$LOCALIZE[31978]</label>
							<onclick>Skin.Reset(DialogPresetsItem)</onclick>
							<onclick>Dialog.Close(1103)</onclick>
							<onclick>Skin.SetPath(DialogPresetsItem)</onclick>
							<onclick>Skin.SetString($INFO[Skin.String(CustomBtnPresetsParam)],ActivateWindow(Games,$INFO[Skin.String(DialogPresetsItem)],Return))</onclick>
							<visible>Container(450).HasFocus(15)</visible>
						</item>
						<item id="146">
							<description>Add-on Browser</description>
							<label>$LOCALIZE[10040]</label>
							<onclick>Skin.SetString($INFO[Skin.String(CustomBtnPresetsParam)],ActivateWindow(addonbrowser,addons://user/category.gameaddons/,return))</onclick>
							<onclick>Dialog.Close(1103)</onclick>
							<visible>Container(450).HasFocus(15)</visible>
						</item>
						<item id="147">
							<description>Install Add-ons</description>
							<label>$LOCALIZE[31125]</label>
							<onclick>Skin.SetString($INFO[Skin.String(CustomBtnPresetsParam)],ActivateWindow(addonbrowser,addons://all/category.gameaddons/,return))</onclick>
							<onclick>Dialog.Close(1103)</onclick>
							<visible>Container(450).HasFocus(15)</visible>
						</item>
						
						<item id="67">
							<description>Weather</description>
							<label>$LOCALIZE[8]</label>
							<onclick>Skin.SetString($INFO[Skin.String(CustomBtnPresetsParam)],ActivateWindow(Weather))</onclick>
							<onclick>Dialog.Close(1103)</onclick>
							<visible>Container(450).HasFocus(14)</visible>
						</item>
						<item id="123">
							<description>Refresh</description>
							<label>$LOCALIZE[184]</label>
							<onclick>Skin.SetString($INFO[Skin.String(CustomBtnPresetsParam)],Weather.Refresh)</onclick>
							<onclick>Dialog.Close(1103)</onclick>
							<visible>Container(450).HasFocus(14)</visible>
						</item>
						<item id="124">
							<description>Settings</description>
							<label>$LOCALIZE[5]</label>
							<onclick>Skin.SetString($INFO[Skin.String(CustomBtnPresetsParam)],ActivateWindow(ServiceSettings,weather))</onclick>
							<onclick>Dialog.Close(1103)</onclick>
							<visible>Container(450).HasFocus(14)</visible>
						</item>
						<item id="125">
							<description>Add-on Settings</description>
							<label>$LOCALIZE[10140]</label>
							<onclick>Skin.SetString($INFO[Skin.String(CustomBtnPresetsParam)],Addon.OpenSettings($INFO[Weather.Plugin]))</onclick>
							<onclick>Dialog.Close(1103)</onclick>
							<visible>Container(450).HasFocus(14)</visible>
						</item>
						<item id="126">
							<description>Next Location</description>
							<label>$LOCALIZE[31196]</label>
							<onclick>Skin.SetString($INFO[Skin.String(CustomBtnPresetsParam)],Weather.LocationNext)</onclick>
							<onclick>Dialog.Close(1103)</onclick>
							<visible>Container(450).HasFocus(14)</visible>
						</item>
						<item id="127">
							<description>Previous Location</description>
							<label>$LOCALIZE[31197]</label>
							<onclick>Skin.SetString($INFO[Skin.String(CustomBtnPresetsParam)],Weather.LocationPrevious)</onclick>
							<onclick>Dialog.Close(1103)</onclick>
							<visible>Container(450).HasFocus(14)</visible>
						</item>
						<item id="128">
							<description>Location 1</description>
							<label>$LOCALIZE[31198] $NUMBER[1]</label>
							<onclick>Skin.SetString($INFO[Skin.String(CustomBtnPresetsParam)],Weather.LocationSet(1))</onclick>
							<onclick>Dialog.Close(1103)</onclick>
							<visible>Container(450).HasFocus(14)</visible>
						</item>
						<item id="129">
							<description>Location 2</description>
							<label>$LOCALIZE[31198] $NUMBER[2]</label>
							<onclick>Skin.SetString($INFO[Skin.String(CustomBtnPresetsParam)],Weather.LocationSet(2))</onclick>
							<onclick>Dialog.Close(1103)</onclick>
							<visible>Container(450).HasFocus(14)</visible>
						</item>
						<item id="130">
							<description>Location 3</description>
							<label>$LOCALIZE[31198] $NUMBER[3]</label>
							<onclick>Skin.SetString($INFO[Skin.String(CustomBtnPresetsParam)],Weather.LocationSet(3))</onclick>
							<onclick>Dialog.Close(1103)</onclick>
							<visible>Container(450).HasFocus(14)</visible>
						</item>
						<item id="131">
							<description>Location 4</description>
							<label>$LOCALIZE[31198] $NUMBER[4]</label>
							<onclick>Skin.SetString($INFO[Skin.String(CustomBtnPresetsParam)],Weather.LocationSet(4))</onclick>
							<onclick>Dialog.Close(1103)</onclick>
							<visible>Container(450).HasFocus(14)</visible>
						</item>
						<item id="132">
							<description>Location 5</description>
							<label>$LOCALIZE[31198] $NUMBER[5]</label>
							<onclick>Skin.SetString($INFO[Skin.String(CustomBtnPresetsParam)],Weather.LocationSet(5))</onclick>
							<onclick>Dialog.Close(1103)</onclick>
							<visible>Container(450).HasFocus(14)</visible>
						</item>
						<item id="148">
							<description>Add-on Browser</description>
							<label>$LOCALIZE[10040]</label>
							<onclick>Skin.SetString($INFO[Skin.String(CustomBtnPresetsParam)],ActivateWindow(addonbrowser,addons://user/xbmc.python.weather/,return))</onclick>
							<onclick>Dialog.Close(1103)</onclick>
							<visible>Container(450).HasFocus(14)</visible>
						</item>
						<item id="149">
							<description>Install Add-ons</description>
							<label>$LOCALIZE[31125]</label>
							<onclick>Skin.SetString($INFO[Skin.String(CustomBtnPresetsParam)],ActivateWindow(addonbrowser,addons://all/xbmc.python.weather/,return))</onclick>
							<onclick>Dialog.Close(1103)</onclick>
							<visible>Container(450).HasFocus(14)</visible>
						</item>

						<item id="65">
							<description>Favourites</description>
							<label>$LOCALIZE[1036]</label>
							<onclick>Skin.SetString($INFO[Skin.String(CustomBtnPresetsParam)],ActivateWindow(favouritesbrowser))</onclick>
							<onclick>Dialog.Close(1103)</onclick>
							<visible>Container(450).HasFocus(10)</visible>
						</item>
						<item id="66">
							<description>Filemanager</description>
							<label>$LOCALIZE[10003]</label>
							<onclick>Skin.SetString($INFO[Skin.String(CustomBtnPresetsParam)],ActivateWindow(Filemanager))</onclick>
							<onclick>Dialog.Close(1103)</onclick>
							<visible>Container(450).HasFocus(10)</visible>
						</item>
						<item id="122">
							<description>Search</description>
							<label>$LOCALIZE[137]</label>
							<onclick>Skin.SetString($INFO[Skin.String(CustomBtnPresetsParam)],ActivateWindow(1107))</onclick>
							<onclick>Dialog.Close(1103)</onclick>
							<visible>Container(450).HasFocus(10)</visible>
						</item>
						<item id="161">
							<description>My Add-ons</description>
							<label>$LOCALIZE[24998]</label>
							<onclick>Skin.SetString($INFO[Skin.String(CustomBtnPresetsParam)],ActivateWindow(1116))</onclick>
							<onclick>Dialog.Close(1103)</onclick>
							<visible>Container(450).HasFocus(10)</visible>
						</item>

						<item id="68">
							<description>Interface Settings</description>
							<label>$LOCALIZE[14206]</label>
							<onclick>Skin.SetString($INFO[Skin.String(CustomBtnPresetsParam)],ActivateWindow(InterfaceSettings))</onclick>
							<onclick>Dialog.Close(1103)</onclick>
							<visible>Container(450).HasFocus(11)</visible>
						</item>
						<item id="76">
							<description>Skin Settings</description>
							<label>$LOCALIZE[166]</label>
							<onclick>Skin.SetString($INFO[Skin.String(CustomBtnPresetsParam)],ActivateWindow(SkinSettings))</onclick>
							<onclick>Dialog.Close(1103)</onclick>
							<visible>Container(450).HasFocus(11)</visible>
						</item>
						<item id="69">
							<description>Player Settings</description>
							<label>$LOCALIZE[14200]</label>
							<onclick>Skin.SetString($INFO[Skin.String(CustomBtnPresetsParam)],ActivateWindow(PlayerSettings))</onclick>
							<onclick>Dialog.Close(1103)</onclick>
							<visible>Container(450).HasFocus(11)</visible>
						</item>
						<item id="71">
							<description>Media Settings</description>
							<label>$LOCALIZE[14211]</label>
							<onclick>Skin.SetString($INFO[Skin.String(CustomBtnPresetsParam)],ActivateWindow(MediaSettings))</onclick>
							<onclick>Dialog.Close(1103)</onclick>
							<visible>Container(450).HasFocus(11)</visible>
						</item>
						<item id="70">
							<description>PVR Settings</description>
							<label>$LOCALIZE[19020]</label>
							<onclick>Skin.SetString($INFO[Skin.String(CustomBtnPresetsParam)],ActivateWindow(PVRSettings))</onclick>
							<onclick>Dialog.Close(1103)</onclick>
							<visible>Container(450).HasFocus(11)</visible>
						</item>
						<item id="160">
							<description>Game Settings</description>
							<label>$LOCALIZE[15016]</label>
							<onclick>Skin.SetString($INFO[Skin.String(CustomBtnPresetsParam)],ActivateWindow(GameSettings))</onclick>
							<onclick>Dialog.Close(1103)</onclick>
							<visible>Container(450).HasFocus(11)</visible>
						</item>
						<item id="72">
							<description>Profiles Settings</description>
							<label>$LOCALIZE[13200]</label>
							<onclick>Skin.SetString($INFO[Skin.String(CustomBtnPresetsParam)],ActivateWindow(Profiles))</onclick>
							<onclick>Dialog.Close(1103)</onclick>
							<visible>Container(450).HasFocus(11)</visible>
						</item>
						<item id="74">
							<description>Services Settings</description>
							<label>$LOCALIZE[14036]</label>
							<onclick>Skin.SetString($INFO[Skin.String(CustomBtnPresetsParam)],ActivateWindow(ServiceSettings))</onclick>
							<onclick>Dialog.Close(1103)</onclick>
							<visible>Container(450).HasFocus(11)</visible>
						</item>
						<item id="75">
							<description>System Settings</description>
							<label>$LOCALIZE[13000]</label>
							<onclick>Skin.SetString($INFO[Skin.String(CustomBtnPresetsParam)],ActivateWindow(SystemSettings))</onclick>
							<onclick>Dialog.Close(1103)</onclick>
							<visible>Container(450).HasFocus(11)</visible>
						</item>

						<item id="77">
							<description>Add-ons</description>
							<label>$LOCALIZE[24001]</label>
							<onclick>Skin.SetString($INFO[Skin.String(CustomBtnPresetsParam)],ActivateWindow(AddonBrowser))</onclick>
							<onclick>Dialog.Close(1103)</onclick>
							<visible>Container(450).HasFocus(12)</visible>
						</item>
						<item id="78">
							<description>Profiles</description>
							<label>$LOCALIZE[13200]</label>
							<onclick>Skin.SetString($INFO[Skin.String(CustomBtnPresetsParam)],ActivateWindow(Profiles))</onclick>
							<onclick>Dialog.Close(1103)</onclick>
							<visible>Container(450).HasFocus(12)</visible>
						</item>
						<item id="79">
							<description>System Info</description>
							<label>$LOCALIZE[130]</label>
							<onclick>Skin.SetString($INFO[Skin.String(CustomBtnPresetsParam)],ActivateWindow(SystemInfo))</onclick>
							<onclick>Dialog.Close(1103)</onclick>
							<visible>Container(450).HasFocus(12)</visible>
						</item>
						<item id="117">
							<description>Event Log</description>
							<label>$LOCALIZE[14111]</label>
							<onclick>Skin.SetString($INFO[Skin.String(CustomBtnPresetsParam)],ActivateWindow(EventLog,events://,return))</onclick>
							<onclick>Dialog.Close(1103)</onclick>
							<visible>Container(450).HasFocus(12)</visible>
						</item>
						<item id="80">
							<description>Power</description>
							<label>$LOCALIZE[33060]</label>
							<onclick>Skin.SetString($INFO[Skin.String(CustomBtnPresetsParam)],ActivateWindow(ShutdownMenu))</onclick>
							<onclick>Dialog.Close(1103)</onclick>
							<visible>Container(450).HasFocus(12)</visible>
						</item>
						<item id="81">
							<description>Shutdown</description>
							<label>$LOCALIZE[13005]</label>
							<onclick>Skin.SetString($INFO[Skin.String(CustomBtnPresetsParam)],Shutdown())</onclick>
							<onclick>Dialog.Close(1103)</onclick>
							<visible>Container(450).HasFocus(12)</visible>
						</item>
						<item id="82">
							<description>Suspend</description>
							<label>$LOCALIZE[13011]</label>
							<onclick>Skin.SetString($INFO[Skin.String(CustomBtnPresetsParam)],Suspend())</onclick>
							<onclick>Dialog.Close(1103)</onclick>
							<visible>Container(450).HasFocus(12)</visible>
						</item>
						<item id="83">
							<description>Hibernate</description>
							<label>$LOCALIZE[13010]</label>
							<onclick>Skin.SetString($INFO[Skin.String(CustomBtnPresetsParam)],Hibernate())</onclick>
							<onclick>Dialog.Close(1103)</onclick>
							<visible>Container(450).HasFocus(12)</visible>
						</item>
						<item id="84">
							<description>Reboot</description>
							<label>$LOCALIZE[13013]</label>
							<onclick>Skin.SetString($INFO[Skin.String(CustomBtnPresetsParam)],Reset())</onclick>
							<onclick>Dialog.Close(1103)</onclick>
							<visible>Container(450).HasFocus(12)</visible>
						</item>
						<item id="162">
							<description>Reboot from internal</description>
							<label>$LOCALIZE[31420]</label>
							<onclick>Skin.SetString($INFO[Skin.String(CustomBtnPresetsParam)],System.ExecWait(&quot;/usr/sbin/rebootfromnand&quot;))</onclick>
							<onclick>Dialog.Close(1103)</onclick>
							<visible>Container(450).HasFocus(12)</visible>
						</item>
						<item id="85">
							<description>Quit Kodi</description>
							<label>$LOCALIZE[31705]</label>
							<onclick>Skin.SetString($INFO[Skin.String(CustomBtnPresetsParam)],Quit())</onclick>
							<onclick>Dialog.Close(1103)</onclick>
							<visible>Container(450).HasFocus(12)</visible>
						</item>
						<item id="86">
							<description>Restart Kodi</description>
							<label>$LOCALIZE[31706]</label>
							<onclick>Skin.SetString($INFO[Skin.String(CustomBtnPresetsParam)],RestartApp())</onclick>
							<onclick>Dialog.Close(1103)</onclick>
							<visible>Container(450).HasFocus(12)</visible>
						</item>
						<item id="87">
							<description>Reload Skin</description>
							<label>$LOCALIZE[20183]</label>
							<onclick>Skin.SetString($INFO[Skin.String(CustomBtnPresetsParam)],ReloadSkin())</onclick>
							<onclick>Dialog.Close(1103)</onclick>
							<visible>Container(450).HasFocus(12)</visible>
						</item>
						<item id="88">
							<description>Play Disc</description>
							<label>$LOCALIZE[341]</label>
							<onclick>Skin.SetString($INFO[Skin.String(CustomBtnPresetsParam)],PlayDisc(DVD))</onclick>
							<onclick>Dialog.Close(1103)</onclick>
							<visible>Container(450).HasFocus(12)</visible>
						</item>
						<item id="89">
							<description>Eject/Load Disc</description>
							<label>$LOCALIZE[13391]</label>
							<onclick>Skin.SetString($INFO[Skin.String(CustomBtnPresetsParam)],EjectTray())</onclick>
							<onclick>Dialog.Close(1103)</onclick>
							<visible>Container(450).HasFocus(12)</visible>
						</item>
						<item id="90">
							<description>Player Controls OSD</description>
							<label>$LOCALIZE[32075]</label>
							<onclick>Skin.SetString($INFO[Skin.String(CustomBtnPresetsParam)],ActivateWindow(PlayerControls))</onclick>
							<onclick>Dialog.Close(1103)</onclick>
							<visible>Container(450).HasFocus(12)</visible>
						</item>
						<item id="91">
							<description>Go To Fullscreen Playback</description>
							<label>$LOCALIZE[32074]</label>
							<onclick>Skin.SetString($INFO[Skin.String(CustomBtnPresetsParam)],Fullscreen)</onclick>
							<onclick>Dialog.Close(1103)</onclick>
							<visible>Container(450).HasFocus(12)</visible>
						</item>
					</content>
				</control>
				
				<control type="group" id="150">
					<description>Left Scroll</description>
					<left>114</left>

					<control type="button" id="151">
						<width>17</width>
						<height>12</height>
						<onright>450</onright>
						<ondown>450</ondown>
						<onleft>9001</onleft>
						<texturefocus border="5">controls/arrow-scroll-up-focus4.png</texturefocus>
						<texturenofocus border="5">controls/arrow-scroll-up-nofocus4.png</texturenofocus>
						<onclick>Control.SetFocus(450)</onclick>
						<onclick>PageUp</onclick>
						<onclick condition="!String.IsEqual(Container(450).CurrentPage,1)">Control.SetFocus(151)</onclick>
						<onclick condition="String.IsEqual(Container(450).CurrentPage,1)">Control.SetFocus(450)</onclick>
						<visible>!String.IsEqual(Container(450).NumPages,1) + !String.IsEqual(Container(450).CurrentPage,1)</visible>
					</control>

					<control type="button" id="152">
						<top>348</top>
						<width>17</width>
						<height>12</height>
						<onright>450</onright>
						<onup>450</onup>
						<onleft>9001</onleft>
						<texturefocus border="5" flipy="true">controls/arrow-scroll-up-focus4.png</texturefocus>
						<texturenofocus border="5" flipy="true">controls/arrow-scroll-up-nofocus4.png</texturenofocus>
						<onclick>Control.SetFocus(450)</onclick>
						<onclick>PageDown</onclick>
						<onclick condition="!String.IsEqual(Container(450).CurrentPage,Container(450).NumPages)">Control.SetFocus(152)</onclick>
						<onclick condition="String.IsEqual(Container(450).CurrentPage,Container(450).NumPages)">Control.SetFocus(450)</onclick>
						<visible>!String.IsEqual(Container(450).NumPages,1) + !String.IsEqual(Container(450).CurrentPage,Container(450).NumPages)</visible>
					</control>
				</control>

				<control type="group" id="250">
					<description>Right Scroll</description>
					<left>469</left>

					<control type="button" id="251">
						<width>17</width>
						<height>12</height>
						<onleft>451</onleft>
						<ondown>451</ondown>
						<onright>9001</onright>
						<texturefocus border="5">controls/arrow-scroll-up-focus4.png</texturefocus>
						<texturenofocus border="5">controls/arrow-scroll-up-nofocus4.png</texturenofocus>
						<onclick>Control.SetFocus(451)</onclick>
						<onclick>PageUp</onclick>
						<onclick condition="!String.IsEqual(Container(451).CurrentPage,1)">Control.SetFocus(251)</onclick>
						<onclick condition="String.IsEqual(Container(451).CurrentPage,1)">Control.SetFocus(451)</onclick>
						<visible>!String.IsEqual(Container(451).NumPages,1) + !String.IsEqual(Container(451).CurrentPage,1)</visible>
					</control>

					<control type="button" id="252">
						<top>348</top>
						<width>17</width>
						<height>12</height>
						<onleft>451</onleft>
						<onup>451</onup>
						<onright>9001</onright>
						<texturefocus border="5" flipy="true">controls/arrow-scroll-up-focus4.png</texturefocus>
						<texturenofocus border="5" flipy="true">controls/arrow-scroll-up-nofocus4.png</texturenofocus>
						<onclick>Control.SetFocus(451)</onclick>
						<onclick>PageDown</onclick>
						<onclick condition="!String.IsEqual(Container(451).CurrentPage,Container(451).NumPages)">Control.SetFocus(252)</onclick>
						<onclick condition="String.IsEqual(Container(451).CurrentPage,Container(451).NumPages)">Control.SetFocus(451)</onclick>
						<visible>!String.IsEqual(Container(451).NumPages,1) + !String.IsEqual(Container(451).CurrentPage,Container(451).NumPages)</visible>
					</control>
				</control>
			</control>

			<control type="grouplist" id="9001">
				<description>Dialog Button Area</description>
				<left>80</left>
				<top>422</top>
				<width>510</width>
				<itemgap>0</itemgap>
				<align>center</align>
				<orientation>horizontal</orientation>
				<onup>450</onup>
				<control type="button" id="414">
					<description>Cancel</description>
					<include>DialogMenuBarBtn</include>
					<label>$LOCALIZE[222]</label>
					<onclick>Dialog.Close(1103)</onclick>
				</control>
			</control>
		</control>
	</controls>
</window>