<?xml version="1.0" encoding="UTF-8"?>
<includes> 
	<include name="MediaSkinSettings">
		<control type="group">
			<visible>Skin.String(SkinSettingsCategory,3)</visible>
			
			<control type="grouplist" id="902">
				<description>Media Content Area</description>
				<width>755</width>
				<height>500</height>
				<pagecontrol>993</pagecontrol>
				<itemgap>0</itemgap>
				<onup>902</onup>
				<ondown>902</ondown>
				<onleft>3</onleft>
				<onright>150</onright>
				<visible>!Skin.HasSetting(ExpandedSettings)</visible>
				<include>ContentSettingsOpenCloseAnim</include>
				<control type="button" id="3027">
					<description>General Label</description>
					<include>SettingsHeaderBtn</include>
					<label>$LOCALIZE[128]</label>
				</control>
				<control type="button" id="3028">
					<description>Select Rating</description>
					<include>SettingsContentBtn</include>
					<label>$LOCALIZE[31032]: [COLOR=DefaultColor2]$VAR[RatingTypeLabel][/COLOR]</label>
					<onclick>Skin.SelectBool(31032, 38018|RatingTypeUser, 571|RatingTypeDefault)</onclick>
				</control>
				<control type="button" id="2361">
					<label>$LOCALIZE[32081]</label>
					<include>SettingsContentBtn</include>
					<onclick condition="!Skin.HasSetting(osd.useOneSecondCodecLogos) + !Skin.HasSetting(osd.useTwoSecondsCodecLogos) + !Skin.HasSetting(osd.useThreeSecondsCodecLogos) + !Skin.HasSetting(osd.useFourSecondsCodecLogos) + !Skin.HasSetting(osd.useFiveSecondsCodecLogos) + !Skin.HasSetting(osd.useSixSecondsCodecLogos) + !Skin.HasSetting(osd.useSevenSecondsCodecLogos) + !Skin.HasSetting(osd.useEightSecondsCodecLogos) + !Skin.HasSetting(osd.useNineSecondsCodecLogos) + !Skin.HasSetting(osd.useTenSecondsCodecLogos) + !Skin.HasSetting(osd.useElevenSecondsCodecLogos) + !Skin.HasSetting(osd.useTwelveSecondsCodecLogos) + !Skin.HasSetting(osd.useThirteenSecondsCodecLogos) + !Skin.HasSetting(osd.useFourteenSecondsCodecLogos) + !Skin.HasSetting(osd.useFifteenSecondsCodecLogos)">Skin.ToggleSetting(osd.useSixSecondsCodecLogos)</onclick>
					<onclick condition="Skin.HasSetting(osd.useFiveSecondsCodecLogos)">Skin.ToggleSetting(osd.useSixSecondsCodecLogos)</onclick>
					<onclick condition="Skin.HasSetting(osd.useSixSecondsCodecLogos)">Skin.ToggleSetting(osd.useSevenSecondsCodecLogos)</onclick>
					<onclick condition="Skin.HasSetting(osd.useSevenSecondsCodecLogos)">Skin.ToggleSetting(osd.useEightSecondsCodecLogos)</onclick>
					<onclick condition="Skin.HasSetting(osd.useEightSecondsCodecLogos)">Skin.ToggleSetting(osd.useNineSecondsCodecLogos)</onclick>
					<onclick condition="Skin.HasSetting(osd.useNineSecondsCodecLogos)">Skin.ToggleSetting(osd.useTenSecondsCodecLogos)</onclick>
					<onclick condition="Skin.HasSetting(osd.useTenSecondsCodecLogos)">Skin.ToggleSetting(osd.useElevenSecondsCodecLogos)</onclick>
					<onclick condition="Skin.HasSetting(osd.useElevenSecondsCodecLogos)">Skin.ToggleSetting(osd.useTwelveSecondsCodecLogos)</onclick>
					<onclick condition="Skin.HasSetting(osd.useTwelveSecondsCodecLogos)">Skin.ToggleSetting(osd.useThirteenSecondsCodecLogos)</onclick>
					<onclick condition="Skin.HasSetting(osd.useThirteenSecondsCodecLogos)">Skin.ToggleSetting(osd.useFourteenSecondsCodecLogos)</onclick>
					<onclick condition="Skin.HasSetting(osd.useFourteenSecondsCodecLogos)">Skin.ToggleSetting(osd.useFifteenSecondsCodecLogos)</onclick>
					<onclick condition="Skin.HasSetting(osd.useFifteenSecondsCodecLogos)">Skin.ToggleSetting(osd.useOneSecondCodecLogos)</onclick>
					<onclick condition="Skin.HasSetting(osd.useOneSecondCodecLogos)">Skin.ToggleSetting(osd.useTwoSecondsCodecLogos)</onclick>
					<onclick condition="Skin.HasSetting(osd.useTwoSecondsCodecLogos)">Skin.ToggleSetting(osd.useThreeSecondsCodecLogos)</onclick>
					<onclick condition="Skin.HasSetting(osd.useThreeSecondsCodecLogos)">Skin.ToggleSetting(osd.useFourSecondsCodecLogos)</onclick>
					<onclick condition="Skin.HasSetting(osd.useFourSecondsCodecLogos)">Skin.Reset(osd.useFourSecondsCodecLogos)</onclick>
					<onclick condition="Skin.HasSetting(osd.useOneSecondCodecLogos)">Skin.Reset(osd.useOneSecondCodecLogos)</onclick>
					<onclick condition="Skin.HasSetting(osd.useTwoSecondsCodecLogos)">Skin.Reset(osd.useTwoSecondsCodecLogos)</onclick>
					<onclick condition="Skin.HasSetting(osd.useThreeSecondsCodecLogos)">Skin.Reset(osd.useThreeSecondsCodecLogos)</onclick>
					<onclick condition="Skin.HasSetting(osd.useFiveSecondsCodecLogos)">Skin.Reset(osd.useFiveSecondsCodecLogos)</onclick>
					<onclick condition="Skin.HasSetting(osd.useSixSecondsCodecLogos)">Skin.Reset(osd.useSixSecondsCodecLogos)</onclick>
					<onclick condition="Skin.HasSetting(osd.useSevenSecondsCodecLogos)">Skin.Reset(osd.useSevenSecondsCodecLogos)</onclick>
					<onclick condition="Skin.HasSetting(osd.useEightSecondsCodecLogos)">Skin.Reset(osd.useEightSecondsCodecLogos)</onclick>
					<onclick condition="Skin.HasSetting(osd.useNineSecondsCodecLogos)">Skin.Reset(osd.useNineSecondsCodecLogos)</onclick>
					<onclick condition="Skin.HasSetting(osd.useTenSecondsCodecLogos)">Skin.Reset(osd.useTenSecondsCodecLogos)</onclick>
					<onclick condition="Skin.HasSetting(osd.useElevenSecondsCodecLogos)">Skin.Reset(osd.useElevenSecondsCodecLogos)</onclick>
					<onclick condition="Skin.HasSetting(osd.useTwelveSecondsCodecLogos)">Skin.Reset(osd.useTwelveSecondsCodecLogos)</onclick>
					<onclick condition="Skin.HasSetting(osd.useThirteenSecondsCodecLogos)">Skin.Reset(osd.useThirteenSecondsCodecLogos)</onclick>
					<onclick condition="Skin.HasSetting(osd.useFourteenSecondsCodecLogos)">Skin.Reset(osd.useFourteenSecondsCodecLogos)</onclick>
					<onclick condition="Skin.HasSetting(osd.useFifteenSecondsCodecLogos)">Skin.Reset(osd.useFifteenSecondsCodecLogos)</onclick>
					<label2>$VAR[OSDCodecLogosStartupTimerLabel]</label2>
				</control>
				<control type="button" id="2362">
					<label>$LOCALIZE[32062]</label>
					<include>SettingsContentBtn</include>
					<onclick condition="!Skin.HasSetting(osd.useleftCodecStartupLogos) + !Skin.HasSetting(osd.usecenterCodecStartupLogos) + !Skin.HasSetting(osd.userightCodecStartupLogos)">Skin.ToggleSetting(osd.useleftCodecStartupLogos)</onclick>
					<onclick condition="Skin.HasSetting(osd.useleftCodecStartupLogos)">Skin.ToggleSetting(osd.usecenterCodecStartupLogos)</onclick>
					<onclick condition="Skin.HasSetting(osd.usecenterCodecStartupLogos)">Skin.ToggleSetting(osd.userightCodecStartupLogos)</onclick>
					<onclick condition="Skin.HasSetting(osd.useleftCodecStartupLogos)">Skin.Reset(osd.useleftCodecStartupLogos)</onclick>
					<onclick condition="Skin.HasSetting(osd.userightCodecStartupLogos)">Skin.Reset(osd.userightCodecStartupLogos)</onclick>
					<onclick condition="Skin.HasSetting(osd.usecenterCodecStartupLogos)">Skin.Reset(osd.usecenterCodecStartupLogos)</onclick>
					<label2>$VAR[OSDCodecLogosStartupLabel]</label2>
				</control>
				<control type="button" id="2363">
					<label>$LOCALIZE[32060]</label>
					<include>SettingsContentBtn</include>
					<onclick condition="!Skin.HasSetting(osd.useleftCodecLogos) + !Skin.HasSetting(osd.usecenterCodecLogos) + !Skin.HasSetting(osd.userightCodecLogos)">Skin.ToggleSetting(osd.useleftCodecLogos)</onclick>
					<onclick condition="Skin.HasSetting(osd.useleftCodecLogos)">Skin.ToggleSetting(osd.usecenterCodecLogos)</onclick>
					<onclick condition="Skin.HasSetting(osd.usecenterCodecLogos)">Skin.ToggleSetting(osd.userightCodecLogos)</onclick>
					<onclick condition="Skin.HasSetting(osd.useleftCodecLogos)">Skin.Reset(osd.useleftCodecLogos)</onclick>
					<onclick condition="Skin.HasSetting(osd.userightCodecLogos)">Skin.Reset(osd.userightCodecLogos)</onclick>
					<onclick condition="Skin.HasSetting(osd.usecenterCodecLogos)">Skin.Reset(osd.usecenterCodecLogos)</onclick>
					<label2>$VAR[OSDCodecLogosLabel]</label2>
				</control>
				<control type="button" id="2364">
					<label>$LOCALIZE[32061]</label>
					<include>SettingsContentBtn</include>
					<onclick condition="!Skin.HasSetting(ppi.useleftCodecLogos) + !Skin.HasSetting(ppi.usecenterCodecLogos) + !Skin.HasSetting(ppi.userightCodecLogos)">Skin.ToggleSetting(ppi.useleftCodecLogos)</onclick>
					<onclick condition="Skin.HasSetting(ppi.useleftCodecLogos)">Skin.ToggleSetting(ppi.usecenterCodecLogos)</onclick>
					<onclick condition="Skin.HasSetting(ppi.usecenterCodecLogos)">Skin.ToggleSetting(ppi.userightCodecLogos)</onclick>
					<onclick condition="Skin.HasSetting(ppi.useleftCodecLogos)">Skin.Reset(ppi.useleftCodecLogos)</onclick>
					<onclick condition="Skin.HasSetting(ppi.userightCodecLogos)">Skin.Reset(ppi.userightCodecLogos)</onclick>
					<onclick condition="Skin.HasSetting(ppi.usecenterCodecLogos)">Skin.Reset(ppi.usecenterCodecLogos)</onclick>
					<label2>$VAR[PPICodecLogosLabel]</label2>
				</control>
				<control type="button" id="3007">
					<description>Videos Label</description>
					<include>SettingsHeaderBtn</include>
					<label>$LOCALIZE[3]</label>
				</control>
				<control type="radiobutton" id="3014">
					<description>Play Trailers in a window (video information dialog)</description>
					<include>SettingsContentRadioBtn</include>
					<label>$LOCALIZE[31981]</label>
					<selected>Skin.HasSetting(PlayTrailerWindowed)</selected>
					<onclick>Skin.ToggleSetting(PlayTrailerWindowed)</onclick>
					<enable>!Skin.String(LowCPUPowerMode,Full)</enable>
				</control>
				<control type="radiobutton" id="3043">
					<description>Right clicking scrollbar plays trailer</description>
					<include>SettingsContentRadioBtn</include>
					<label>$LOCALIZE[31493]</label>
					<selected>!Skin.HasSetting(ScrollbarTrailerPlayback)</selected>
					<onclick>Skin.ToggleSetting(ScrollbarTrailerPlayback)</onclick>
				</control>
				<control type="radiobutton" id="3037">
					<description>Use alternative duration</description>
					<include>SettingsContentRadioBtn</include>
					<label>$LOCALIZE[31406]</label>
					<selected>Skin.HasSetting(UseAlternativeDuration)</selected>
					<onclick>Skin.ToggleSetting(UseAlternativeDuration)</onclick>
				</control>
				<control type="button" id="4042">
					<description>Select Movie Genre Icon Pack</description>
					<include>SettingsContentBtn</include>
					<label>$LOCALIZE[31066]: [COLOR DefaultColor2]$VAR[MovieGenreIconsAddonNameVar][/COLOR]</label>
					<onclick condition="System.AddonIsEnabled(script.image.resource.select)">RunScript(script.image.resource.select,property=MovieGenreIconsAddon&amp;type=resource.images.moviegenreicons)</onclick>
					<onclick condition="!System.HasAddon(script.image.resource.select)">InstallAddon(script.image.resource.select)</onclick>
					<onclick condition="System.HasAddon(script.image.resource.select) + !System.AddonIsEnabled(script.image.resource.select)">EnableAddon(script.image.resource.select)</onclick>
				</control>
				<control type="button" id="3029">
					<description>Video Playing Label</description>
					<include>SettingsHeaderBtn</include>
					<label>$LOCALIZE[31189]</label>
				</control>
				<control type="radiobutton" id="3008">
					<description>Enable Video Playing In The Background</description>
					<include>SettingsContentRadioBtn</include>
					<label>$LOCALIZE[31410]</label>
					<selected>!Skin.HasSetting(DisableVideoPlayingBG)</selected>
					<onclick>Skin.ToggleSetting(DisableVideoPlayingBG)</onclick>
					<enable>!Skin.String(LowCPUPowerMode,Full)</enable>
				</control>
				<control type="button" id="3035">
					<description>Fullscreen Video Label</description>
					<include>SettingsHeaderBtn</include>
					<label>$LOCALIZE[12005]</label>
				</control>
				<control type="radiobutton" id="3036">
					<description>Hide Seek Bar</description>
					<include>SettingsContentRadioBtn</include>
					<label>$LOCALIZE[31027]</label>
					<selected>Skin.HasSetting(HideSeekBarOSD)</selected>
					<onclick>Skin.ToggleSetting(HideSeekBarOSD)</onclick>
				</control>
				<control type="radiobutton" id="3042">
					<description>Show Information When Paused</description>
					<include>SettingsContentRadioBtn</include>
					<label>$LOCALIZE[31494]</label>
					<selected>Skin.HasSetting(ShowInfoOnPause)</selected>
					<onclick>Skin.ToggleSetting(ShowInfoOnPause)</onclick>
				</control>
				<control type="radiobutton" id="3044">
					<description>Automatically close OSD</description>
					<include>SettingsContentRadioBtn</include>
					<label>$LOCALIZE[31514]</label>
					<selected>Skin.HasSetting(OSDAutoClose)</selected>
					<onclick>Skin.ToggleSetting(OSDAutoClose)</onclick>
				</control>
				<control type="button" id="3045">
					<description>OSD autoclose time (seconds)</description>
					<include>SettingsContentBtn</include>
					<label>$LOCALIZE[31515]: [COLOR=DefaultColor2]$VAR[SkinSettingOSDAutoCloseTime][/COLOR]</label>
					<onclick>Skin.SetNumeric(OSDAutoCloseTime)</onclick>
					<enable>Skin.HasSetting(OSDAutoClose)</enable>
				</control>
				<control type="radiobutton" id="3019">
					<description>Show Clear Art On OSD</description>
					<include>SettingsContentRadioBtn</include>
					<label>$LOCALIZE[31432]</label>
					<selected>Skin.HasSetting(ShowClearArtOSD)</selected>
					<onclick>Skin.ToggleSetting(ShowClearArtOSD)</onclick>
					<onclick>Skin.Reset(ShowClearLogoOSD)</onclick>
				</control>
				<control type="radiobutton" id="3030">
					<description>Show Clear Logo On OSD</description>
					<include>SettingsContentRadioBtn</include>
					<label>$LOCALIZE[31435]</label>
					<selected>Skin.HasSetting(ShowClearLogoOSD)</selected>
					<onclick>Skin.ToggleSetting(ShowClearLogoOSD)</onclick>
					<onclick>Skin.Reset(ShowClearArtOSD)</onclick>
				</control>
				<control type="radiobutton" id="3009">
					<description>Show "Paused" in Fullscreen Video</description>
					<include>SettingsContentRadioBtn</include>
					<label>$LOCALIZE[31915]</label>
					<selected>Skin.HasSetting(ShowFullscreenVideoPaused)</selected>
					<onclick>Skin.ToggleSetting(ShowFullscreenVideoPaused)</onclick>
				</control>
				<control type="button" id="3020">
					<description>View Options Label (TVShows)</description>
					<include>SettingsHeaderBtn</include>
					<label>$LOCALIZE[20343]</label>
				</control>
				<control type="togglebutton" id="3021">
					<description>Toggle Banner / Poster</description>
					<include>SettingsContentToggleBtn</include>
					<label>$LOCALIZE[31405]</label>
					<altlabel>$LOCALIZE[31404]</altlabel>
					<usealttexture>Skin.HasSetting(UseTVShowsPosterCover)</usealttexture>
					<onclick>Skin.ToggleSetting(UseTVShowsPosterCover)</onclick>
				</control>
				<control type="button" id="3038">
					<description>TV / Radio Label</description>
					<include>SettingsHeaderBtn</include>
					<label>$LOCALIZE[19020] / $LOCALIZE[19183]</label>
					<visible>System.HasPVRAddon</visible>
				</control>
				<control type="button" id="3039">
					<description>Select Multi Image Path for TV Channels / Recordings</description>
					<include>SettingsContentBtn</include>
					<label>$LOCALIZE[31900]$INFO[Skin.String(TVMultiimagePath),: [COLOR=DefaultColor2],[/COLOR]]</label>
					<onclick>Skin.Reset(TVMultiimagePath)</onclick>
					<onclick>Skin.SetPath(TVMultiimagePath)</onclick>
					<visible>Pvr.HasTVChannels</visible>
				</control>
				<control type="button" id="3040">
					<description>Select Multi Image Path for Radio Channels / Recordings</description>
					<include>SettingsContentBtn</include>
					<label>$LOCALIZE[31901]$INFO[Skin.String(RadioMultiimagePath),: [COLOR=DefaultColor2],[/COLOR]]</label>
					<onclick>Skin.Reset(RadioMultiimagePath)</onclick>
					<onclick>Skin.SetPath(RadioMultiimagePath)</onclick>
					<visible>Pvr.HasRadioChannels</visible>
				</control>
				<control type="button" id="3031">
					<description>Music Label</description>
					<include>SettingsHeaderBtn</include>
					<label>$LOCALIZE[2]</label>
				</control>
				<control type="radiobutton" id="3023">
					<description>Enable Music CDArt</description>
					<include>SettingsContentRadioBtn</include>
					<label>$LOCALIZE[31433]</label>
					<selected>Skin.HasSetting(EnableMusicCdArt)</selected>
					<onclick>Skin.ToggleSetting(EnableMusicCdArt)</onclick>
					<enable>!Skin.String(LowCPUPowerMode,Full)</enable>
				</control>
				<control type="button" id="3034">
					<description>Music Library Clear Logos Path</description>
					<include>SettingsContentBtn</include>
					<label>$LOCALIZE[31942]: [COLOR=DefaultColor2]$INFO[Skin.String(MusicLibraryClearLogosPath)][/COLOR]</label>
					<onclick>Skin.SetPath(MusicLibraryClearLogosPath)</onclick>
				</control>
				<control type="button" id="4043">
					<description>Select Music Genre Icon Pack</description>
					<include>SettingsContentBtn</include>
					<label>$LOCALIZE[31067]: [COLOR DefaultColor2]$VAR[MusicGenreIconsAddonNameVar][/COLOR]</label>
					<onclick condition="System.AddonIsEnabled(script.image.resource.select)">RunScript(script.image.resource.select,property=MusicGenreIconsAddon&amp;type=resource.images.musicgenreicons)</onclick>
					<onclick condition="!System.HasAddon(script.image.resource.select)">InstallAddon(script.image.resource.select)</onclick>
					<onclick condition="System.HasAddon(script.image.resource.select) + !System.AddonIsEnabled(script.image.resource.select)">EnableAddon(script.image.resource.select)</onclick>
				</control>
				<control type="button" id="3033">
					<description>View Options Label (Music Playing)</description>
					<include>SettingsHeaderBtn</include>
					<label>$LOCALIZE[31086]</label>
				</control>
				<control type="radiobutton" id="3003">
					<description>Enable Music Visualization / Artist Fanart In The Background</description>
					<include>SettingsContentRadioBtn</include>
					<label>$LOCALIZE[31409]</label>
					<selected>!Skin.HasSetting(DisableMusicPlayingBG)</selected>
					<onclick>Skin.ToggleSetting(DisableMusicPlayingBG)</onclick>
					<enable>!Skin.String(LowCPUPowerMode,Full)</enable>
				</control>
				<control type="button" id="3004">
					<description>Choose Background</description>
					<include>SettingsContentBtn</include>
					<label>$LOCALIZE[31172]$VAR[MusicBackgroundLabel,: [COLOR=DefaultColor2],[/COLOR]]</label>
					<onclick>Skin.SelectBool(31172, 31407|!UseFanartForMusicPlayingBG, 31408|UseFanartForMusicPlayingBG, 31411|UseVisualizationAndFanartForMusicPlayingBG)</onclick>
					<enable>!Skin.String(LowCPUPowerMode,Full)</enable>
				</control>
				<control type="radiobutton" id="3018">
					<description>Artist Fanart Slideshow</description>
					<include>SettingsContentRadioBtn</include>
					<label>$LOCALIZE[20425]</label>
					<selected>Skin.HasSetting(EnableArtistFanartSlideshow)</selected>
					<onclick condition="System.AddonIsEnabled(script.artistslideshow)">Skin.ToggleSetting(EnableArtistFanartSlideshow)</onclick>
					<onclick condition="!System.HasAddon(script.artistslideshow)">InstallAddon(script.artistslideshow)</onclick>
					<onclick condition="System.HasAddon(script.artistslideshow) + !System.AddonIsEnabled(script.artistslideshow)">EnableAddon(script.artistslideshow)</onclick>
					<enable>!Skin.String(LowCPUPowerMode,Full)</enable>
					<visible>Skin.HasSetting(UseFanartForMusicPlayingBG) | Skin.HasSetting(UseVisualizationAndFanartForMusicPlayingBG)</visible>
				</control>
				<control type="radiobutton" id="3006">
					<description>Animate Fanart</description>
					<include>SettingsContentRadioBtn</include>
					<label>$LOCALIZE[31063]</label>
					<selected>Skin.HasSetting(AnimateFanartMusicPlayingBG)</selected>
					<onclick>Skin.ToggleSetting(AnimateFanartMusicPlayingBG)</onclick>
					<visible>Skin.HasSetting(UseFanartForMusicPlayingBG) | Skin.HasSetting(UseVisualizationAndFanartForMusicPlayingBG)</visible>
					<enable>!Skin.String(LowCPUPowerMode,Full)</enable>
				</control>
				<control type="button" id="3041">
					<description>Fullscreen Music</description>
					<include>SettingsHeaderBtn</include>
					<label>$LOCALIZE[31997]</label>
				</control>
				<control type="radiobutton" id="3024">
					<description>Show CDArt In Fullscreen Music Playback</description>
					<include>SettingsContentRadioBtn</include>
					<label>$LOCALIZE[31434]</label>
					<selected>!Skin.HasSetting(HideCdArtInMusicPlayingBG)</selected>
					<onclick>Skin.ToggleSetting(HideCdArtInMusicPlayingBG)</onclick>
				</control>
				<control type="radiobutton" id="3001">
					<description>Show "Paused" in Fullscreen Music</description>
					<include>SettingsContentRadioBtn</include>
					<label>$LOCALIZE[31188]</label>
					<selected>Skin.HasSetting(ShowFullscreenMusicPaused)</selected>
					<onclick>Skin.ToggleSetting(ShowFullscreenMusicPaused)</onclick>
				</control>
				<control type="button" id="5005">
					<description>Lyrics Path</description>
					<include>SettingsContentBtn</include>
					<label>$LOCALIZE[31486] - [COLOR=DefaultColor2]$INFO[Skin.String(LyricsScriptPath)][/COLOR]</label>
					<onclick>Skin.SetAddon(LyricsScriptPath,xbmc.python.lyrics)</onclick>
				</control>
				<control type="button" id="5006">
					<description>Lyrics Settings</description>
					<include>SettingsContentBtn</include>
					<label>$LOCALIZE[24013] $LOCALIZE[10004]</label>
					<onclick>Addon.OpenSettings($INFO[Skin.String(LyricsScriptPath)])</onclick>
					<enable>!String.IsEmpty(Skin.String(LyricsScriptPath))</enable>
				</control>
				<control type="radiobutton" id="3026">
					<description>Enable Video Lyrics</description>
					<include>SettingsContentRadioBtn</include>
					<label>$LOCALIZE[31049]</label>
					<selected>Skin.HasSetting(EnableVideoLyrics)</selected>
					<onclick condition="System.AddonIsEnabled(script.cu.lrclyrics)">Skin.ToggleSetting(EnableVideoLyrics)</onclick>
					<onclick condition="!System.HasAddon(script.cu.lrclyrics)">InstallAddon(script.cu.lrclyrics)</onclick>
					<onclick condition="System.HasAddon(script.cu.lrclyrics) + !System.AddonIsEnabled(script.cu.lrclyrics)">EnableAddon(script.cu.lrclyrics)</onclick>
				</control>
				<control type="radiobutton" id="3046">
					<description>Automatically close OSD</description>
					<include>SettingsContentRadioBtn</include>
					<label>$LOCALIZE[31514]</label>
					<selected>Skin.HasSetting(OSDAutoClose)</selected>
					<onclick>Skin.ToggleSetting(OSDAutoClose)</onclick>
				</control>
				<control type="button" id="3047">
					<description>OSD autoclose time (seconds)</description>
					<include>SettingsContentBtn</include>
					<label>$LOCALIZE[31515]: [COLOR=DefaultColor2]$VAR[SkinSettingOSDAutoCloseTime][/COLOR]</label>
					<onclick>Skin.SetNumeric(OSDAutoCloseTime)</onclick>
					<enable>Skin.HasSetting(OSDAutoClose)</enable>
				</control>
				<control type="button" id="3032">
					<description>Pictures Label</description>
					<include>SettingsHeaderBtn</include>
					<label>$LOCALIZE[1]</label>
				</control>
				<control type="radiobutton" id="102">
					<label>$LOCALIZE[31908]</label>
					<include>SettingsContentRadioBtn</include>
					<onclick>Skin.ToggleSetting(Show_SlideShow_Paused)</onclick>
					<selected>!Skin.HasSetting(Show_SlideShow_Paused)</selected>
				</control>
				<control type="button" id="3010">
					<description>Media Flagging Label</description>
					<include>SettingsHeaderBtn</include>
					<label>$LOCALIZE[31427]</label>
				</control>
				<control type="radiobutton" id="3011">
					<description>Enable Media Flags</description>
					<include>SettingsContentRadioBtn</include>
					<label>$LOCALIZE[31048]</label>
					<selected>!Skin.HasSetting(DisableMediaFlags)</selected>
					<onclick>Skin.ToggleSetting(DisableMediaFlags)</onclick>
				</control>
				<control type="togglebutton" id="3017">
					<description>Toggle Default / Alt Media Flag Theme Colour</description>
					<include>SettingsContentToggleBtn</include>
					<label>$LOCALIZE[31415]</label>
					<altlabel>$LOCALIZE[31416]</altlabel>
					<usealttexture>Skin.HasSetting(UseAltMediaFlagTheme)</usealttexture>
					<onclick>Skin.ToggleSetting(UseAltMediaFlagTheme)</onclick>
					<enable>!Skin.HasSetting(DisableMediaFlags)</enable>
				</control>
				<control type="radiobutton" id="3012">
					<description>Hide Video Res Media Flag</description>
					<include>SettingsContentRadioBtn</include>
					<label>$LOCALIZE[31428]</label>
					<selected>Skin.HasSetting(HideVideoResMediaFlag)</selected>
					<onclick>Skin.ToggleSetting(HideVideoResMediaFlag)</onclick>
					<enable>!Skin.HasSetting(DisableMediaFlags)</enable>
				</control>
				<control type="radiobutton" id="3013">
					<description>Hide Aspect Ratio Media Flag</description>
					<include>SettingsContentRadioBtn</include>
					<label>$LOCALIZE[31429]</label>
					<selected>Skin.HasSetting(HideAspectRatioMediaFlag)</selected>
					<onclick>Skin.ToggleSetting(HideAspectRatioMediaFlag)</onclick>
					<enable>!Skin.HasSetting(DisableMediaFlags)</enable>
				</control>
				<control type="radiobutton" id="3015">
					<description>Hide Rating Media Flag</description>
					<include>SettingsContentRadioBtn</include>
					<label>$LOCALIZE[31426]</label>
					<selected>Skin.HasSetting(HideRatingMediaFlag)</selected>
					<onclick>Skin.ToggleSetting(HideRatingMediaFlag)</onclick>
					<enable>!Skin.HasSetting(DisableMediaFlags)</enable>
				</control>
				<control type="radiobutton" id="3016">
					<description>Show Subtitle Media Flag</description>
					<include>SettingsContentRadioBtn</include>
					<label>$LOCALIZE[31425]</label>
					<selected>!Skin.HasSetting(HideSubtitleMediaFlag)</selected>
					<onclick>Skin.ToggleSetting(HideSubtitleMediaFlag)</onclick>
					<enable>!Skin.HasSetting(DisableMediaFlags)</enable>
				</control>
				<control type="radiobutton" id="3022">
					<description>Show Audio Language Media Flag</description>
					<include>SettingsContentRadioBtn</include>
					<label>$LOCALIZE[31423]</label>
					<selected>!Skin.HasSetting(HideAudioLanguageMediaFlag)</selected>
					<onclick>Skin.ToggleSetting(HideAudioLanguageMediaFlag)</onclick>
					<enable>!Skin.HasSetting(DisableMediaFlags)</enable>
				</control>
				<control type="radiobutton" id="3025">
					<description>Hide Next Aired Status Media Flag</description>
					<include>SettingsContentRadioBtn</include>
					<label>$LOCALIZE[31935]</label>
					<selected>Skin.HasSetting(EnableNextAiredStatusMediaFlag)</selected>
					<onclick>Skin.ToggleSetting(EnableNextAiredStatusMediaFlag)</onclick>
					<enable>!Skin.HasSetting(DisableMediaFlags)</enable>
					<visible>System.AddonIsEnabled(plugin.video.themoviedb.helper)</visible>
				</control>
			</control>
		</control>
	</include>
</includes>