<?xml version="1.0" encoding="UTF-8"?>
<includes>
	<!--//// START LIST INFO 2 VIEW ///////////////////////////////////////////////////////////////////-->
	<include name="ListInfoView2">
		<control type="group" id="500">
	        <defaultcontrol always="true">59</defaultcontrol>
			<visible>Control.IsVisible(59)</visible>
			<include>MediaViewOpenCloseAnim</include>
			<include>ViewContentPanel</include>
			<include>ListInfo2MediaInfoPanelCommon</include>

			<control type="group">
				<visible>Container.Content(Movies) | Container.Content(Sets)</visible>
				<include condition="Window.IsActive(Videos)">MoviesListInfo2</include>
			</control>
			
			<control type="group">
				<visible>Container.Content(TVShows) | Container.Content(Seasons) | Container.Content(Episodes)</visible>
				<include condition="Window.IsActive(Videos)">TVShowsListInfo2</include>
			</control>
			
			<include condition="String.Contains(Container.FolderPath,musicvideos/) | String.Contains(Container.FolderPath,.xsp) | String.Contains(Container.FolderPath,special://videoplaylists/)">MusicVideosListInfo2</include>
			<include condition="Window.IsActive(Music)">MusicListInfo2</include>
			<include condition="Window.IsActive(Programs)">ProgramsListInfo2</include>
			
			<control type="list" id="59">
				<viewtype label="31112">list</viewtype>
				<left>595</left>
				<top>110</top>
				<width>630</width>
				<height>518</height>
				<pagecontrol>90705</pagecontrol>
				<preloaditems>2</preloaditems>
				<scrolltime tween="sine" easing="inout">300</scrolltime>
				<onup>59</onup>
				<ondown>59</ondown>
				<onleft>850</onleft>
				<onright>150</onright>
				<oninfo condition="Window.IsActive(Programs)">ActivateWindow(1122)</oninfo>
				<visible>Container.Content(Movies) | Container.Content(Sets) | Container.Content(TVShows) | Container.Content(Seasons) | Container.Content(Episodes) | $EXP[AlbumsSongsArtists] | Container.Content(MusicVideos) | String.Contains(Container.FolderPath,plugin://plugin.program)</visible>
				<itemlayout height="37" condition="[[Container.Content(Movies) | Container.Content(Sets)] + [Skin.String(MoviesListInfo2Style,1) | Skin.String(MoviesListInfo2Style,3)]] | [Container.Content(musicvideos) + [Skin.String(MusicVideosListInfo2Style,1) | Skin.String(MusicVideosListInfo2Style,3)]] | [Container.Content(Episodes) + [Skin.String(EpisodesListInfo2Style,1) | Skin.String(EpisodesListInfo2Style,3)]]">
					<include content="ListInfo2Itemlayout">
						<param name="visible_actualicon" value="String.IsEmpty(ListItem.Title)" />
						<param name="visible_label2" value="[[Container.Content(Movies) | Container.Content(Sets)] + Skin.HasSetting(DoNotUseStarRatingMovies)] | [Container.Content(musicvideos) + Skin.HasSetting(DoNotUseStarRatingMusicVideos)] | [Container.Content(Episodes) + Skin.HasSetting(DoNotUseStarRatingEpisodes)]" />
					</include>
					<control type="group">
						<visible>!String.IsEmpty(ListItem.Title)</visible>
						<include>MissingVideoFadeAnim</include>
						<include content="ListInfo2StarRating">
							<param name="top" value="10" />
							<param name="fade" value="70" />
							<param name="visible" value="[[[Container.Content(Movies) | Container.Content(Sets)] + !Skin.HasSetting(DoNotUseStarRatingMovies)] | [Container.Content(musicvideos) + !Skin.HasSetting(DoNotUseStarRatingMusicVideos)] | [Container.Content(Episodes) + !Skin.HasSetting(DoNotUseStarRatingEpisodes)]] + ![String.IsEmpty(ListItem.Rating) + String.IsEmpty(ListItem.UserRating)]" />
						</include>
						<include content="VideoOverlays">
							<param name="top" value="6"/>
							<param name="left" value="5"/>
						</include>
					</control>
				</itemlayout>
				<focusedlayout height="37" condition="[[Container.Content(Movies) | Container.Content(Sets)] + Skin.String(MoviesListInfo2Style,1)] | [Container.Content(musicvideos) + Skin.String(MusicVideosListInfo2Style,1)] | [Container.Content(Episodes) + Skin.String(EpisodesListInfo2Style,1)]">
					<include content="ListInfo2Focusedlayout">
						<param name="visible_actualicon" value="String.IsEmpty(ListItem.Title)" />
						<param name="visible_label2" value="[[Container.Content(Movies) | Container.Content(Sets)] + Skin.HasSetting(DoNotUseStarRatingMovies)] | [Container.Content(musicvideos) + Skin.HasSetting(DoNotUseStarRatingMusicVideos)] | [Container.Content(Episodes) + Skin.HasSetting(DoNotUseStarRatingEpisodes)]" />
					</include>
					<control type="group">
						<visible>!String.IsEmpty(ListItem.Title)</visible>
						<include>MissingVideoFadeAnim</include>
						<include content="ListInfo2StarRating">
							<param name="top" value="10" />
							<param name="fade" value="100" />
							<param name="visible" value="[[[Container.Content(Movies) | Container.Content(Sets)] + !Skin.HasSetting(DoNotUseStarRatingMovies)] | [Container.Content(musicvideos) + !Skin.HasSetting(DoNotUseStarRatingMusicVideos)] | [Container.Content(Episodes) + !Skin.HasSetting(DoNotUseStarRatingEpisodes)]] + ![String.IsEmpty(ListItem.Rating) + String.IsEmpty(ListItem.UserRating)]" />
						</include>
						<include content="VideoOverlays2">
							<param name="top" value="6"/>
							<param name="left" value="5"/>
						</include>
					</control>
				</focusedlayout>
				<itemlayout height="37" condition="[Container.Content(TVShows) | Container.Content(Seasons)] + [Skin.String(TVShowsListInfo2Style,1) | Skin.String(TVShowsListInfo2Style,3)]">
					<include content="ListInfo2Itemlayout">
						<param name="visible_actualicon" value="String.IsEmpty(ListItem.Title)" />
						<param name="visible_label2" value="[Container.Content(TVShows) + Skin.HasSetting(DoNotUseStarRatingTVShows)] | Container.Content(Seasons)" />
					</include>
					<include content="ListInfo2Overlays">
						<param name="left" value="5" />
						<param name="height" value="37" />
						<param name="textcolor" value="ListColor" />
					</include>
					<include content="ListInfo2StarRating">
						<param name="top" value="10" />
						<param name="fade" value="70" />
						<param name="visible" value="![String.IsEmpty(ListItem.Rating) + String.IsEmpty(ListItem.UserRating)] + !Skin.HasSetting(DoNotUseStarRatingTVShows) + !Container.Content(Seasons)" />
					</include>
				</itemlayout>
				<focusedlayout height="37" condition="[Container.Content(TVShows) | Container.Content(Seasons)] + Skin.String(TVShowsListInfo2Style,1)">
					<include content="ListInfo2Focusedlayout">
						<param name="visible_actualicon" value="String.IsEmpty(ListItem.Title)" />
						<param name="visible_label2" value="[Container.Content(TVShows) + Skin.HasSetting(DoNotUseStarRatingTVShows)] | Container.Content(Seasons)" />
					</include>
					<include content="ListInfo2Overlays">
						<param name="left" value="5" />
						<param name="height" value="37" />
						<param name="textcolor" value="white" />
					</include>
					<include content="ListInfo2StarRating">
						<param name="top" value="10" />
						<param name="fade" value="100" />
						<param name="visible" value="![String.IsEmpty(ListItem.Rating) + String.IsEmpty(ListItem.UserRating)] + !Skin.HasSetting(DoNotUseStarRatingTVShows) + !Container.Content(Seasons)" />
					</include>
				</focusedlayout>
				<itemlayout height="74" condition="[Container.Content(Movies) | Container.Content(Sets)] + [String.IsEmpty(Skin.String(MoviesListInfo2Style)) | Skin.String(MoviesListInfo2Style,2)]">
					<include content="ListInfo2TallStyleItemlayout">
						<param name="top" value="0" />
						<param name="width" value="53" />
						<param name="height" value="73" />
						<param name="texture" value="$VAR[PosterThumb]" />
						<param name="label_left" value="60" />
						<param name="label_width" value="465" />
						<param name="label2" value="$INFO[ListItem.Year]$INFO[ListItem.Director,  -  ,]" />
					</include>
					<control type="group">
						<visible>!String.IsEmpty(ListItem.Title)</visible>
						<include>MissingVideoFadeAnim</include>
						<include content="ListInfo2Rating">
							<param name="textcolor" value="ListColor3" />
							<param name="visible" value="Skin.HasSetting(DoNotUseStarRatingMovies) + ![String.IsEmpty(ListItem.Rating) + String.IsEmpty(ListItem.UserRating)]" />
						</include>
						<include content="ListInfo2StarRating">
							<param name="top" value="16" />
							<param name="fade" value="70" />
							<param name="visible" value="!Skin.HasSetting(DoNotUseStarRatingMovies) + ![String.IsEmpty(ListItem.Rating) + String.IsEmpty(ListItem.UserRating)]" />
						</include>
						<control type="group">
							<visible>!Skin.HasSetting(HideMoviesListInfo2Overlay)</visible>
							<include content="VideoOverlays">
								<param name="top" value="39"/>
								<param name="left" value="596"/>
							</include>
						</control>
					</control>
				</itemlayout>
				<focusedlayout height="74" condition="[Container.Content(Movies) | Container.Content(Sets)] + [String.IsEmpty(Skin.String(MoviesListInfo2Style)) | Skin.String(MoviesListInfo2Style,2) | Skin.String(MoviesListInfo2Style,3)]">
					<include content="ListInfo2TallStyleFocusedlayout">
						<param name="anim_visible" value="String.IsEmpty(Skin.String(MoviesListInfo2Style)) | Skin.String(MoviesListInfo2Style,3)" />
						<param name="top" value="0" />
						<param name="width" value="53" />
						<param name="height" value="73" />
						<param name="texture" value="$VAR[PosterThumb]" />
						<param name="label_left" value="60" />
						<param name="label_width" value="465" />
						<param name="label2" value="$INFO[ListItem.Year]$INFO[ListItem.Director,  -  ,]" />
					</include>
					<control type="group">
						<visible>!String.IsEmpty(ListItem.Title)</visible>
						<include>MissingVideoFadeAnim</include>
						<include content="ListInfo2Rating">
							<param name="textcolor" value="ListColor3" />
							<param name="visible" value="Skin.HasSetting(DoNotUseStarRatingMovies) + ![String.IsEmpty(ListItem.Rating) + String.IsEmpty(ListItem.UserRating)]" />
						</include>
						<include content="ListInfo2StarRating">
							<param name="top" value="16" />
							<param name="fade" value="100" />
							<param name="visible" value="!Skin.HasSetting(DoNotUseStarRatingMovies) + ![String.IsEmpty(ListItem.Rating) + String.IsEmpty(ListItem.UserRating)]" />
						</include>
						<control type="group">
							<visible>!Skin.HasSetting(HideMoviesListInfo2Overlay)</visible>
							<include content="VideoOverlays2">
								<param name="top" value="39"/>
								<param name="left" value="596"/>
							</include>
						</control>
					</control>
				</focusedlayout>
				<itemlayout height="74" condition="[Container.Content(Episodes) + [String.IsEmpty(Skin.String(EpisodesListInfo2Style)) | Skin.String(EpisodesListInfo2Style,2)]] | [Container.Content(musicvideos) + [String.IsEmpty(Skin.String(MusicVideosListInfo2Style)) | Skin.String(MusicVideosListInfo2Style,2)]]">
					<include content="ListInfo2TallStyleItemlayout">
						<param name="top" value="4" />
						<param name="width" value="97" />
						<param name="height" value="65" />
						<param name="texture" value="$INFO[ListItem.Thumb]" />
						<param name="label_left" value="104" />
						<param name="label_width" value="411" />
						<param name="label2" value="$VAR[ListInfo2EpisodesMusicVideosLabel2]" />
					</include>
					<control type="group">
						<visible>!ListItem.IsParentFolder</visible>
						<include>MissingVideoFadeAnim</include>
						<include content="ListInfo2Rating">
							<param name="textcolor" value="ListColor3" />
							<param name="visible" value="[[Container.Content(musicvideos) + Skin.HasSetting(DoNotUseStarRatingMusicVideos)] | [Container.Content(Episodes) + Skin.HasSetting(DoNotUseStarRatingEpisodes)]] + ![String.IsEmpty(ListItem.Rating) + String.IsEmpty(ListItem.UserRating)]" />
						</include>
						<include content="ListInfo2StarRating">
							<param name="top" value="16" />
							<param name="fade" value="70" />
							<param name="visible" value="[[Container.Content(musicvideos) + !Skin.HasSetting(DoNotUseStarRatingMusicVideos)] | [Container.Content(Episodes) + !Skin.HasSetting(DoNotUseStarRatingEpisodes)]] + ![String.IsEmpty(ListItem.Rating) + String.IsEmpty(ListItem.UserRating)]" />
						</include>
						<control type="group">
							<visible>[Container.Content(Episodes) + !Skin.HasSetting(HideEpisodesListInfo2Overlay)] | [Container.Content(musicvideos) + !Skin.HasSetting(HideMusicVideosListInfo2Overlay)]</visible>
							<include content="VideoOverlays">
								<param name="top" value="39"/>
								<param name="left" value="596"/>
							</include>
						</control>
					</control>
				</itemlayout>
				<focusedlayout height="74" condition="[Container.Content(Episodes) + [String.IsEmpty(Skin.String(EpisodesListInfo2Style)) | Skin.String(EpisodesListInfo2Style,2) | Skin.String(EpisodesListInfo2Style,3)]] | [Container.Content(musicvideos) + [String.IsEmpty(Skin.String(MusicVideosListInfo2Style)) | Skin.String(MusicVideosListInfo2Style,2) | Skin.String(MusicVideosListInfo2Style,3)]]">
					<include content="ListInfo2TallStyleFocusedlayout">
						<param name="anim_visible" value="String.IsEmpty(Skin.String(EpisodesListInfo2Style)) | Skin.String(EpisodesListInfo2Style,3) | String.IsEmpty(Skin.String(MusicVideosListInfo2Style)) | Skin.String(MusicVideosListInfo2Style,3)" />
						<param name="top" value="4" />
						<param name="width" value="97" />
						<param name="height" value="65" />
						<param name="texture" value="$INFO[ListItem.Thumb]" />
						<param name="label_left" value="104" />
						<param name="label_width" value="411" />
						<param name="label2" value="$VAR[ListInfo2EpisodesMusicVideosLabel2]" />
					</include>
					<control type="group">
						<visible>!ListItem.IsParentFolder</visible>
						<include>MissingVideoFadeAnim</include>
						<include content="ListInfo2Rating">
							<param name="textcolor" value="ListColor3" />
							<param name="visible" value="[[Container.Content(musicvideos) + Skin.HasSetting(DoNotUseStarRatingMusicVideos)] | [Container.Content(Episodes) + Skin.HasSetting(DoNotUseStarRatingEpisodes)]] + ![String.IsEmpty(ListItem.Rating) + String.IsEmpty(ListItem.UserRating)]" />
						</include>
						<include content="ListInfo2StarRating">
							<param name="top" value="16" />
							<param name="fade" value="100" />
							<param name="visible" value="[[Container.Content(musicvideos) + !Skin.HasSetting(DoNotUseStarRatingMusicVideos)] | [Container.Content(Episodes) + !Skin.HasSetting(DoNotUseStarRatingEpisodes)]] + ![String.IsEmpty(ListItem.Rating) + String.IsEmpty(ListItem.UserRating)]" />
						</include>
						<control type="group">
							<visible>[Container.Content(Episodes) + !Skin.HasSetting(HideEpisodesListInfo2Overlay)] | [Container.Content(musicvideos) + !Skin.HasSetting(HideMusicVideosListInfo2Overlay)]</visible>
							<include content="VideoOverlays2">
								<param name="top" value="39"/>
								<param name="left" value="596"/>
							</include>
						</control>
					</control>
				</focusedlayout>
				<include condition="Window.IsActive(Videos) + Skin.HasSetting(UseTVShowsPosterCover)">TVShowsListInfo2PosterStyle</include>
				<include condition="Window.IsActive(Videos) + !Skin.HasSetting(UseTVShowsPosterCover)">TVShowsListInfo2BannerStyle</include>
				<include condition="Window.IsActive(Music) + [Skin.String(MusicListInfo2Style,1) | Skin.String(MusicListInfo2Style,3)]">MusicListInfo2Itemlayout</include>
				<include condition="Window.IsActive(Music) + [String.IsEmpty(Skin.String(MusicListInfo2Style)) | Skin.String(MusicListInfo2Style,2)]">MusicListInfo2TallStyleItemlayout</include>
				<include condition="Window.IsActive(Music) + Skin.String(MusicListInfo2Style,1)">MusicListInfo2Focusedlayout</include>
				<include condition="Window.IsActive(Music) + [String.IsEmpty(Skin.String(MusicListInfo2Style)) | Skin.String(MusicListInfo2Style,2) | Skin.String(MusicListInfo2Style,3)]">MusicListInfo2TallStyleFocusedlayout</include>
				<include condition="Window.IsActive(Programs)">ProgramsListInfo2Layout</include>
			</control>
			
			<include content="ListInfo2ViewScrollbar">
					<param name="id" value="90705" />
				</include>
			
			<control type="group">
				<description>Bottom Bar Area</description>
				<top>BottomPaneOffsetY</top>
				<include condition="Window.IsActive(Videos) + !Skin.HasSetting(DisableVideosClearLogo)">InfoPaneClearLogoVideos</include>
				<include condition="[Window.IsActive(Music) | String.Contains(Container.FolderPath,musicvideos/)] + !Skin.HasSetting(EnableMusicLibraryClearLogos)">InfoPaneClearLogoMusic</include>
				<include>InfoPaneMediaDetails</include>
				<include>BottomPaneOpenCloseAnim</include>
			</control>

			<include>ViewsDialogPopUpScreenDim</include>
		</control>
	</include>
	<!--//// END LIST INFO 2 VIEW /////////////////////////////////////////////////////////////////////-->
	
	<!-- INCLUDES -->
	<include name="ListInfo2StarRating">
		<control type="image">
			<left>520</left>
			<top>$PARAM[top]</top>
			<width>100</width>
			<height>16</height>
			<texture background="true">$VAR[StarRating]</texture>
			<aspectratio align="right">keep</aspectratio>
			<animation effect="fade" end="$PARAM[fade]" condition="true">Conditional</animation>
			<visible>$PARAM[visible]</visible>
		</control>
	</include>
	
	<include name="ListInfo2Rating">
		<control type="label">
			<description>Rating</description>
			<left>520</left>
			<top>12</top>
			<width>100</width>
			<font>ListFont</font>
			<textcolor>$PARAM[textcolor]</textcolor>
			<shadowcolor>ShadowColor</shadowcolor>
			<label>$VAR[RatingType]</label>
			<align>right</align>
			<visible>$PARAM[visible]</visible>
		</control>
	</include>
	
	<include name="ListInfo2Labels">
		<control type="label">
			<left>80</left>
			<top>12</top>
			<width>445</width>
			<font>ListFont</font>
			<textcolor>$PARAM[textcolor]</textcolor>
			<shadowcolor>ShadowColor</shadowcolor>
			<label>$VAR[ListTallStyleLabel]</label>
			<scroll>$PARAM[scroll]</scroll>
		</control>
		<control type="label">
			<left>80</left>
			<top>38</top>
			<width>445</width>
			<font>ListFont2</font>
			<textcolor>ListColor2</textcolor>
			<shadowcolor>ShadowColor</shadowcolor>
			<label>$PARAM[label2]</label>
		</control>
	</include>
	
	<include name="ListInfo2Overlays">
		<control type="label">
			<description>Unwatched Episodes</description>
			<left>$PARAM[left]</left>
			<width>26</width>
			<height>$PARAM[height]</height>
			<font>ListFont3</font>
			<textcolor>$PARAM[textcolor]</textcolor>
			<align>center</align>
			<aligny>center</aligny>
			<label>$INFO[ListItem.Property(UnWatchedEpisodes)]</label>
			<visible>$EXP[UnwatchedEpisodes99-]</visible>
		</control>
		<control type="label">
			<description>Unwatched Episodes</description>
			<left>$PARAM[left]</left>
			<width>26</width>
			<height>$PARAM[height]</height>
			<font>ListFont4</font>
			<textcolor>$PARAM[textcolor]</textcolor>
			<align>center</align>
			<aligny>center</aligny>
			<label>$INFO[ListItem.Property(UnWatchedEpisodes)]</label>
			<visible>$EXP[UnwatchedEpisodes99+]</visible>
		</control>
		<control type="image">
			<description>Unwatched Overlay</description>
			<left>$PARAM[left]</left>
			<width>26</width>
			<height>$PARAM[height]</height>
			<aligny>center</aligny>
			<texture background="true">OverlayClean.png</texture>
			<aspectratio>keep</aspectratio>
			<visible>$EXP[UnwatchedEpisodesOverlay]</visible>
		</control>
		<control type="image">
			<description>Watched Overlay</description>
			<left>$PARAM[left]</left>
			<width>26</width>
			<height>$PARAM[height]</height>
			<aligny>center</aligny>
			<texture background="true">$INFO[ListItem.Overlay]</texture>
			<aspectratio>keep</aspectratio>
			<visible>String.IsEqual(ListItem.Overlay,OverlayWatched.png)</visible>
		</control>
	</include>
	
	<variable name="ListInfo2EpisodesMusicVideosLabel2">
		<value condition="Container.Content(Episodes)">$INFO[ListItem.Season,$LOCALIZE[20373] ,]$INFO[ListItem.Episode,  -  $LOCALIZE[20359] ,]</value>
		<value condition="String.IsEqual(Container.SortMethod,$LOCALIZE[557]) | String.IsEqual(Container.SortMethod,$LOCALIZE[554])">$INFO[ListItem.Year,, - ]$VAR[LongDurationVar]</value>
		<value>$INFO[ListItem.Artist,, - ]$INFO[ListItem.Year]</value>
	</variable>
	
	<include name="ListInfo2Itemlayout">
		<control type="image">
			<width>630</width>
			<height>37</height>
			<texture border="0,0,10,2">views/list-separator.png</texture>
			<aspectratio>stretch</aspectratio>
		</control>
		<control type="group">
			<include>MissingVideoFadeAnim</include>
			<control type="image">
				<description>Icon</description>
				<left>5</left>
				<top>6</top>
				<width>24</width>
				<height>24</height>
				<texture background="true" fallback="DefaultFile.png.png">$INFO[ListItem.ActualIcon].png</texture>
				<aspectratio>stretch</aspectratio>
				<include>ListViewOverlayFadeAnim</include>
				<visible>$PARAM[visible_actualicon]</visible>
			</control>
			<control type="label">
				<description>Label</description>
				<left>35</left>
				<width>490</width>
				<height>37</height>
				<font>ListFont</font>
				<textcolor>ListColor</textcolor>
				<shadowcolor>ShadowColor</shadowcolor>
				<aligny>center</aligny>
				<info>ListItem.Label</info>
			</control>
			<control type="label">
				<description>Label2</description>
				<left>420</left>
				<width>200</width>
				<height>37</height>
				<font>ListFont2</font>
				<textcolor>ListColor3</textcolor>
				<shadowcolor>ShadowColor</shadowcolor>
				<align>right</align>
				<aligny>center</aligny>
				<info>ListItem.Label2</info>
				<visible>$PARAM[visible_label2]</visible>
			</control>
		</control>
	</include>
	
	<include name="ListInfo2Focusedlayout">
		<include content="ListFocusedlayoutBackgrounds">
			<param name="width" value="630" />
			<param name="id" value="59" />
		</include>
		<control type="group">
			<include>MissingVideoFadeAnim</include>
			<control type="image">
				<description>Icon</description>
				<left>5</left>
				<top>6</top>
				<width>24</width>
				<height>24</height>
				<texture background="true" fallback="DefaultFile.png.png">$INFO[ListItem.ActualIcon].png</texture>
				<aspectratio>stretch</aspectratio>
				<visible>$PARAM[visible_actualicon]</visible>
			</control>
			<control type="label">
				<description>Label</description>
				<left>35</left>
				<width>490</width>
				<height>37</height>
				<font>ListFont</font>
				<textcolor>SelectedColor</textcolor>
				<shadowcolor>ShadowColor</shadowcolor>
				<aligny>center</aligny>
				<info>ListItem.Label</info>
				<scroll>true</scroll>
			</control>
			<control type="label">
				<description>Label2</description>
				<left>420</left>
				<width>200</width>
				<height>37</height>
				<font>ListFont2</font>
				<textcolor>ListColor3</textcolor>
				<shadowcolor>ShadowColor</shadowcolor>
				<align>right</align>
				<aligny>center</aligny>
				<info>ListItem.Label2</info>
				<visible>$PARAM[visible_label2]</visible>
			</control>
		</control>
	</include>
	
	<include name="ListInfo2TallStyleItemlayout">
		<control type="image">
			<width>630</width>
			<height>74</height>
			<texture border="0,0,10,2">views/list-separator.png</texture>
			<aspectratio>stretch</aspectratio>
		</control>
		<control type="image">
			<top>$PARAM[top]</top>
			<width>$PARAM[width]</width>
			<height>$PARAM[height]</height>
			<bordersize>5</bordersize>
			<texture background="true">dim.png</texture>
			<aspectratio>stretch</aspectratio>
			<visible>String.IsEmpty(ListItem.Thumb)</visible>
			<include>CoverDimAnim2</include>
		</control>
		<control type="image">
			<top>$PARAM[top]</top>
			<width>$PARAM[width]</width>
			<height>$PARAM[height]</height>
			<bordersize>5</bordersize>
			<texture background="true">$INFO[ListItem.ActualIcon]</texture>
			<aspectratio>keep</aspectratio>
			<visible>String.IsEmpty(ListItem.Thumb)</visible>
			<animation effect="fade" end="50" condition="true">Conditional</animation>
		</control>
		<control type="image">
			<top>$PARAM[top]</top>
			<width>$PARAM[width]</width>
			<height>$PARAM[height]</height>
			<bordertexture border="7">covers/cover-case-nofocus.png</bordertexture>
			<bordersize>5</bordersize>
			<texture background="true" colordiffuse="ffdddddd">$PARAM[texture]</texture>
			<aspectratio>scale</aspectratio>
		</control>
		<control type="group">
			<include>MissingVideoFadeAnim</include>
			<control type="label">
				<left>$PARAM[label_left]</left>
				<top>12</top>
				<width>$PARAM[label_width]</width>
				<font>ListFont</font>
				<textcolor>ListColor</textcolor>
				<shadowcolor>ShadowColor</shadowcolor>
				<label>$INFO[ListItem.Label]</label>
			</control>
			<control type="label">
				<left>$PARAM[label_left]</left>
				<top>38</top>
				<width>$PARAM[label_width]</width>
				<font>ListFont2</font>
				<textcolor>ListColor2</textcolor>
				<shadowcolor>ShadowColor</shadowcolor>
				<label>$PARAM[label2]</label>
			</control>
		</control>
	</include>
	
	<include name="ListInfo2TallStyleFocusedlayout">
		<control type="image">
			<width>630</width>
			<height>74</height>
			<texture border="0,0,10,2">views/list-separator.png</texture>
			<aspectratio>stretch</aspectratio>
		</control>
		<control type="image">
			<width>630</width>
			<height>73</height>
			<texture border="4">views/list-focus.png</texture>
			<aspectratio>stretch</aspectratio>
			<visible>Control.HasFocus(59)</visible>
			<include>ListViewSelectFadeAnim</include>
			<include condition="![Skin.String(LowCPUPowerMode,Animations) | Skin.String(LowCPUPowerMode,Full)] + ![$PARAM[anim_visible]]">ListViewScrollAnim2</include>
			<include condition="![Skin.String(LowCPUPowerMode,Animations) | Skin.String(LowCPUPowerMode,Full)] + [$PARAM[anim_visible]]">ListViewScrollAnim</include>
		</control>
		<control type="image">
			<width>630</width>
			<height>73</height>
			<texture border="4">views/list-alt-focus.png</texture>
			<aspectratio>stretch</aspectratio>
			<visible>!Control.HasFocus(59)</visible>
			<include>ListViewSelectFadeAnim2</include>
		</control>
		<control type="image">
			<top>$PARAM[top]</top>
			<width>$PARAM[width]</width>
			<height>$PARAM[height]</height>
			<bordersize>5</bordersize>
			<texture background="true">dim.png</texture>
			<aspectratio>stretch</aspectratio>
			<visible>String.IsEmpty(ListItem.Thumb)</visible>
			<include>CoverDimAnim2</include>
		</control>
		<control type="image">
			<top>$PARAM[top]</top>
			<width>$PARAM[width]</width>
			<height>$PARAM[height]</height>
			<bordersize>5</bordersize>
			<texture background="true">$INFO[ListItem.ActualIcon]</texture>
			<aspectratio>keep</aspectratio>
			<include condition="![Skin.String(LowCPUPowerMode,Animations) | Skin.String(LowCPUPowerMode,Full)]">ListViewCoverFocusAnim</include>
			<visible>String.IsEmpty(ListItem.Thumb)</visible>
		</control>
		<control type="image">
			<top>$PARAM[top]</top>
			<width>$PARAM[width]</width>
			<height>$PARAM[height]</height>
			<bordertexture border="7">covers/cover-case-nofocus.png</bordertexture>
			<bordersize>5</bordersize>
			<texture background="true">$PARAM[texture]</texture>
			<aspectratio>scale</aspectratio>
			<include condition="![Skin.String(LowCPUPowerMode,Animations) | Skin.String(LowCPUPowerMode,Full)]">ListViewCoverFocusAnim</include>
		</control>
		<control type="group">
			<include>MissingVideoFadeAnim</include>
			<control type="label">
				<left>$PARAM[label_left]</left>
				<top>12</top>
				<width>$PARAM[label_width]</width>
				<font>ListFont</font>
				<textcolor>SelectedColor</textcolor>
				<shadowcolor>ShadowColor</shadowcolor>
				<label>$INFO[ListItem.Label]</label>
				<scroll>true</scroll>
			</control>
			<control type="label">
				<left>$PARAM[label_left]</left>
				<top>38</top>
				<width>$PARAM[label_width]</width>
				<font>ListFont2</font>
				<textcolor>ListColor2</textcolor>
				<shadowcolor>ShadowColor</shadowcolor>
				<label>$PARAM[label2]</label>
			</control>
		</control>
	</include>
	
	<include name="TVShowsListInfo2PosterStyle">
		<itemlayout height="74" condition="[Container.Content(TVShows) | Container.Content(Seasons)] + [String.IsEmpty(Skin.String(TVShowsListInfo2Style)) | Skin.String(TVShowsListInfo2Style,2)]">
			<include content="ListInfo2TallStyleItemlayout">
				<param name="top" value="0" />
				<param name="width" value="53" />
				<param name="height" value="73" />
				<param name="texture" value="$VAR[PosterThumb]" />
				<param name="label_left" value="60" />
				<param name="label_width" value="465" />
				<param name="label2" value="$INFO[ListItem.Label2,,  •  ]$INFO[ListItem.Studio]" />
			</include>
			<control type="label">
				<description>Year</description>
				<left>520</left>
				<top>38</top>
				<width>100</width>
				<font>ListFont2</font>
				<textcolor>ListColor3</textcolor>
				<shadowcolor>ShadowColor</shadowcolor>
				<align>right</align>
				<label>$INFO[ListItem.Year]</label>
			</control>
			<include content="ListInfo2Rating">
				<param name="textcolor" value="ListColor" />
				<param name="visible" value="Skin.HasSetting(DoNotUseStarRatingTVShows) + !Container.Content(Seasons) + ![String.IsEmpty(ListItem.Rating) + String.IsEmpty(ListItem.UserRating)]" />
			</include>
			<include content="ListInfo2StarRating">
				<param name="top" value="16" />
				<param name="fade" value="70" />
				<param name="visible" value="![String.IsEmpty(ListItem.Rating) + String.IsEmpty(ListItem.UserRating)] + !Skin.HasSetting(DoNotUseStarRatingTVShows) + !Container.Content(Seasons)" />
			</include>
			<control type="image">
				<description>Overlay</description>
				<left>24</left>
				<top>45</top>
				<width>20</width>
				<height>20</height>
				<texture background="true">$INFO[ListItem.Overlay]</texture>
				<aspectratio align="right">keep</aspectratio>
				<visible>!Skin.HasSetting(HideTVShowsListInfo2Overlay) + !Container.Content(Seasons)</visible>
			</control>
			<control type="group">
				<visible>Container.Content(Seasons) + !Skin.HasSetting(HideTVShowsListInfo2Overlay)</visible>
				<left>595</left>
				<top>8</top>
				<include content="ListInfo2Overlays">
					<param name="left" value="0" />
					<param name="height" value="26" />
					<param name="textcolor" value="ListColor" />
				</include>
			</control>
		</itemlayout>
		<focusedlayout height="74" condition="[Container.Content(TVShows) | Container.Content(Seasons)] + [String.IsEmpty(Skin.String(TVShowsListInfo2Style)) | Skin.String(TVShowsListInfo2Style,2) | Skin.String(TVShowsListInfo2Style,3)]">
			<include content="ListInfo2TallStyleFocusedlayout">
				<param name="anim_visible" value="String.IsEmpty(Skin.String(TVShowsListInfo2Style)) | Skin.String(TVShowsListInfo2Style,3)" />
				<param name="top" value="0" />
				<param name="width" value="53" />
				<param name="height" value="73" />
				<param name="texture" value="$VAR[PosterThumb]" />
				<param name="label_left" value="60" />
				<param name="label_width" value="465" />
				<param name="label2" value="$INFO[ListItem.Label2,,  •  ]$INFO[ListItem.Studio]" />
			</include>
			<control type="label">
				<description>Year</description>
				<left>520</left>
				<top>38</top>
				<width>100</width>
				<font>ListFont2</font>
				<textcolor>ListColor3</textcolor>
				<shadowcolor>ShadowColor</shadowcolor>
				<align>right</align>
				<label>$INFO[ListItem.Year]</label>
			</control>
			<include content="ListInfo2Rating">
				<param name="textcolor" value="ListColor" />
				<param name="visible" value="Skin.HasSetting(DoNotUseStarRatingTVShows) + !Container.Content(Seasons) + ![String.IsEmpty(ListItem.Rating) + String.IsEmpty(ListItem.UserRating)]" />
			</include>
			<include content="ListInfo2StarRating">
				<param name="top" value="16" />
				<param name="fade" value="100" />
				<param name="visible" value="![String.IsEmpty(ListItem.Rating) + String.IsEmpty(ListItem.UserRating)] + !Skin.HasSetting(DoNotUseStarRatingTVShows) + !Container.Content(Seasons)" />
			</include>
			<control type="image">
				<description>Overlay</description>
				<left>24</left>
				<top>45</top>
				<width>20</width>
				<height>20</height>
				<texture background="true">$INFO[ListItem.Overlay]</texture>
				<aspectratio align="right">keep</aspectratio>
				<include>ListViewCoverFocusAnim</include>
				<visible>!Skin.HasSetting(HideTVShowsListInfo2Overlay) + !Container.Content(Seasons)</visible>
			</control>
			<control type="group">
				<visible>Container.Content(Seasons) + !Skin.HasSetting(HideTVShowsListInfo2Overlay)</visible>
				<left>595</left>
				<top>8</top>
				<include content="ListInfo2Overlays">
					<param name="left" value="0" />
					<param name="height" value="26" />
					<param name="textcolor" value="white" />
				</include>
			</control>
		</focusedlayout>
	</include>
	
	<include name="TVShowsListInfo2BannerStyle">
		<itemlayout height="129" condition="[Container.Content(TVShows) | Container.Content(Seasons)] + [String.IsEmpty(Skin.String(TVShowsListInfo2Style)) | Skin.String(TVShowsListInfo2Style,2)]">
			<control type="image">
				<width>630</width>
				<height>129</height>
				<texture border="0,0,10,2">views/list-separator.png</texture>
				<aspectratio>stretch</aspectratio>
			</control>
			<control type="image">
				<top>2</top>
				<width>630</width>
				<height>124</height>
				<align>center</align>
				<bordersize>20</bordersize>
				<texture background="true">$INFO[ListItem.Icon]</texture>
				<aspectratio>keep</aspectratio>
				<visible>String.IsEmpty(ListItem.Title)</visible>
				<animation effect="fade" end="50" condition="true">Conditional</animation>
			</control>
			<control type="group">
				<visible>!String.IsEmpty(ListItem.Title)</visible>
				<control type="image">
					<description>Dim</description>
					<left>5</left>
					<top>7</top>
					<width>620</width>
					<height>114</height>
					<texture background="true">dim.png</texture>
					<aspectratio>stretch</aspectratio>
					<visible>String.IsEmpty(ListItem.Thumb)</visible>
					<include>CoverDimAnim2</include>
				</control>
				<control type="image">
					<description>Default Cover</description>
					<width>124</width>
					<height>124</height>
					<bordersize>10</bordersize>
					<texture background="true">$INFO[ListItem.ActualIcon]</texture>
					<aspectratio>keep</aspectratio>
					<visible>String.IsEmpty(ListItem.Thumb)</visible>
					<animation effect="fade" end="50" condition="true">Conditional</animation>
				</control>
				<control type="label">
					<description>Label</description>
					<top>26</top>
					<left>134</left>
					<width>372</width>
					<font>ListFont</font>
					<textcolor>ListColor</textcolor>
					<shadowcolor>ShadowColor</shadowcolor>
					<label>[UPPERCASE]$INFO[ListItem.Label][/UPPERCASE]</label>
					<visible>String.IsEmpty(ListItem.Thumb)</visible>
				</control>
				<control type="image">
					<description>Cover</description>
					<left>5</left>
					<top>7</top>
					<width>620</width>
					<height>114</height>
					<texture background="true" colordiffuse="ffdddddd">$VAR[BannerThumb]</texture>
					<aspectratio>scale</aspectratio>
				</control>
				<control type="image">
					<description>Star Rating</description>
					<left>516</left>
					<top>10</top>
					<width>100</width>
					<height>16</height>
					<texture background="true">$VAR[StarRating]</texture>
					<aspectratio align="right">keep</aspectratio>
					<visible>!Skin.HasSetting(DoNotUseStarRatingTVShows) + !Container.Content(Seasons) + ![String.IsEmpty(ListItem.Rating) + String.IsEmpty(ListItem.UserRating)]</visible>
					<animation effect="fade" end="70" condition="true">Conditional</animation>
				</control>
				<control type="image">
					<description>Overlay</description>
					<left>585</left>
					<top>84</top>
					<width>26</width>
					<height>26</height>
					<texture background="true">$INFO[ListItem.Overlay]</texture>
					<aspectratio align="right">keep</aspectratio>
					<visible>!Skin.HasSetting(HideTVShowsListInfo2Overlay)</visible>
					<animation effect="fade" end="80" condition="true">Conditional</animation>
				</control>
				<control type="image">
					<description>Unwatched Overlay</description>
					<left>585</left>
					<top>84</top>
					<width>26</width>
					<height>26</height>
					<aligny>center</aligny>
					<texture background="true">OverlayClean.png</texture>
					<aspectratio align="right">keep</aspectratio>
					<animation effect="fade" end="85" condition="true">Conditional</animation>
					<visible>!Skin.HasSetting(HideTVShowsListInfo2Overlay) + $EXP[UnwatchedEpisodesOverlay]</visible>
				</control>
				<control type="label">
					<description>Unwatched Episodes</description>
					<top>88</top>
					<left>585</left>
					<width>26</width>
					<font>ListFont3</font>
					<textcolor>white</textcolor>
					<align>center</align>
					<label>$INFO[ListItem.Property(UnWatchedEpisodes)]</label>
					<animation effect="fade" end="85" condition="true">Conditional</animation>
					<visible>!Skin.HasSetting(HideTVShowsListInfo2Overlay) + $EXP[UnwatchedEpisodes99-]</visible>
				</control>
				<control type="label">
					<description>Unwatched Episodes</description>
					<top>88</top>
					<left>585</left>
					<width>26</width>
					<font>ListFont4</font>
					<textcolor>white</textcolor>
					<align>center</align>
					<label>$INFO[ListItem.Property(UnWatchedEpisodes)]</label>
					<animation effect="fade" end="85" condition="true">Conditional</animation>
					<visible>!Skin.HasSetting(HideTVShowsListInfo2Overlay) + $EXP[UnwatchedEpisodes99+]</visible>
				</control>
			</control>
		</itemlayout>
		<focusedlayout height="129" condition="[Container.Content(TVShows) | Container.Content(Seasons)] + [String.IsEmpty(Skin.String(TVShowsListInfo2Style)) | Skin.String(TVShowsListInfo2Style,2) | Skin.String(TVShowsListInfo2Style,3)]">
			<control type="image">
				<width>630</width>
				<height>129</height>
				<texture border="0,0,10,2">views/list-separator.png</texture>
				<aspectratio>stretch</aspectratio>
			</control>
			<control type="image">
				<width>630</width>
				<height>128</height>
				<texture border="4">views/list-focus.png</texture>
				<aspectratio>stretch</aspectratio>
				<visible>Control.HasFocus(59)</visible>
				<include>ListViewSelectFadeAnim</include>
				<include condition="String.IsEmpty(Skin.String(TVShowsListInfo2Style)) | Skin.String(TVShowsListInfo2Style,3)">ListViewScrollAnim</include>
			</control>
			<control type="image">
				<width>630</width>
				<height>128</height>
				<texture border="4">views/list-alt-focus.png</texture>
				<aspectratio>stretch</aspectratio>
				<visible>!Control.HasFocus(59)</visible>
				<include>ListViewSelectFadeAnim2</include>
			</control>
			<control type="image">
				<top>2</top>
				<width>630</width>
				<height>124</height>
				<align>center</align>
				<bordersize>20</bordersize>
				<texture background="true">$INFO[ListItem.Icon]</texture>
				<aspectratio>keep</aspectratio>
				<visible>String.IsEmpty(ListItem.Title)</visible>
			</control>
			<control type="group">
				<visible>!String.IsEmpty(ListItem.Title)</visible>
				<control type="image">
					<description>Dim</description>
					<left>5</left>
					<top>7</top>
					<width>620</width>
					<height>114</height>
					<texture background="true">dim.png</texture>
					<aspectratio>stretch</aspectratio>
					<visible>String.IsEmpty(ListItem.Thumb)</visible>
					<include>CoverDimAnim2</include>
				</control>
				<control type="image">
					<description>Default Cover</description>
					<width>124</width>
					<height>124</height>
					<bordersize>10</bordersize>
					<texture background="true">$INFO[ListItem.ActualIcon]</texture>
					<aspectratio>keep</aspectratio>
					<visible>String.IsEmpty(ListItem.Thumb)</visible>
				</control>
				<control type="label">
					<description>Label</description>
					<top>26</top>
					<left>134</left>
					<width>372</width>
					<font>ListFont</font>
					<textcolor>SelectedColor</textcolor>
					<shadowcolor>ShadowColor</shadowcolor>
					<label>[UPPERCASE]$INFO[ListItem.Label][/UPPERCASE]</label>
					<visible>String.IsEmpty(ListItem.Thumb)</visible>
				</control>
				<control type="image">
					<description>Cover</description>
					<left>5</left>
					<top>7</top>
					<width>620</width>
					<height>114</height>
					<texture background="true">$VAR[BannerThumb]</texture>
					<aspectratio>scale</aspectratio>
				</control>
				<control type="image">
					<description>Star Rating</description>
					<left>516</left>
					<top>10</top>
					<width>100</width>
					<height>16</height>
					<texture background="true">$VAR[StarRating]</texture>
					<aspectratio align="right">keep</aspectratio>
					<visible>!Skin.HasSetting(DoNotUseStarRatingTVShows) + !Container.Content(Seasons) + ![String.IsEmpty(ListItem.Rating) + String.IsEmpty(ListItem.UserRating)]</visible>
					<animation effect="fade" end="70" condition="true">Conditional</animation>
				</control>
				<control type="image">
					<description>Overlay</description>
					<left>585</left>
					<top>84</top>
					<width>26</width>
					<height>26</height>
					<texture background="true">$INFO[ListItem.Overlay]</texture>
					<aspectratio align="right">keep</aspectratio>
					<visible>!Skin.HasSetting(HideTVShowsListInfo2Overlay)</visible>
					<animation effect="fade" end="80" condition="true">Conditional</animation>
				</control>
				<control type="image">
					<description>Unwatched Overlay</description>
					<left>585</left>
					<top>84</top>
					<width>26</width>
					<height>26</height>
					<aligny>center</aligny>
					<texture background="true">OverlayClean.png</texture>
					<aspectratio align="right">keep</aspectratio>
					<animation effect="fade" end="85" condition="true">Conditional</animation>
					<visible>!Skin.HasSetting(HideTVShowsListInfo2Overlay) + $EXP[UnwatchedEpisodesOverlay]</visible>
				</control>
				<control type="label">
					<description>Unwatched Episodes</description>
					<top>88</top>
					<left>585</left>
					<width>26</width>
					<font>ListFont3</font>
					<textcolor>white</textcolor>
					<align>center</align>
					<label>$INFO[ListItem.Property(UnWatchedEpisodes)]</label>
					<animation effect="fade" end="85" condition="true">Conditional</animation>
					<visible>!Skin.HasSetting(HideTVShowsListInfo2Overlay) + $EXP[UnwatchedEpisodes99-]</visible>
				</control>
				<control type="label">
					<description>Unwatched Episodes</description>
					<top>88</top>
					<left>585</left>
					<width>26</width>
					<font>ListFont4</font>
					<textcolor>white</textcolor>
					<align>center</align>
					<label>$INFO[ListItem.Property(UnWatchedEpisodes)]</label>
					<animation effect="fade" end="85" condition="true">Conditional</animation>
					<visible>!Skin.HasSetting(HideTVShowsListInfo2Overlay) + $EXP[UnwatchedEpisodes99+]</visible>
				</control>
			</control>
		</focusedlayout>
	</include>
	
	<include name="MusicListInfo2Itemlayout">
		<itemlayout height="37">
			<include content="ListInfo2Itemlayout">
				<param name="visible_actualicon" value="true" />
				<param name="visible_label2" value="Skin.HasSetting(DoNotUseStarRatingMusic)" />
			</include>
			<include content="ListInfo2StarRating">
				<param name="top" value="10" />
				<param name="fade" value="70" />
				<param name="visible" value="!Skin.HasSetting(DoNotUseStarRatingMusic) + ![String.IsEmpty(ListItem.Rating) + String.IsEmpty(ListItem.UserRating)]" />
			</include>
		</itemlayout>
	</include>
	
	<include name="MusicListInfo2Focusedlayout">
		<focusedlayout height="37">
			<include content="ListInfo2Focusedlayout">
				<param name="visible_actualicon" value="true" />
				<param name="visible_label2" value="Skin.HasSetting(DoNotUseStarRatingMusic)" />
			</include>
			<include content="ListInfo2StarRating">
				<param name="top" value="10" />
				<param name="fade" value="100" />
				<param name="visible" value="!Skin.HasSetting(DoNotUseStarRatingMusic) + ![String.IsEmpty(ListItem.Rating) + String.IsEmpty(ListItem.UserRating)]" />
			</include>
		</focusedlayout>
	</include>
	
	<include name="MusicListInfo2TallStyleItemlayout">
		<itemlayout height="74">
			<control type="image">
				<width>630</width>
				<height>74</height>
				<texture border="0,0,10,2">views/list-separator.png</texture>
				<aspectratio>stretch</aspectratio>
			</control>
			<control type="image">
				<description>Dim</description>
				<width>73</width>
				<height>73</height>
				<bordersize>5</bordersize>
				<texture background="true">dim.png</texture>
				<aspectratio>stretch</aspectratio>
				<visible>String.IsEmpty(ListItem.Thumb)</visible>
				<include>CoverDimAnim2</include>
			</control>
			<control type="image">
				<description>Default Cover</description>
				<width>73</width>
				<height>73</height>
				<bordersize>10</bordersize>
				<texture background="true">$INFO[ListItem.ActualIcon]</texture>
				<aspectratio>keep</aspectratio>
				<visible>String.IsEmpty(ListItem.Thumb)</visible>
				<animation effect="fade" end="70" condition="true">Conditional</animation>
			</control>
			<control type="image">
				<description>Cover</description>
				<width>73</width>
				<height>73</height>
				<bordertexture border="7">covers/cover-case-nofocus.png</bordertexture>
				<bordersize>5</bordersize>
				<texture background="true" colordiffuse="ffdddddd">$INFO[ListItem.Thumb]</texture>
				<aspectratio>scale</aspectratio>
			</control>
			<control type="group">
				<visible>Container.Content(Albums)</visible>
				<include content="ListInfo2Labels">
					<param name="textcolor" value="ListColor" />
					<param name="scroll" value="false" />
					<param name="label2" value="$VAR[ListTallStyleMusicLabel2]" />
				</include>
				<include content="ListInfo2Rating">
					<param name="textcolor" value="ListColor3" />
					<param name="visible" value="Skin.HasSetting(DoNotUseStarRatingMusic) + ![String.IsEmpty(ListItem.Rating) + String.IsEmpty(ListItem.UserRating)]" />
				</include>
				<include content="ListInfo2StarRating">
					<param name="top" value="16" />
					<param name="fade" value="70" />
					<param name="visible" value="![String.IsEmpty(ListItem.Rating) + String.IsEmpty(ListItem.UserRating)] + !Skin.HasSetting(DoNotUseStarRatingMusic)" />
				</include>
			</control>
			<control type="group">
				<visible>Container.Content(Songs)</visible>
				<include content="ListInfo2Labels">
					<param name="textcolor" value="ListColor" />
					<param name="scroll" value="false" />
					<param name="label2" value="$INFO[ListItem.Duration,, $LOCALIZE[31003]]$INFO[ListItem.Artist,  -  ,]" />
				</include>
				<include content="ListInfo2Rating">
					<param name="textcolor" value="ListColor3" />
					<param name="visible" value="Skin.HasSetting(DoNotUseStarRatingMusic) + ![String.IsEmpty(ListItem.Rating) + String.IsEmpty(ListItem.UserRating)]" />
				</include>
				<include content="ListInfo2StarRating">
					<param name="top" value="16" />
					<param name="fade" value="70" />
					<param name="visible" value="![String.IsEmpty(ListItem.Rating) + String.IsEmpty(ListItem.UserRating)] + !Skin.HasSetting(DoNotUseStarRatingMusic)" />
				</include>
			</control>
			<control type="group">
				<visible>Container.Content(Artists)</visible>
				<include content="ListInfo2Labels">
					<param name="textcolor" value="ListColor" />
					<param name="scroll" value="false" />
					<param name="label2" value="$INFO[ListItem.Property(Artist_Born)]$INFO[ListItem.Property(Artist_Formed)]" />
				</include>
			</control>
		</itemlayout>
	</include>
	
	<include name="MusicListInfo2TallStyleFocusedlayout">
		<focusedlayout height="74">
			<control type="image">
				<width>630</width>
				<height>74</height>
				<texture border="0,0,10,2">views/list-separator.png</texture>
				<aspectratio>stretch</aspectratio>
			</control>
			<control type="image">
				<width>630</width>
				<height>73</height>
				<texture border="4">views/list-focus.png</texture>
				<aspectratio>stretch</aspectratio>
				<visible>Control.HasFocus(59)</visible>
				<include>ListViewSelectFadeAnim</include>
				<include condition="![Skin.String(LowCPUPowerMode,Animations) | Skin.String(LowCPUPowerMode,Full)] + ![String.IsEmpty(Skin.String(MusicListInfo2Style)) | Skin.String(MusicListInfo2Style,3)]">ListViewScrollAnim2</include>
				<include condition="![Skin.String(LowCPUPowerMode,Animations) | Skin.String(LowCPUPowerMode,Full)] + [String.IsEmpty(Skin.String(MusicListInfo2Style)) | Skin.String(MusicListInfo2Style,3)]">ListViewScrollAnim</include>
			</control>
			<control type="image">
				<width>630</width>
				<height>73</height>
				<texture border="4">views/list-alt-focus.png</texture>
				<aspectratio>stretch</aspectratio>
				<visible>!Control.HasFocus(59)</visible>
				<include>ListViewSelectFadeAnim2</include>
			</control>
			<control type="image">
				<description>Dim</description>
				<width>73</width>
				<height>73</height>
				<bordersize>5</bordersize>
				<texture background="true">dim.png</texture>
				<aspectratio>stretch</aspectratio>
				<visible>String.IsEmpty(ListItem.Thumb)</visible>
				<include>CoverDimAnim2</include>
			</control>
			<control type="image">
				<description>Default Cover</description>
				<width>73</width>
				<height>73</height>
				<bordersize>10</bordersize>
				<texture background="true">$INFO[ListItem.ActualIcon]</texture>
				<aspectratio>keep</aspectratio>
				<visible>String.IsEmpty(ListItem.Thumb)</visible>
				<include condition="![Skin.String(LowCPUPowerMode,Animations) | Skin.String(LowCPUPowerMode,Full)]">ListViewCoverFocusAnim</include>
			</control>
			<control type="image">
				<description>Cover</description>
				<width>73</width>
				<height>73</height>
				<bordertexture border="7">covers/cover-case-nofocus.png</bordertexture>
				<bordersize>5</bordersize>
				<texture background="true">$INFO[ListItem.Thumb]</texture>
				<aspectratio>scale</aspectratio>
				<include condition="![Skin.String(LowCPUPowerMode,Animations) | Skin.String(LowCPUPowerMode,Full)]">ListViewCoverFocusAnim</include>
			</control>
			<control type="group">
				<visible>Container.Content(Albums)</visible>
				<include content="ListInfo2Labels">
					<param name="textcolor" value="SelectedColor" />
					<param name="scroll" value="true" />
					<param name="label2" value="$VAR[ListTallStyleMusicLabel2]" />
				</include>
				<include content="ListInfo2Rating">
					<param name="textcolor" value="ListColor3" />
					<param name="visible" value="Skin.HasSetting(DoNotUseStarRatingMusic) + ![String.IsEmpty(ListItem.Rating) + String.IsEmpty(ListItem.UserRating)]" />
				</include>
				<include content="ListInfo2StarRating">
					<param name="top" value="16" />
					<param name="fade" value="100" />
					<param name="visible" value="![String.IsEmpty(ListItem.Rating) + String.IsEmpty(ListItem.UserRating)] + !Skin.HasSetting(DoNotUseStarRatingMusic)" />
				</include>
			</control>
			<control type="group">
				<visible>Container.Content(Songs)</visible>
				<include content="ListInfo2Labels">
					<param name="textcolor" value="SelectedColor" />
					<param name="scroll" value="true" />
					<param name="label2" value="$INFO[ListItem.Duration,, $LOCALIZE[31003]]$INFO[ListItem.Artist,  -  ,]" />
				</include>
				<include content="ListInfo2Rating">
					<param name="textcolor" value="ListColor3" />
					<param name="visible" value="Skin.HasSetting(DoNotUseStarRatingMusic) + ![String.IsEmpty(ListItem.Rating) + String.IsEmpty(ListItem.UserRating)]" />
				</include>
				<include content="ListInfo2StarRating">
					<param name="top" value="16" />
					<param name="fade" value="100" />
					<param name="visible" value="![String.IsEmpty(ListItem.Rating) + String.IsEmpty(ListItem.UserRating)] + !Skin.HasSetting(DoNotUseStarRatingMusic)" />
				</include>
			</control>
			<control type="group">
				<visible>Container.Content(Artists)</visible>
				<include content="ListInfo2Labels">
					<param name="textcolor" value="SelectedColor" />
					<param name="scroll" value="true" />
					<param name="label2" value="$INFO[ListItem.Property(Artist_Born)]$INFO[ListItem.Property(Artist_Formed)]" />
				</include>
			</control>
		</focusedlayout>
	</include>
	
	<include name="ProgramsListInfo2Layout">
		<itemlayout height="37" condition="Skin.String(ProgramsListInfo2Style,1) | Skin.String(ProgramsListInfo2Style,3) | Skin.String(ProgramsListInfo2Style,4) | Skin.String(ProgramsListInfo2Style,6) | Skin.String(ProgramsListInfo2Style,7) | Skin.String(ProgramsListInfo2Style,9)">
			<include content="ListInfo2Itemlayout">
				<param name="visible_actualicon" value="true" />
				<param name="visible_label2" value="!String.IsEmpty(ListItem.Label2)" />
			</include>
		</itemlayout>
		<focusedlayout height="37" condition="Skin.String(ProgramsListInfo2Style,1) | Skin.String(ProgramsListInfo2Style,4) | Skin.String(ProgramsListInfo2Style,7)">
			<include content="ListInfo2Focusedlayout">
				<param name="visible_actualicon" value="true" />
				<param name="visible_label2" value="!String.IsEmpty(ListItem.Label2)" />
			</include>
		</focusedlayout>
		<itemlayout height="74" condition="String.IsEmpty(Skin.String(ProgramsListInfo2Style)) | Skin.String(ProgramsListInfo2Style,2)">
			<include content="ListInfo2TallStyleItemlayout">
				<param name="top" value="0" />
				<param name="width" value="53" />
				<param name="height" value="73" />
				<param name="texture" value="$INFO[ListItem.Thumb]" />
				<param name="label_left" value="60" />
				<param name="label_width" value="465" />
				<param name="label2" value="$INFO[ListItem.Premiered]$INFO[ListItem.Genre,  -  ,]" />
			</include>
		</itemlayout>
		<focusedlayout height="74" condition="String.IsEmpty(Skin.String(ProgramsListInfo2Style)) | Skin.String(ProgramsListInfo2Style,2) | Skin.String(ProgramsListInfo2Style,3)">
			<include content="ListInfo2TallStyleFocusedlayout">
				<param name="anim_visible" value="String.IsEmpty(Skin.String(ProgramsListInfo2Style)) | Skin.String(ProgramsListInfo2Style,3)" />
				<param name="top" value="0" />
				<param name="width" value="53" />
				<param name="height" value="73" />
				<param name="texture" value="$INFO[ListItem.Thumb]" />
				<param name="label_left" value="60" />
				<param name="label_width" value="465" />
				<param name="label2" value="$INFO[ListItem.Premiered]$INFO[ListItem.Genre,  -  ,]" />
			</include>
		</focusedlayout>
		<itemlayout height="74" condition="Skin.String(ProgramsListInfo2Style,5)">
			<include content="ListInfo2TallStyleItemlayout">
				<param name="top" value="0" />
				<param name="width" value="73" />
				<param name="height" value="73" />
				<param name="texture" value="$INFO[ListItem.Thumb]" />
				<param name="label_left" value="80" />
				<param name="label_width" value="445" />
				<param name="label2" value="$INFO[ListItem.Premiered]$INFO[ListItem.Genre,  -  ,]" />
			</include>
		</itemlayout>
		<focusedlayout height="74" condition="Skin.String(ProgramsListInfo2Style,5) | Skin.String(ProgramsListInfo2Style,6)">
			<include content="ListInfo2TallStyleFocusedlayout">
				<param name="anim_visible" value="String.IsEmpty(Skin.String(ProgramsListInfo2Style)) | Skin.String(ProgramsListInfo2Style,3)" />
				<param name="top" value="0" />
				<param name="width" value="73" />
				<param name="height" value="73" />
				<param name="texture" value="$INFO[ListItem.Thumb]" />
				<param name="label_left" value="80" />
				<param name="label_width" value="445" />
				<param name="label2" value="$INFO[ListItem.Premiered]$INFO[ListItem.Genre,  -  ,]" />
			</include>
		</focusedlayout>
		<itemlayout height="74" condition="Skin.String(ProgramsListInfo2Style,8)">
			<include content="ListInfo2TallStyleItemlayout">
				<param name="top" value="0" />
				<param name="width" value="97" />
				<param name="height" value="73" />
				<param name="texture" value="$INFO[ListItem.Thumb]" />
				<param name="label_left" value="104" />
				<param name="label_width" value="411" />
				<param name="label2" value="$INFO[ListItem.Premiered]$INFO[ListItem.Genre,  -  ,]" />
			</include>
		</itemlayout>
		<focusedlayout height="74" condition="Skin.String(ProgramsListInfo2Style,8) | Skin.String(ProgramsListInfo2Style,9)">
			<include content="ListInfo2TallStyleFocusedlayout">
				<param name="anim_visible" value="String.IsEmpty(Skin.String(ProgramsListInfo2Style)) | Skin.String(ProgramsListInfo2Style,3)" />
				<param name="top" value="0" />
				<param name="width" value="97" />
				<param name="height" value="73" />
				<param name="texture" value="$INFO[ListItem.Thumb]" />
				<param name="label_left" value="104" />
				<param name="label_width" value="411" />
				<param name="label2" value="$INFO[ListItem.Premiered]$INFO[ListItem.Genre,  -  ,]" />
			</include>
		</focusedlayout>
	</include>
	
	<include name="ListInfo2MediaInfoArea">
		<control type="group">
			<visible>$PARAM[visible]</visible>
			<left>38</left>
			<top>430</top>

			<control type="grouplist">
				<left>10</left>
				<orientation>horizontal</orientation>
				<control type="label">
					<width min="0" max="$PARAM[Grouplist1LabelWidth]">auto</width>
					<font>MediaInfoFont</font>
					<textcolor>MediaInfoItemColor</textcolor>
					<shadowcolor>ShadowColor</shadowcolor>
					<label>$PARAM[Grouplist1Label]:</label>
				</control>
				<control type="label">
					<width min="0" max="$PARAM[Grouplist1InfoWidth]">auto</width>
					<font>MediaInfoFont</font>
					<textcolor>MediaInfoItemColor2</textcolor>
					<shadowcolor>ShadowColor</shadowcolor>
					<label fallback="31001">$PARAM[Grouplist1Info]</label>
				</control>
			</control>
			
			<control type="grouplist">
				<left>10</left>
				<top>23</top>
				<orientation>horizontal</orientation>
				<control type="label">
					<width min="0" max="$PARAM[Grouplist2LabelWidth]">auto</width>
					<font>MediaInfoFont</font>
					<textcolor>MediaInfoItemColor</textcolor>
					<shadowcolor>ShadowColor</shadowcolor>
					<label>$PARAM[Grouplist2Label]:</label>
				</control>
				<control type="label">
					<width min="0" max="$PARAM[Grouplist2InfoWidth]">auto</width>
					<font>MediaInfoFont</font>
					<textcolor>MediaInfoItemColor2</textcolor>
					<shadowcolor>ShadowColor</shadowcolor>
					<label fallback="31001">$PARAM[Grouplist2Info]</label>
				</control>
			</control>
			
			<control type="grouplist">
				<left>391</left>
				<width>145</width>
				<orientation>horizontal</orientation>
				<align>right</align>
				<control type="label">
					<width min="0" max="$PARAM[Grouplist3LabelWidth]">auto</width>
					<font>MediaInfoFont</font>
					<textcolor>MediaInfoItemColor</textcolor>
					<shadowcolor>ShadowColor</shadowcolor>
					<label>$PARAM[Grouplist3Label]:</label>
				</control>
				<control type="label">
					<width min="0" max="$PARAM[Grouplist3InfoWidth]">auto</width>
					<font>MediaInfoFont</font>
					<textcolor>MediaInfoItemColor2</textcolor>
					<shadowcolor>ShadowColor</shadowcolor>
					<label fallback="31001">$PARAM[Grouplist3Info]</label>
				</control>
			</control>
			
			<control type="grouplist">
				<left>391</left>
				<top>23</top>
				<width>145</width>
				<orientation>horizontal</orientation>
				<align>right</align>
				<control type="label">
					<width min="0" max="$PARAM[Grouplist4LabelWidth]">auto</width>
					<font>MediaInfoFont</font>
					<textcolor>MediaInfoItemColor</textcolor>
					<shadowcolor>ShadowColor</shadowcolor>
					<label>$PARAM[Grouplist4Label]:</label>
				</control>
				<control type="label">
					<width min="0" max="$PARAM[Grouplist4InfoWidth]">auto</width>
					<font>MediaInfoFont</font>
					<textcolor>MediaInfoItemColor2</textcolor>
					<shadowcolor>ShadowColor</shadowcolor>
					<label fallback="31001">$PARAM[Grouplist4Info]</label>
				</control>
			</control>
		</control>
	</include>
	
	<include name="ListInfo2PanelExtraThumbs">
		<control type="image">
			<left>40</left>
			<top>116</top>
			<width>269</width>
			<height>150</height>
			<texture background="true" diffuse="covers/list-info-2-extrathumbs-diffuse.png">$INFO[ListItem.Path]extrathumbs/thumb1.jpg</texture>
			<aspectratio scalediffuse="false">scale</aspectratio>
		</control>

		<control type="image">
			<left>313</left>
			<top>116</top>
			<width>269</width>
			<height>150</height>
			<texture background="true" diffuse="covers/list-info-2-extrathumbs-diffuse.png">$INFO[ListItem.Path]extrathumbs/thumb2.jpg</texture>
			<aspectratio scalediffuse="false">scale</aspectratio>
		</control>

		<control type="image">
			<left>40</left>
			<top>270</top>
			<width>269</width>
			<height>150</height>
			<texture background="true" diffuse="covers/list-info-2-extrathumbs-diffuse.png">$INFO[ListItem.Path]extrathumbs/thumb3.jpg</texture>
			<aspectratio scalediffuse="false">scale</aspectratio>
		</control>

		<control type="image">
			<left>313</left>
			<top>270</top>
			<width>269</width>
			<height>150</height>
			<texture background="true" diffuse="covers/list-info-2-extrathumbs-diffuse.png">$INFO[ListItem.Path]extrathumbs/thumb4.jpg</texture>
			<aspectratio scalediffuse="false">scale</aspectratio>
		</control>
		
		<control type="image">
			<description>Genre Background</description>
			<left>43</left>
			<top>119</top>
			<width>250</width>
			<height>27</height>
			<texture border="8">views/genre-background.png</texture>
			<visible>![String.IsEmpty(ListItem.Genre) + String.IsEmpty(Container(5055).ListItem.Genre)] | ListItem.IsCollection</visible>
			<visible>![[Container.Content(Episodes) + Skin.HasSetting(HideEpisodesGenres)] | [[Container.Content(Movies) | Container.Content(Sets)] + Skin.HasSetting(HideMoviesGenres)]]</visible>
		</control>
					
		<control type="label">
			<description>Genre</description>
			<left>51</left>
			<top>121</top>
			<width>234</width>
			<font>MediaInfoFont3</font>
			<textcolor>WhiteColor</textcolor>
			<shadowcolor>ShadowColor</shadowcolor>
			<label>[UPPERCASE]$VAR[MovieGenre][/UPPERCASE]</label>
			<scroll>false</scroll>
			<animation effect="fade" end="90" condition="true">Conditional</animation>
			<visible>!String.IsEmpty(ListItem.Genre) | ListItem.IsCollection</visible>
			<visible>![[Container.Content(Episodes) + Skin.HasSetting(HideEpisodesGenres)] | [[Container.Content(Movies) | Container.Content(Sets)] + Skin.HasSetting(HideMoviesGenres)]]</visible>
		</control>
		
		<control type="label">
			<description>Next Aired Genre</description>
			<left>51</left>
			<top>121</top>
			<width>234</width>
			<font>MediaInfoFont3</font>
			<textcolor>WhiteColor</textcolor>
			<shadowcolor>ShadowColor</shadowcolor>
			<label>[UPPERCASE]$INFO[Container(5055).ListItem.Genre][/UPPERCASE]</label>
			<scroll>false</scroll>
			<animation effect="fade" end="90" condition="true">Conditional</animation>
			<visible>String.IsEmpty(ListItem.Genre) + !String.IsEmpty(Container(5055).ListItem.Genre)</visible>
			<visible>![[Container.Content(Episodes) + Skin.HasSetting(HideEpisodesGenres)] | [[Container.Content(Movies) | Container.Content(Sets)] + Skin.HasSetting(HideMoviesGenres)]]</visible>
		</control>
	</include>
	
	<include name="MoviesListInfo2">
		<control type="group">
			<visible>!ListItem.IsParentFolder</visible>
			<include condition="!Skin.HasSetting(EnableMoviesListInfo2ExtraThumbs)">ListInfo2PanelFanart</include>
			<include condition="Skin.HasSetting(EnableMoviesListInfo2ExtraThumbs)">ListInfo2PanelExtraThumbs</include>
			
			<include content="ListInfo2MediaInfoArea">
				<param name="visible" value="!ListItem.IsCollection" />
				<param name="Grouplist1LabelWidth" value="110" />
				<param name="Grouplist1Label" value="$LOCALIZE[20339]" />
				<param name="Grouplist1InfoWidth" value="310" />
				<param name="Grouplist1Info" value="$INFO[ListItem.Director]" />
				<param name="Grouplist2LabelWidth" value="110" />
				<param name="Grouplist2Label" value="$LOCALIZE[20417]" />
				<param name="Grouplist2InfoWidth" value="310" />
				<param name="Grouplist2Info" value="$INFO[ListItem.Writer]" />
				<param name="Grouplist3LabelWidth" value="110" />
				<param name="Grouplist3Label" value="$LOCALIZE[345]" />
				<param name="Grouplist3InfoWidth" value="110" />
				<param name="Grouplist3Info" value="$INFO[ListItem.Year]" />
				<param name="Grouplist4LabelWidth" value="110" />
				<param name="Grouplist4Label" value="$LOCALIZE[2050]" />
				<param name="Grouplist4InfoWidth" value="110" />
				<param name="Grouplist4Info" value="$VAR[DurationVar]" />
			</include>
			
			<include content="ListInfo2MediaInfoArea">
				<param name="visible" value="ListItem.IsCollection" />
				<param name="Grouplist1LabelWidth" value="110" />
				<param name="Grouplist1Label" value="$LOCALIZE[342]" />
				<param name="Grouplist1InfoWidth" value="310" />
				<param name="Grouplist1Info" value="$VAR[MovieSetCount]" />
				<param name="Grouplist2LabelWidth" value="110" />
				<param name="Grouplist2Label" value="$LOCALIZE[345]" />
				<param name="Grouplist2InfoWidth" value="360" />
				<param name="Grouplist2Info" value="$VAR[MovieYear]" />
				<param name="Grouplist3LabelWidth" value="110" />
				<param name="Grouplist3Label" value="$LOCALIZE[563]" />
				<param name="Grouplist3InfoWidth" value="110" />
				<param name="Grouplist3Info" value="$VAR[RatingType]" />
				<param name="Grouplist4LabelWidth" value="110" />
				<param name="Grouplist4Label" value="$LOCALIZE[2050]" />
				<param name="Grouplist4InfoWidth" value="110" />
				<param name="Grouplist4Info" value="$VAR[SkinHelperDurationVar]" />
			</include>
			
			<include content="ListInfo2Plot">
				<param name="fallback" value="31203" />
				<param name="label" value="$VAR[MoviePlot]" />
				<param name="visible" value="!Container.OnNext + !Container.OnPrevious" />
			</include>
		</control>
	</include>
	
	<include name="TVShowsListInfo2">
		<control type="group">
			<visible>!ListItem.IsParentFolder + [Container.Content(TVShows) | Container.Content(Seasons)]</visible>
			<include condition="!Skin.HasSetting(ShowTVShowsLandscape)">ListInfo2PanelFanart</include>
			<include condition="Skin.HasSetting(ShowTVShowsLandscape)">ListInfo2PanelLandscape</include>
			
			<control type="group">
				<visible>!Container.Content(Seasons)</visible>
				<include content="ListInfo2MediaInfoArea">
					<param name="visible" value="true" />
					<param name="Grouplist1LabelWidth" value="110" />
					<param name="Grouplist1Label" value="$LOCALIZE[33054]" />
					<param name="Grouplist1InfoWidth" value="310" />
					<param name="Grouplist1Info" value="$VAR[SeasonsPropertyVar]" />
					<param name="Grouplist2LabelWidth" value="110" />
					<param name="Grouplist2Label" value="$LOCALIZE[20360]" />
					<param name="Grouplist2InfoWidth" value="310" />
					<param name="Grouplist2Info" value="$INFO[ListItem.Episode]" />
					<param name="Grouplist3LabelWidth" value="110" />
					<param name="Grouplist3Label" value="$LOCALIZE[345]" />
					<param name="Grouplist3InfoWidth" value="110" />
					<param name="Grouplist3Info" value="$INFO[ListItem.Year]" />
					<param name="Grouplist4LabelWidth" value="110" />
					<param name="Grouplist4Label" value="$LOCALIZE[563]" />
					<param name="Grouplist4InfoWidth" value="110" />
					<param name="Grouplist4Info" value="$VAR[RatingType]" />
				</include>
				
				<include content="ListInfo2Plot">
					<param name="fallback" value="31203" />
					<param name="label" value="$INFO[ListItem.Plot]" />
					<param name="visible" value="!Container.OnNext + !Container.OnPrevious" />
				</include>
			</control>
			
			<control type="group">
				<visible>Container.Content(Seasons)</visible>
				<include content="ListInfo2MediaInfoArea">
					<param name="visible" value="true" />
					<param name="Grouplist1LabelWidth" value="110" />
					<param name="Grouplist1Label" value="$LOCALIZE[20364]" />
					<param name="Grouplist1InfoWidth" value="310" />
					<param name="Grouplist1Info" value="$INFO[Container.ShowTitle]" />
					<param name="Grouplist2LabelWidth" value="110" />
					<param name="Grouplist2Label" value="$LOCALIZE[572]" />
					<param name="Grouplist2InfoWidth" value="310" />
					<param name="Grouplist2Info" value="$INFO[ListItem.Studio]" />
					<param name="Grouplist3LabelWidth" value="110" />
					<param name="Grouplist3Label" value="$LOCALIZE[345]" />
					<param name="Grouplist3InfoWidth" value="110" />
					<param name="Grouplist3Info" value="$INFO[ListItem.Year]" />
					<param name="Grouplist4LabelWidth" value="110" />
					<param name="Grouplist4Label" value="$LOCALIZE[20360]" />
					<param name="Grouplist4InfoWidth" value="110" />
					<param name="Grouplist4Info" value="$VAR[EpisodesPropertyVar]" />
				</include>
				
				<include content="ListInfo2Plot">
					<param name="fallback" value="31203" />
					<param name="label" value="$INFO[Container.ShowPlot]" />
					<param name="visible" value="true" />
				</include>
			</control>
		</control>
		
		<control type="group">
			<visible>!ListItem.IsParentFolder + Container.Content(Episodes)</visible>
			<include condition="!Skin.HasSetting(EnableEpisodesListInfo2ExtraThumbs) + !Skin.HasSetting(ShowLandscape) + !Skin.HasSetting(ShowDefaultThumb)">ListInfo2PanelFanart</include>
			<include condition="Skin.HasSetting(EnableEpisodesListInfo2ExtraThumbs)">ListInfo2PanelExtraThumbs</include>
			<include condition="[Skin.HasSetting(ShowLandscape) | Skin.HasSetting(ShowDefaultThumb)] + !Skin.HasSetting(EnableEpisodesListInfo2ExtraThumbs)">ListInfo2PanelLandscape</include>
			
			<include content="ListInfo2MediaInfoArea">
				<param name="visible" value="true" />
				<param name="Grouplist1LabelWidth" value="150" />
				<param name="Grouplist1Label" value="$LOCALIZE[20373]" />
				<param name="Grouplist1InfoWidth" value="150" />
				<param name="Grouplist1Info" value="$INFO[ListItem.Season]" />
				<param name="Grouplist2LabelWidth" value="150" />
				<param name="Grouplist2Label" value="$LOCALIZE[20416]" />
				<param name="Grouplist2InfoWidth" value="150" />
				<param name="Grouplist2Info" value="$INFO[ListItem.Premiered]" />
				<param name="Grouplist3LabelWidth" value="150" />
				<param name="Grouplist3Label" value="$LOCALIZE[20359]" />
				<param name="Grouplist3InfoWidth" value="150" />
				<param name="Grouplist3Info" value="$INFO[ListItem.Episode]" />
				<param name="Grouplist4LabelWidth" value="150" />
				<param name="Grouplist4Label" value="$LOCALIZE[2050]" />
				<param name="Grouplist4InfoWidth" value="150" />
				<param name="Grouplist4Info" value="$VAR[DurationVar]" />
			</include>
			
			<include content="ListInfo2Plot">
				<param name="fallback" value="31203" />
				<param name="label" value="$INFO[ListItem.Plot]" />
				<param name="visible" value="!Container.OnNext + !Container.OnPrevious" />
			</include>
		</control>
	</include>
	
	<include name="MusicVideosListInfo2">
		<control type="group">
			<visible>!String.IsEmpty(ListItem.Title) + Container.Content(musicvideos)</visible>
			<control type="image">
				<left>40</left>
				<top>116</top>
				<width>542</width>
				<height>304</height>
				<texture border="4">panels/panel3.png</texture>
				<include>ListInfoViewMediaInfoBackgroundFadeAnim</include>
			</control>
			
			<control type="image">
				<left>40</left>
				<top>116</top>
				<width>542</width>
				<height>304</height>
				<texture background="true" diffuse="covers/list-info-2-fanart-diffuse.png">$INFO[ListItem.Thumb]</texture>
				<aspectratio scalediffuse="false">scale</aspectratio>
				<fadetime>FanartCrossfadeTime</fadetime>
			</control>
		
			<control type="image">
				<description>Genre Background</description>
				<left>43</left>
				<top>119</top>
				<width>250</width>
				<height>27</height>
				<texture border="8">views/genre-background.png</texture>
				<visible>!String.IsEmpty(ListItem.Genre) + !Skin.HasSetting(HideMusicVideosGenres)</visible>
			</control>
						
			<control type="label">
				<description>Genre</description>
				<left>51</left>
				<top>121</top>
				<width>234</width>
				<font>MediaInfoFont3</font>
				<textcolor>WhiteColor</textcolor>
				<shadowcolor>ShadowColor</shadowcolor>
				<label>[UPPERCASE]$INFO[ListItem.Genre][/UPPERCASE]</label>
				<scroll>false</scroll>
				<animation effect="fade" end="90" condition="true">Conditional</animation>
				<visible>!String.IsEmpty(ListItem.Genre) + !Skin.HasSetting(HideMusicVideosGenres)</visible>
			</control>
			
			<include content="ListInfo2MediaInfoArea">
				<param name="visible" value="true" />
				<param name="Grouplist1LabelWidth" value="150" />
				<param name="Grouplist1Label" value="$LOCALIZE[345]" />
				<param name="Grouplist1InfoWidth" value="150" />
				<param name="Grouplist1Info" value="$INFO[ListItem.Year]" />
				<param name="Grouplist2LabelWidth" value="150" />
				<param name="Grouplist2Label" value="$LOCALIZE[2050]" />
				<param name="Grouplist2InfoWidth" value="150" />
				<param name="Grouplist2Info" value="$VAR[DurationVar]" />
				<param name="Grouplist3LabelWidth" value="150" />
				<param name="Grouplist3Label" value="$LOCALIZE[572]" />
				<param name="Grouplist3InfoWidth" value="300" />
				<param name="Grouplist3Info" value="$INFO[ListItem.Studio]" />
				<param name="Grouplist4LabelWidth" value="150" />
				<param name="Grouplist4Label" value="$LOCALIZE[20339]" />
				<param name="Grouplist4InfoWidth" value="300" />
				<param name="Grouplist4Info" value="$INFO[ListItem.Director]" />
			</include>
			
			<include content="ListInfo2Plot">
				<param name="fallback" value="31203" />
				<param name="label" value="$INFO[ListItem.Plot]" />
				<param name="visible" value="!Container.OnNext + !Container.OnPrevious" />
			</include>
		</control>
	</include>
	
	<include name="MusicListInfo2">
		<control type="group">
			<visible>!String.IsEmpty(ListItem.Album)</visible>
			<include>ListInfo2PanelFanart</include>
			
			<include content="ListInfo2MediaInfoArea">
				<param name="visible" value="Container.Content(Albums)" />
				<param name="Grouplist1LabelWidth" value="110" />
				<param name="Grouplist1Label" value="$LOCALIZE[557]" />
				<param name="Grouplist1InfoWidth" value="310" />
				<param name="Grouplist1Info" value="$INFO[ListItem.Artist]" />
				<param name="Grouplist2LabelWidth" value="110" />
				<param name="Grouplist2Label" value="$VAR[MusicDurationLabelVar]" />
				<param name="Grouplist2InfoWidth" value="310" />
				<param name="Grouplist2Info" value="$VAR[MusicDurationLabelValueVar]" />
				<param name="Grouplist3LabelWidth" value="110" />
				<param name="Grouplist3Label" value="$LOCALIZE[345]" />
				<param name="Grouplist3InfoWidth" value="110" />
				<param name="Grouplist3Info" value="$VAR[MusicYearVar]" />
				<param name="Grouplist4LabelWidth" value="110" />
				<param name="Grouplist4Label" value="$LOCALIZE[563]" />
				<param name="Grouplist4InfoWidth" value="110" />
				<param name="Grouplist4Info" value="$VAR[RatingType]" />
			</include>
			
			<include content="ListInfo2MediaInfoArea">
				<param name="visible" value="Container.Content(Songs)" />
				<param name="Grouplist1LabelWidth" value="110" />
				<param name="Grouplist1Label" value="$LOCALIZE[557]" />
				<param name="Grouplist1InfoWidth" value="310" />
				<param name="Grouplist1Info" value="$INFO[ListItem.Artist]" />
				<param name="Grouplist2LabelWidth" value="110" />
				<param name="Grouplist2Label" value="$LOCALIZE[558]" />
				<param name="Grouplist2InfoWidth" value="310" />
				<param name="Grouplist2Info" value="$INFO[ListItem.Album]" />
				<param name="Grouplist3LabelWidth" value="110" />
				<param name="Grouplist3Label" value="$LOCALIZE[345]" />
				<param name="Grouplist3InfoWidth" value="110" />
				<param name="Grouplist3Info" value="$INFO[ListItem.Year]" />
				<param name="Grouplist4LabelWidth" value="110" />
				<param name="Grouplist4Label" value="$LOCALIZE[563]" />
				<param name="Grouplist4InfoWidth" value="110" />
				<param name="Grouplist4Info" value="$VAR[RatingType]" />
			</include>
			
			<include content="ListInfo2Plot">
				<param name="fallback" value="31204" />
				<param name="label" value="$VAR[MusicInfoTextbox]" />
				<param name="visible" value="!Container.OnNext + !Container.OnPrevious" />
			</include>
		</control>
		
		<control type="group">
			<visible>!String.IsEmpty(ListItem.Artist) + Container.Content(Artists)</visible>
			<include>ListInfo2PanelFanart</include>

			<control type="group">
				<description>Media Info Area</description>
				<left>38</left>
				<top>430</top>
	
				<control type="grouplist">
					<description>Born/Formed</description>
					<left>10</left>
					<orientation>horizontal</orientation>
					<control type="label">
						<width min="0" max="150">auto</width>
						<font>MediaInfoFont</font>
						<textcolor>MediaInfoItemColor</textcolor>
						<shadowcolor>ShadowColor</shadowcolor>
						<label>$VAR[ArtistBornFormedLabel]:</label>
						<visible>![String.IsEmpty(ListItem.Property(Artist_Born)) + String.IsEmpty(ListItem.Property(Artist_Formed))]</visible>
					</control>
					<control type="label">
						<width min="0" max="450">auto</width>
						<font>MediaInfoFont</font>
						<textcolor>MediaInfoItemColor2</textcolor>
						<shadowcolor>ShadowColor</shadowcolor>
						<label>$VAR[ArtistBornFormedValue]</label>
						<visible>![String.IsEmpty(ListItem.Property(Artist_Born)) + String.IsEmpty(ListItem.Property(Artist_Formed))]</visible>
					</control>
					<control type="label">
						<width min="0" max="200">auto</width>
						<font>MediaInfoFont</font>
						<textcolor>MediaInfoItemColor</textcolor>
						<shadowcolor>ShadowColor</shadowcolor>
						<label>$LOCALIZE[21893]/$LOCALIZE[21894]: [COLOR=MediaInfoItemColor2]$LOCALIZE[31001][/COLOR]</label>
						<visible>String.IsEmpty(ListItem.Property(Artist_Born)) + String.IsEmpty(ListItem.Property(Artist_Formed))</visible>
					</control>
				</control>
				
				<control type="grouplist">
					<description>Years Active</description>
					<left>10</left>
					<top>22</top>
					<orientation>horizontal</orientation>
					<control type="label">
						<width min="0" max="150">auto</width>
						<font>MediaInfoFont</font>
						<textcolor>MediaInfoItemColor</textcolor>
						<shadowcolor>ShadowColor</shadowcolor>
						<label>$LOCALIZE[21898]:</label>
					</control>
					<control type="label">
						<width min="0" max="370">auto</width>
						<font>MediaInfoFont</font>
						<textcolor>MediaInfoItemColor2</textcolor>
						<shadowcolor>ShadowColor</shadowcolor>
						<label fallback="31001">$INFO[ListItem.Property(Artist_YearsActive)]</label>
					</control>
				</control>
			</control>
			
			<include content="ListInfo2Plot">
				<param name="fallback" value="31204" />
				<param name="label" value="$INFO[ListItem.Property(Artist_Description)]" />
				<param name="visible" value="!Container.OnNext + !Container.OnPrevious" />
			</include>
		</control>
	</include>
	
	<include name="ProgramsListInfo2">
		<control type="group">
			<visible>!String.IsEmpty(ListItem.Title)</visible>
			<include>ListInfo2PanelFanart</include>
			
			<include content="ListInfo2MediaInfoArea">
				<param name="visible" value="true" />
				<param name="Grouplist1LabelWidth" value="110" />
				<param name="Grouplist1Label" value="$LOCALIZE[32072]" />
				<param name="Grouplist1InfoWidth" value="310" />
				<param name="Grouplist1Info" value="$INFO[ListItem.Studio]" />
				<param name="Grouplist2LabelWidth" value="110" />
				<param name="Grouplist2Label" value="$LOCALIZE[32071]" />
				<param name="Grouplist2InfoWidth" value="310" />
				<param name="Grouplist2Info" value="$INFO[ListItem.Writer]" />
				<param name="Grouplist3LabelWidth" value="110" />
				<param name="Grouplist3Label" value="$LOCALIZE[345]" />
				<param name="Grouplist3InfoWidth" value="110" />
				<param name="Grouplist3Info" value="$INFO[ListItem.Year]" />
				<param name="Grouplist4LabelWidth" value="110" />
				<param name="Grouplist4Label" value="$LOCALIZE[563]" />
				<param name="Grouplist4InfoWidth" value="110" />
				<param name="Grouplist4Info" value="$INFO[ListItem.Rating]" />
			</include>
			
			<include content="ListInfo2Plot">
				<param name="fallback" value="31203" />
				<param name="label" value="$INFO[ListItem.Plot]" />
				<param name="visible" value="!Container.OnNext + !Container.OnPrevious" />
			</include>
		</control>
	</include>
	<!-- END INCLUDES -->
</includes>