<?xml version="1.0" encoding="UTF-8"?>
<!-- Foundation -->
<window id="6">
    <defaultcontrol always="true">50</defaultcontrol>
    <menucontrol>9000</menucontrol>
    <views>50,550,501,507,509,510,511,512,513,504,56,57,53,55,555,59,54,51,58,52,500,514,515,516,517,519,520,521,522,524,526,527</views>
    <onload condition="System.AddonIsEnabled(script.skin.info.service) + String.IsEmpty(Window(home).Property(skininfos_daemon_running))">RunScript(script.skin.info.service)</onload>
    <onunload condition="Skin.HasSetting(home.netflix.autoplay.trailer) + $EXP[TrailerIsPlaying] + !Skin.HasSetting(trailer.dont.stop.on.unfocus) + !Window.Next(FullScreenVideo)">ClearProperty(TrailerPath,home)</onunload>
    <onunload condition="Skin.HasSetting(home.netflix.autoplay.trailer) + $EXP[TrailerIsPlaying] + !Skin.HasSetting(trailer.dont.stop.on.unfocus) + !Window.Next(FullScreenVideo)">Stop</onunload>
    <onunload condition="Skin.HasSetting(home.netflix.autoplay.trailer)">ClearProperty(listitem.trailer,home)</onunload>
    <controls>
        <include>GlobalBackground</include>
        <include>View_550_List</include>
        <include condition="!Skin.HasSetting(50list.low)">View_50_List</include>
        <include condition="Skin.HasSetting(50list.low)">View_50_LowList</include>
        <include condition="Skin.HasSetting(51bigwide.showinfo)">View_51_BigWide_Info</include>
        <include condition="Skin.HasSetting(51bigwide.showinfo.alternative)">View_51_BigWide</include>
        <include condition="!Skin.HasSetting(51bigwide.showinfo) + !Skin.HasSetting(51bigwide.showinfo.alternative)">View_51_BigWide_Classic</include>
        <include condition="Skin.HasSetting(52biglist.singlepane)">View_52_BigList_SinglePane</include>
        <include condition="!Skin.HasSetting(52biglist.singlepane)">View_52_BigList_DoublePane</include>
        <include>View_53_Poster</include>
        <include>View_54_Banner</include>
        <include>View_515_SideCards</include>
        <include>View_516_SeasonsInfo</include>
        <include>View_526_SeasonsInfo_V2</include>
        <include>View_555_Wall_Episodes</include>
        <include>View_517_WallSmall</include>
        <include>View_519_Shift_Modern</include>
        <include condition="Skin.HasSetting(55wall.showinfo)">View_55_Wall_Info</include>
        <include condition="Skin.HasSetting(55wall.showposter)">View_55_Wall_Poster</include>
        <include condition="!Skin.HasSetting(55wall.showinfo) + !Skin.HasSetting(55wall.showposter)">View_55_Wall</include>
        <include condition="!Skin.HasSetting(56media.showinfo) + !Skin.HasSetting(56media.low)">View_56_MediaInfo</include>
        <include condition="Skin.HasSetting(56media.showinfo) + !Skin.HasSetting(56media.low)">View_56_MediaInfo2</include>
        <include condition="Skin.HasSetting(56media.low)">View_56_MediaInfo3</include>
        <include condition="!Skin.HasSetting(57list.low)">View_57_ExtraInfo</include>
        <include condition="Skin.HasSetting(57list.low)">View_57_ExtraInfo_LowList</include>
        <include>View_58_Cards</include>
        <include>View_59_BannerWall</include>
        <include>View_500_Thumbnails</include>
        <include>View_501_Testo</include>
        <include>View_504_Fanart</include>
        <include>View_507_Fanart2</include>
        <include>View_509_Shift</include>
        <include>View_510_Minimal</include>
        <include>View_520_Minimal</include>
        <include>View_521_Minimal_V2</include>
        <include>View_522_Minimal_V2_Episodes</include>
        <include>View_524_Minimal_V2_Seasons</include>
        <include>View_511_Double_Banner</include>
        <include>View_511_Double</include>
        <include>View_513_Shifted</include>
        <include>View_514_Albums</include>
        <include>View_527_List_V2</include>
        <include>JumpBarHorizontal2</include>
        <include>Furniture_Header</include>
        <include>Furniture_NowPlaying</include>
        <include>Furniture_Clock</include>
        <include>Furniture_Flags</include>
        <include>Furniture_Weather</include>
        <include content="DialogInfoOverlay">
            <param name="headerinfo" value="$INFO[ListItem.Title]" />
            <param name="plotinfo" value="$INFO[ListItem.Tagline,[B],[/B][CR][CR]]$INFO[ListItem.Plot]" />
            <param name="ondirection" value="50" />
        </include>
        <include>AlbumAndSetsCount</include>
        <control type="group">
            <include>Animation.FadeIn</include>
            <include>Animation.FadeOut</include>
            <visible>ControlGroup(9000).HasFocus()</visible>
            <include>GlobalOverlay</include>
        </control>
        <control type="group">
            <animation effect="slide" start="0" end="-655" time="200" condition="Window.IsVisible(1109)">Conditional</animation>
            <height>690</height>
            <include>Def9000Background</include>
            <include>Def9000Arrows</include>
            <control type="group">
                <left>22</left>
                <top>22</top>
                <control type="label">
                    <description>Header Label</description>
                    <left>70</left>
                    <width>950</width>
                    <posy>0</posy>
                    <include>FontTop</include>
                    <textcolor>Dark2</textcolor>
                    <label>14018</label>
                </control>
                <include>Kodi_Logo</include>

                <!-- Lines -->
                <control type="image">
                    <top>70</top>
                    <left>17</left>
                    <width>388</width>
                    <height>1</height>
                    <bottom>10</bottom>
                    <colordiffuse>Black12</colordiffuse>
                    <texture>common/white.png</texture>
                </control>
            </control>
            <include content="Def_Gradient_Settings_Image">
                <param name="controlid" value="9000"/>
                <param name="left" value="8"/>
                <param name="top" value="112"/>
                <param name="width" value="450"/>
                <param name="overlayfix" value="true"/>
                <param name="delay" value="20"/>
                <param name="visible" value="!ControlGroup(6150).HasFocus()"/>
            </include>
            <control type="grouplist" id="9000">
                <top>112</top>
                <usecontrolcoords>true</usecontrolcoords>
                <include content="Def9000GroupList"><param name="height" value="560" /></include>
                <scrolltime>0</scrolltime>

                <!-- Sort Options -->
                <control type="button" id="9305">
                    <include>DefContextButtonGradient</include>
                    <label>$LOCALIZE[582]: $INFO[Container.Viewmode]</label>
                    <align>left</align>
                    <onclick>ActivateWindow(1109)</onclick>
                    <visible>!Skin.HasSetting(views.oldselector)</visible>
                </control>
                <control type="button" id="2">
                    <description>View</description>
                    <include condition="Skin.HasSetting(enable.forcedviews)">unlock_views</include>
                    <include>DefContextButtonGradient</include>
                    <align>left</align>
                    <visible>Skin.HasSetting(views.oldselector)</visible>
                </control>
                <control type="radiobutton" id="1111">
                    <selected>[Container.Content() + !String.IsEmpty(Skin.String(Skin.ForcedView.))] | [Container.Content(tags) + !String.IsEmpty(Skin.String(Skin.ForcedView.tags))] | [Container.Content(years) + !String.IsEmpty(Skin.String(Skin.ForcedView.years))] | [Container.Content(genres) + !String.IsEmpty(Skin.String(Skin.ForcedView.genres))] | [Container.Content(countries) + !String.IsEmpty(Skin.String(Skin.ForcedView.countries))] | [Container.Content(studios) + !String.IsEmpty(Skin.String(Skin.ForcedView.studios))] | [Container.Content(playlists) + !String.IsEmpty(Skin.String(Skin.ForcedView.playlists))] | [Container.Content(movies) + !String.IsEmpty(Skin.String(Skin.ForcedView.movies))] | [Container.Content(sets) + !String.IsEmpty(Skin.String(Skin.ForcedView.sets))] | [Container.Content(tvshows) + !String.IsEmpty(Skin.String(Skin.ForcedView.tvshows))] | [Container.Content(seasons) + !String.IsEmpty(Skin.String(Skin.ForcedView.seasons))] | [Container.Content(episodes) + !String.IsEmpty(Skin.String(Skin.ForcedView.episodes))] | [Container.Content(artists) + !String.IsEmpty(Skin.String(Skin.ForcedView.artists))] | [Container.Content(albums) + !String.IsEmpty(Skin.String(Skin.ForcedView.albums))] | [Container.Content(songs) + !String.IsEmpty(Skin.String(Skin.ForcedView.songs))] | [Container.Content(musicvideos) + !String.IsEmpty(Skin.String(Skin.ForcedView.musicvideos))] | [Container.Content(addons) + !String.IsEmpty(Skin.String(Skin.ForcedView.addons))] | [Container.Content(actors) + !String.IsEmpty(Skin.String(Skin.ForcedView.actors))] | [Container.Content(directors) + !String.IsEmpty(Skin.String(Skin.ForcedView.directors))] | [Container.Content(files) + !String.IsEmpty(Skin.String(Skin.ForcedView.files))] | [Container.Content(mixed) + !String.IsEmpty(Skin.String(Skin.ForcedView.mixed))] | [Container.Content(images) + !String.IsEmpty(Skin.String(Skin.ForcedView.images))] | [Container.Content(games) + !String.IsEmpty(Skin.String(Skin.ForcedView.games))] | [Container.Content(unknown) + !String.IsEmpty(Skin.String(Skin.ForcedView.unknown))] | [Container.Content(videos) + !String.IsEmpty(Skin.String(Skin.ForcedView.videos))]</selected>
                    <include>DefContextButtonGradient</include>
                    <align>left</align>
                    <label>$LOCALIZE[31420] $VAR[label_container]</label>
                    <include>unlock_views</include>
                    <include>lock_views</include>
                    <visible>!String.IsEmpty(Container.Content) + Skin.HasSetting(enable.forcedviews)</visible>
                </control>
                <control type="button" id="3">
                    <description>Sort</description>
                    <include>DefContextButtonGradient</include>
                    <align>left</align>
                </control>
                <control type="togglebutton" id="4">
                    <description>Ascending</description>
                    <include>DefContextButtonGradient</include>
                    <align>left</align>
                    <label>584</label>
                    <altlabel>585</altlabel>
                </control>
                <control type="button" id="55551">
                    <include>DefContextMenuLabel</include>
                    <label>31076</label>
                    <visible>!Control.IsVisible(519) + !Control.IsVisible(500) + !Control.IsVisible(550) + !Control.IsVisible(555) + !Control.IsVisible(59) + !Control.IsVisible(58) + !Control.IsVisible(52) + !Control.IsVisible(515) + !Control.IsVisible(513)</visible>
                </control>
                <control type="radiobutton" id="90444">
                    <include>DefContextButtonGradient</include>
                    <align>left</align>
                    <label>31098</label>
                    <selected>Skin.HasSetting(view.526.switch.plot.poster)</selected>
                    <onclick>Skin.ToggleSetting(view.526.switch.plot.poster)</onclick>
                    <visible>Control.IsVisible(526)</visible>
                    <onclick>ReloadSkin()</onclick>
                </control>
                <control type="button" id="90449">
                    <include>DefContextButtonGradient</include>
                    <align>left</align>
                    <label>$LOCALIZE[31592]:</label>
                    <label2>$VAR[LabelListType527]</label2>
                    <onclick condition="!Skin.HasSetting(527.fixedlist) + !Skin.HasSetting(527.wraplist)">Skin.SetBool(527.fixedlist)</onclick>
                    <onclick condition="Skin.HasSetting(527.fixedlist)">Skin.SetBool(527.wraplist)</onclick>
                    <onclick condition="Skin.HasSetting(527.fixedlist)">Skin.Reset(527.fixedlist)</onclick>
                    <onclick condition="Skin.HasSetting(527.wraplist)">Skin.Reset(527.wraplist)</onclick>
                    <visible>Control.IsVisible(527)</visible>
                    <onclick>ReloadSkin()</onclick>
                </control>
                <control type="radiobutton" id="9025788">
                    <include>DefContextButtonGradient</include>
                    <align>left</align>
                    <label>31569</label>
                    <selected>Skin.HasSetting(view.netflix.clearlogo)</selected>
                    <onclick>Skin.ToggleSetting(view.netflix.clearlogo)</onclick>
                    <visible>Control.IsVisible(521) | Control.IsVisible(522)</visible>
                </control>
                <control type="radiobutton" id="9025">
                    <include>DefContextButtonGradient</include>
                    <align>left</align>
                    <label>31569</label>
                    <selected>!Skin.HasSetting(NotShowClearart514)</selected>
                    <onclick>Skin.ToggleSetting(NotShowClearart514)</onclick>
                    <visible>Control.IsVisible(514)</visible>
                </control>
                <control type="radiobutton" id="9073">
                    <include>DefContextButtonGradient</include>
                    <align>left</align>
                    <label>31569</label>
                    <selected>Skin.HasSetting(ShowClearart511)</selected>
                    <onclick>Skin.ToggleSetting(ShowClearart511)</onclick>
                    <visible>Control.IsVisible(511) | Control.IsVisible(512)</visible>
                </control>
                <control type="radiobutton" id="9027" description="Liste anzeigen">
                    <include>DefContextButtonGradient</include>
                    <align>left</align>
                    <label>31083</label>
                    <selected>Skin.HasSetting(ListView511)</selected>
                    <onclick>Skin.ToggleSetting(ListView511)</onclick>
                    <visible>Control.IsVisible(511) | Control.IsVisible(512)</visible>
                    <onclick>ReloadSkin()</onclick>
                </control>
                <control type="radiobutton" id="9028">
                    <include>DefContextButtonGradient</include>
                    <align>left</align>
                    <label>31264</label>
                    <selected>Skin.HasSetting(511ListInfo)</selected>
                    <onclick>Skin.ToggleSetting(511ListInfo)</onclick>
                    <onclick condition="[Control.IsVisible(50) + Skin.HasSetting(50list.low)] | [Control.IsVisible(57) + Skin.HasSetting(57list.low)] | [Control.IsVisible(56) + Skin.HasSetting(56media.low)]">ReloadSkin()</onclick>
                    <visible>[Control.IsVisible(511) + Skin.HasSetting(ListView511)] | [Control.IsVisible(512) + Skin.HasSetting(ListView511)] | Control.IsVisible(56) | Control.IsVisible(50) | Control.IsVisible(516) | Control.IsVisible(57)</visible>
                </control>
                <control type="radiobutton" id="90282">
                    <include>DefContextButtonGradient</include>
                    <align>left</align>
                    <label>207</label>
                    <selected>Skin.HasSetting(54banner.showinfo)</selected>
                    <onclick>Skin.ToggleSetting(54banner.showinfo)</onclick>
                    <visible>Control.IsVisible(54) + !Container.Content(episodes) + !Container.Content(albums) + !Container.Content(songs)</visible>
                </control>
                <control type="radiobutton" id="9030">
                    <include>DefContextButtonGradient</include>
                    <align>left</align>
                    <label>31262</label>
                    <selected>!Skin.HasSetting(disable.poster)</selected>
                    <onclick>Skin.ToggleSetting(disable.poster)</onclick>
                    <onclick>ReloadSkin()</onclick>
                    <visible>Control.IsVisible(50) + !Skin.HasSetting(50list.low)</visible>
                </control>
                <control type="radiobutton" id="9032" description="Low List (50)">
                    <include>DefContextButtonGradient</include>
                    <align>left</align>
                    <label>31564</label>
                    <selected>Skin.HasSetting(50list.low)</selected>
                    <onclick>Skin.ToggleSetting(50list.low)</onclick>
                    <onclick>ReloadSkin()</onclick>
                    <visible>Control.IsVisible(50)</visible>
                </control>
                <control type="radiobutton" id="9031">
                    <include>DefContextButtonGradient</include>
                    <align>left</align>
                    <label>31676</label>
                    <selected>!Skin.HasSetting(hide.ratings)</selected>
                    <onclick>Skin.ToggleSetting(hide.ratings)</onclick>
                    <visible>Control.IsVisible(50) | Control.IsVisible(57) | Control.IsVisible(56)</visible>
                </control>
                <control type="radiobutton" id="9034" description="Info Wall (55)">
                    <include>DefContextButtonGradient</include>
                    <align>left</align>
                    <label>31147</label>
                    <selected>Skin.HasSetting(55wall.showinfo)</selected>
                    <onclick>Skin.Reset(55wall.showposter)</onclick>
                    <onclick>Skin.ToggleSetting(55wall.showinfo)</onclick>
                    <onclick>ReloadSkin()</onclick>
                    <visible>Control.IsVisible(55)</visible>
                </control>
                <control type="radiobutton" id="9035" description="Poster Wall (55)">
                    <include>DefContextButtonGradient</include>
                    <align>left</align>
                    <label>31185</label>
                    <selected>Skin.HasSetting(55wall.showposter)</selected>
                    <onclick>Skin.Reset(55wall.showinfo)</onclick>
                    <onclick>Skin.ToggleSetting(55wall.showposter)</onclick>
                    <onclick>ReloadSkin()</onclick>
                    <visible>Control.IsVisible(55)</visible>
                </control>
                <control type="radiobutton" id="9036" description="Info Media (56)">
                    <include>DefContextButtonGradient</include>
                    <align>left</align>
                    <label>31147</label>
                    <selected>Skin.HasSetting(56media.showinfo)</selected>
                    <onclick>Skin.ToggleSetting(56media.showinfo)</onclick>
                    <onclick>Skin.Reset(56media.low)</onclick>
                    <onclick>ReloadSkin()</onclick>
                    <visible>Control.IsVisible(56)</visible>
                </control>
                <control type="radiobutton" id="9037" description="Low List Media (56)">
                    <include>DefContextButtonGradient</include>
                    <align>left</align>
                    <label>31564</label>
                    <selected>Skin.HasSetting(56media.low)</selected>
                    <onclick>Skin.ToggleSetting(56media.low)</onclick>
                    <onclick>Skin.Reset(56media.showinfo)</onclick>
                    <onclick>ReloadSkin()</onclick>
                    <visible>Control.IsVisible(56)</visible>
                </control>
                <control type="radiobutton" id="9038" description="Low List (57)">
                    <include>DefContextButtonGradient</include>
                    <align>left</align>
                    <label>31564</label>
                    <selected>Skin.HasSetting(57list.low)</selected>
                    <onclick>Skin.ToggleSetting(57list.low)</onclick>
                    <onclick>ReloadSkin()</onclick>
                    <visible>Control.IsVisible(57)</visible>
                </control>
                <control type="radiobutton" id="9039">
                    <include>DefContextButtonGradient</include>
                    <align>left</align>
                    <label>31185</label>
                    <selected>Skin.HasSetting(ShowPoster517)</selected>
                    <onclick>Skin.ToggleSetting(ShowPoster517)</onclick>
                    <visible>Control.IsVisible(517)</visible>
                    <onclick>ReloadSkin()</onclick>
                </control>
                <control type="radiobutton" id="9041" description="Big Wide Info (51)">
                    <include>DefContextButtonGradient</include>
                    <align>left</align>
                    <label>31147</label>
                    <selected>Skin.HasSetting(51bigwide.showinfo)</selected>
                    <onclick>Skin.ToggleSetting(51bigwide.showinfo)</onclick>
                    <onclick>Skin.Reset(51bigwide.showclassic)</onclick>
                    <onclick>Skin.Reset(51bigwide.showinfo.alternative)</onclick>
                    <onclick>ReloadSkin()</onclick>
                    <visible>Control.IsVisible(51)</visible>
                </control>
                <control type="radiobutton" id="9043" description="Big Wide Info (51)">
                    <include>DefContextButtonGradient</include>
                    <align>left</align>
                    <label>31432</label>
                    <selected>Skin.HasSetting(51bigwide.showinfo.alternative)</selected>
                    <onclick>Skin.ToggleSetting(51bigwide.showinfo.alternative)</onclick>
                    <onclick>Skin.Reset(51bigwide.showclassic)</onclick>
                    <onclick>Skin.Reset(51bigwide.showinfo)</onclick>
                    <onclick>ReloadSkin()</onclick>
                    <visible>Control.IsVisible(51)</visible>
                </control>
                <control type="radiobutton" id="8011">
                    <include>DefContextButtonGradient</include>
                    <align>left</align>
                    <label>31432</label>
                    <selected>Skin.HasSetting(521.alternative)</selected>
                    <onclick>Skin.ToggleSetting(521.alternative)</onclick>
                    <onclick>ReloadSkin()</onclick>
                    <visible>Control.IsVisible(521)</visible>
                </control>
                <control type="radiobutton" id="8999">
                    <include>DefContextButtonGradient</include>
                    <align>left</align>
                    <label>31459</label>
                    <selected>!Skin.HasSetting(disable.view.521.discart)</selected>
                    <onclick>Skin.ToggleSetting(disable.view.521.discart)</onclick>
                    <visible>Control.IsVisible(521)</visible>
                </control>
                <control type="radiobutton" id="9044" description="Plot 51">
                    <include>DefContextButtonGradient</include>
                    <align>left</align>
                    <label>31214</label>
                    <selected>Skin.HasSetting(51.showplot)</selected>
                    <onclick>Skin.ToggleSetting(51.showplot)</onclick>
                    <visible>Control.IsVisible(51) + !Skin.HasSetting(51bigwide.showinfo) + !Skin.HasSetting(51bigwide.showinfo.alternative)</visible>
                </control>
                <control type="radiobutton" id="9045">
                    <include>DefContextButtonGradient</include>
                    <align>left</align>
                    <label>31009</label>
                    <selected>Skin.HasSetting(507.noscrolling)</selected>
                    <onclick>Skin.ToggleSetting(507.noscrolling)</onclick>
                    <visible>Control.IsVisible(507)</visible>
                </control>
                <control type="radiobutton" id="9049">
                    <include>DefContextButtonGradient</include>
                    <align>left</align>
                    <label>31569</label>
                    <selected>Skin.HasSetting(509clearlogo)</selected>
                    <onclick>Skin.ToggleSetting(509clearlogo)</onclick>
                    <visible>Control.IsVisible(509)</visible>
                </control>
                <control type="radiobutton" id="9047">
                    <include>DefContextButtonGradient</include>
                    <align>left</align>
                    <label>31071</label>
                    <selected>Skin.HasSetting(509fanart)</selected>
                    <onclick>Skin.ToggleSetting(509fanart)</onclick>
                    <visible>Control.IsVisible(509)</visible>
                </control>
                <control type="radiobutton" id="9048">
                    <include>DefContextButtonGradient</include>
                    <align>left</align>
                    <label>$LOCALIZE[31297]$LOCALIZE[31330]</label>
                    <selected>Skin.HasSetting(509fanartclearart)</selected>
                    <onclick>Skin.ToggleSetting(509fanartclearart)</onclick>
                    <visible>Control.IsVisible(509) + Skin.HasSetting(509fanart)</visible>
                </control>
                <control type="button" id="9050">
                    <include>DefContextButtonGradient</include>
                    <align>left</align>
                    <label>$LOCALIZE[31380]:</label>
                    <label2>$VAR[509Align]</label2>
                    <selected>Skin.HasSetting(509NoCenter)</selected>
                    <onclick>Skin.ToggleSetting(509NoCenter)</onclick>
                    <visible>Control.IsVisible(509)</visible>
                    <onclick>ReloadSkin()</onclick>
                </control>
                <control type="button" id="9051">
                    <include>DefContextButtonGradient</include>
                    <align>left</align>
                    <label>$LOCALIZE[31380]:</label>
                    <label2>$VAR[514Align]</label2>
                    <selected>Skin.HasSetting(514NoCenter)</selected>
                    <onclick>Skin.ToggleSetting(514NoCenter)</onclick>
                    <visible>Control.IsVisible(514)</visible>
                    <onclick>ReloadSkin()</onclick>
                </control>
                <control type="radiobutton" id="9052">
                    <include>DefContextButtonGradient</include>
                    <align>left</align>
                    <label>31569</label>
                    <selected>Skin.HasSetting(504clearlogo)</selected>
                    <onclick>Skin.ToggleSetting(504clearlogo)</onclick>
                    <visible>Control.IsVisible(504)</visible>
                </control>
                <control type="radiobutton" id="9029" description="list.show.filename">
                    <include>DefContextButtonGradient</include>
                    <align>left</align>
                    <label>31565</label>
                    <selected>Skin.HasSetting(list.show.filename)</selected>
                    <onclick>Skin.ToggleSetting(list.show.filename)</onclick>
                    <visible>Skin.HasSetting(511ListInfo)</visible>
                    <visible>Control.IsVisible(50) | Control.IsVisible(57) | Control.IsVisible(56)</visible>
                </control>
                <control type="radiobutton" id="9058" description="Hide Votes">
                    <include>DefContextButtonGradient</include>
                    <align>left</align>
                    <label>205</label>
                    <selected>!Skin.HasSetting(hidevotesfanart)</selected>
                    <onclick>Skin.ToggleSetting(hidevotesfanart)</onclick>
                    <visible>Control.IsVisible(501) | Control.IsVisible(507)</visible>
                </control>
                <control type="radiobutton" id="90871">
                    <include>DefContextButtonGradient</include>
                    <align>left</align>
                    <label>31007</label>
                    <selected>Skin.HasSetting(view.title.overlay)</selected>
                    <onclick>Skin.ToggleSetting(view.title.overlay)</onclick>
                    <visible>Control.IsVisible(55)</visible>
                    <onclick>ReloadSkin()</onclick>
                </control>
                <control type="radiobutton" id="9059" description="Slider Info">
                    <include>DefContextButtonGradient</include>
                    <align>left</align>
                    <label>31537</label>
                    <selected>Skin.HasSetting(55wall.slideinfo)</selected>
                    <onclick>Skin.ToggleSetting(55wall.slideinfo)</onclick>
                    <visible>Control.IsVisible(55) + !Skin.HasSetting(55wall.showinfo) + !Skin.HasSetting(55wall.showposter)</visible>
                </control>
                <control type="radiobutton" id="9060" description="Show progress">
                    <include>DefContextButtonGradient</include>
                    <align>left</align>
                    <label>31577</label>
                    <selected>Skin.HasSetting(furniture.overlayinfobalken)</selected>
                    <onclick>Skin.ToggleSetting(furniture.overlayinfobalken)</onclick>
                    <onclick>ReloadSkin()</onclick>
                    <visible>Control.IsVisible(55) | Control.IsVisible(57) | Control.IsVisible(56) | Control.IsVisible(501) | Control.IsVisible(507)</visible>
                </control>
                <control type="radiobutton" id="9062" description="Discart">
                    <include>DefContextButtonGradient</include>
                    <align>left</align>
                    <label>31459</label>
                    <selected>Skin.HasSetting(discartfanart)</selected>
                    <onclick>Skin.ToggleSetting(discartfanart)</onclick>
                    <visible>Control.IsVisible(507) | Control.IsVisible(501) | Control.IsVisible(504)</visible>
                </control>
                <control type="radiobutton" id="9063" description="Alternative CD Case">
                    <include>DefContextButtonGradient</include>
                    <align>left</align>
                    <label>31010</label>
                    <selected>Skin.HasSetting(ModernCase)</selected>
                    <onclick>Skin.ToggleSetting(ModernCase)</onclick>
                    <visible>Control.IsVisible(507) | Control.IsVisible(501)</visible>
                </control>
                <control type="radiobutton" id="9067">
                    <include>DefContextButtonGradient</include>
                    <align>left</align>
                    <label>31569</label>
                    <selected>Skin.HasSetting(ShowClearart510)</selected>
                    <onclick>Skin.ToggleSetting(ShowClearart510)</onclick>
                    <visible>Control.IsVisible(510) | Control.IsVisible(520)</visible>
                </control>
                <control type="button" id="9071">
                    <include>DefContextButtonGradient</include>
                    <align>left</align>
                    <label>$LOCALIZE[31379]:</label>
                    <label2>$VAR[IconSize]</label2>
                    <onclick>Skin.ToggleSetting(510IconSizeSmall)</onclick>
                    <visible>Control.IsVisible(510)</visible>
                    <onclick>ReloadSkin()</onclick>
                </control>
                <control type="radiobutton" id="90711">
                    <include>DefContextButtonGradient</include>
                    <align>left</align>
                    <label>31079</label>
                    <selected>Skin.HasSetting(ShowDiscart510)</selected>
                    <onclick>Skin.ToggleSetting(ShowDiscart510)</onclick>
                    <visible>Control.IsVisible(510) + Skin.HasSetting(510IconSizeSmall)</visible>
                </control>
                <control type="radiobutton" id="90680">
                    <include>DefContextButtonGradient</include>
                    <align>left</align>
                    <label>31475</label>
                    <selected>!Skin.HasSetting(hide.views.netflix.preview)</selected>
                    <onclick>Skin.ToggleSetting(hide.views.netflix.preview)</onclick>
                    <visible>Control.IsVisible(510) | Control.IsVisible(520) | Control.IsVisible(521) | Control.IsVisible(522) | Control.IsVisible(524)</visible>
                </control>
                <control type="radiobutton" id="9068">
                    <include>DefContextButtonGradient</include>
                    <align>left</align>
                    <label>$LOCALIZE[31297]$LOCALIZE[31080]</label>
                    <selected>Skin.HasSetting(homemenu.netflix.preview.fullscreen)</selected>
                    <onclick>Skin.ToggleSetting(homemenu.netflix.preview.fullscreen)</onclick>
                    <visible>Control.IsVisible(510) | Control.IsVisible(520) | Control.IsVisible(521) | Control.IsVisible(522) | Control.IsVisible(524)</visible>
                    <enable>!Skin.HasSetting(hide.views.netflix.preview)</enable>
                    <onclick>ReloadSkin()</onclick>
                </control>
                <control type="button" id="90681">
                    <include>DefContextButtonGradient</include>
                    <align>left</align>
                    <label>$LOCALIZE[31297]$LOCALIZE[464]:</label>
                    <label2>$VAR[FadeNetflixPreviewLabel]</label2>
                    <onclick>SetProperty(includesetting,FadeNetflixPreview,home)</onclick>
                    <onclick>ActivateWindow(1248)</onclick>
                    <visible>Control.IsVisible(510) | Control.IsVisible(520) | Control.IsVisible(521) | Control.IsVisible(522) | Control.IsVisible(524)</visible>
                    <enable>!Skin.HasSetting(hide.views.netflix.preview)</enable>
                    <onclick>ReloadSkin()</onclick>
                </control>
                <control type="radiobutton" id="9033" description="No Wrap">
                    <include>DefContextButtonGradient</include>
                    <align>left</align>
                    <label>31148</label>
                    <selected>!Skin.HasSetting(53poster.nowrap)</selected>
                    <onclick>Skin.ToggleSetting(53poster.nowrap)</onclick>
                    <onclick>ReloadSkin()</onclick>
                    <visible>Control.IsVisible(53) | Control.IsVisible(510) | Control.IsVisible(520) | Control.IsVisible(521) | Control.IsVisible(522) | Control.IsVisible(524)</visible>
                </control>
                <control type="radiobutton" id="9092">
                    <include>DefContextButtonGradient</include>
                    <align>left</align>
                    <label>31575</label>
                    <selected>Skin.HasSetting(use.default.selectbox)</selected>
                    <onclick>Skin.ToggleSetting(use.default.selectbox)</onclick>
                    <visible>Control.IsVisible(510) | Control.IsVisible(520)</visible>
                </control>
                <control type="button" id="9070" description="Netflix Icon Size">
                    <include>DefContextButtonGradient</include>
                    <align>left</align>
                    <label>$LOCALIZE[31379]:</label>
                    <label2>$VAR[NetflixIconSize]</label2>
                    <onclick condition="String.IsEmpty(Skin.String(NetflixIconSize))">Skin.SetString(NetflixIconSize,1)</onclick>
                    <onclick condition="String.IsEqual(Skin.String(NetflixIconSize),1)">Skin.Reset(NetflixIconSize)</onclick>
                    <visible>Control.IsVisible(504)</visible>
                </control>
                <control type="radiobutton" id="9072">
                    <include>DefContextButtonGradient</include>
                    <align>left</align>
                    <label>31383</label>
                    <selected>!Skin.HasSetting(ShowClearartFanart511)</selected>
                    <onclick>Skin.ToggleSetting(ShowClearartFanart511)</onclick>
                    <visible>Control.IsVisible(511)</visible>
                    <visible>Skin.HasSetting(FullscreenFanart511)</visible>
                </control>
                <control type="radiobutton" id="9074">
                    <include>DefContextButtonGradient</include>
                    <align>left</align>
                    <label>31085</label>
                    <selected>Skin.HasSetting(511fanartposter)</selected>
                    <onclick>Skin.ToggleSetting(511fanartposter)</onclick>
                    <onclick>Skin.Reset(FullscreenFanart511)</onclick>
                    <visible>Control.IsVisible(511)</visible>
                </control>
                <control type="radiobutton" id="9075">
                    <include>DefContextButtonGradient</include>
                    <align>left</align>
                    <label>31092</label>
                    <selected>Skin.HasSetting(Flip512)</selected>
                    <onclick>Skin.ToggleSetting(Flip512)</onclick>
                    <visible>Control.IsVisible(512)</visible>
                </control>
                <control type="radiobutton" id="9076">
                    <include>DefContextButtonGradient</include>
                    <align>left</align>
                    <label>31082</label>
                    <selected>Skin.HasSetting(Flip511)</selected>
                    <onclick>Skin.ToggleSetting(Flip511)</onclick>
                    <visible>Control.IsVisible(511)</visible>
                    <visible>!Skin.HasSetting(FullscreenFanart511)</visible>
                </control>
                <control type="radiobutton" id="9077">
                    <include>DefContextButtonGradient</include>
                    <align>left</align>
                    <label>31098</label>
                    <selected>Skin.HasSetting(flip511rightleft)</selected>
                    <onclick>Skin.ToggleSetting(flip511rightleft)</onclick>
                    <visible>Control.IsVisible(511)</visible>
                </control>
                <control type="radiobutton" id="9078">
                    <include>DefContextButtonGradient</include>
                    <align>left</align>
                    <label>31080</label>
                    <selected>Skin.HasSetting(FullscreenFanart511)</selected>
                    <onclick>Skin.ToggleSetting(FullscreenFanart511)</onclick>
                    <onclick>Skin.Reset(511fanartposter)</onclick>
                    <visible>Control.IsVisible(511)</visible>
                </control>
                <control type="radiobutton" id="9079">
                    <include>DefContextButtonGradient</include>
                    <align>left</align>
                    <label>31098</label>
                    <selected>Skin.HasSetting(flip512rightleft)</selected>
                    <onclick>Skin.ToggleSetting(flip512rightleft)</onclick>
                    <visible>Control.IsVisible(512)</visible>
                </control>
                <control type="button" id="55552">
                    <include>DefContextMenuLabel</include>
                    <label>31508</label>
                </control>
                <control type="radiobutton" id="9080">
                    <include>DefContextButtonGradient</include>
                    <align>left</align>
                    <label>31562</label>
                    <selected>Skin.HasSetting(show.reflections)</selected>
                    <onclick>Skin.ToggleSetting(show.reflections)</onclick>
                    <visible>Control.IsVisible(50) | Control.IsVisible(504) | Control.IsVisible(510) | Control.IsVisible(519) | Control.IsVisible(520) | Control.IsVisible(521) | Control.IsVisible(522) | Control.IsVisible(524) | Control.IsVisible(514) | Control.IsVisible(509) | Control.IsVisible(53) | Control.IsVisible(527)</visible>
                </control>
                <control type="radiobutton" id="9082">
                    <include>DefContextButtonGradient</include>
                    <align>left</align>
                    <label>31585</label>
                    <selected>Skin.HasSetting(items.focus.zoom)</selected>
                    <onclick>Skin.ToggleSetting(items.focus.zoom)</onclick>
                    <onclick>ReloadSkin()</onclick>
                </control>
                <control type="button" id="9083">
                    <include>DefContextButtonGradient</include>
                    <align>left</align>
                    <label>$LOCALIZE[31590]:</label>
                    <label2>$VAR[Label_ItemsGlow]</label2>                          
                    <onclick condition="!Skin.HasSetting(items.focus.glow)">Skin.SetBool(items.focus.glow)</onclick>
                    <onclick condition="!Skin.HasSetting(items.focus.glow)">Skin.SetBool(items.focus.glow.low)</onclick>
                    <onclick condition="Skin.HasSetting(items.focus.glow) + !Skin.HasSetting(items.focus.glow.full) + Skin.HasSetting(items.focus.glow.low)">Skin.Reset(items.focus.glow.low)</onclick>
                    <onclick condition="Skin.HasSetting(items.focus.glow) + !Skin.HasSetting(items.focus.glow.full) + !Skin.HasSetting(items.focus.glow.low)">Skin.SetBool(items.focus.glow.full)</onclick>
                    <onclick condition="Skin.HasSetting(items.focus.glow) + Skin.HasSetting(items.focus.glow.full)">Skin.Reset(items.focus.glow)</onclick>
                    <onclick condition="Skin.HasSetting(items.focus.glow) + Skin.HasSetting(items.focus.glow.full)">Skin.Reset(items.focus.glow.full)</onclick>
                </control>
                <control type="radiobutton" id="9081" description="moreshadows">
                    <include>DefContextButtonGradient</include>
                    <align>left</align>
                    <label>31328</label>
                    <selected>Skin.HasSetting(global.moreshadows)</selected>
                    <onclick>Skin.ToggleSetting(global.moreshadows)</onclick>
                </control>
                <control type="radiobutton" id="9584">
                    <include>DefContextButtonGradient</include>
                    <label>31017</label>
                    <align>left</align>
                    <selected>Skin.HasSetting(furniture.coloredicons)</selected>
                    <onclick>Skin.ToggleSetting(furniture.coloredicons)</onclick>
                    <visible>!Skin.HasSetting(furniture.flags) + Skin.HasSetting(furniture.flagicons)</visible>
                </control>
                <control type="radiobutton" id="9085" description="AnimatedPoster">
                    <include>DefContextButtonGradient</include>
                    <align>left</align>
                    <label>31002</label>
                    <selected>Skin.HasSetting(furniture.animatedposters)</selected>
                    <onclick>Skin.ToggleSetting(furniture.animatedposters)</onclick>
                </control>
                <control type="radiobutton" id="9086" description="AnimatedFanart">
                    <include>DefContextButtonGradient</include>
                    <align>left</align>
                    <label>31003</label>
                    <selected>Skin.HasSetting(furniture.animatedfanarts)</selected>
                    <onclick>Skin.ToggleSetting(furniture.animatedfanarts)</onclick>
                </control>
                <control type="radiobutton" id="9088" description="Enable Extra Fanart">
                    <include>DefContextButtonGradient</include>
                    <align>left</align>
                    <label>31259</label>
                    <selected>Skin.HasSetting(EnableExtraFanart)</selected>
                    <onclick>Skin.ToggleSetting(EnableExtraFanart)</onclick>
                </control>

                <!-- Other Options -->
                <control type="button" id="55553">
                    <include>DefContextMenuLabel</include>
                    <label>587</label>
                </control>
                <control type="radiobutton" id="14">
                    <description>Hide watched</description>
                    <include>DefContextButtonGradient</include>
                    <align>left</align>
                    <label>31133</label>
                </control>
                <control type="radiobutton" id="11">
                    <description>Unlock Shares</description>
                    <include>DefContextButtonGradient</include>
                    <align>left</align>
                    <label>20336</label>
                    <onclick>mastermode</onclick>
                    <selected>system.ismaster</selected>
                    <visible>system.haslocks</visible>
                </control>
                <control type="radiobutton" id="16">
                    <description>PartyMode</description>
                    <include>DefContextButtonGradient</include>
                    <align>left</align>
                    <label>589</label>
                    <visible>Container.Content(MusicVideos)</visible>
                </control>
                <control type="edit" id="19">
                    <label>587</label>
                    <description>Filter (hidden)</description>
                    <include>DefContextButtonGradient</include>
                    <visible>!Container.CanFilterAdvanced</visible>
                </control>
                <control type="radiobutton" id="98">
                    <visible>Container.CanFilterAdvanced</visible>
                    <description>Filter</description>
                    <include>DefContextButtonGradient</include>
                    <label>587</label>
                    <align>left</align>
                    <onclick>SetFocus(50)</onclick>
                    <onclick>Filter</onclick>
                    <selected>Container.Filtered</selected>
                </control>
                <control type="button" id="55554">
                    <include>DefContextMenuLabel</include>
                    <label>31077</label>
                </control>
                <control type="button" id="9091">
                    <description>Global Search</description>
                    <include>DefContextButtonGradient</include>
                    <align>left</align>
                    <label>137</label>
                    <onclick>SetFocus(50)</onclick>
                    <onclick>RunScript(script.globalsearch,tvshows=true&amp;movies=true&amp;episodes=true&amp;actors=true)</onclick>
                </control>
                <control type="button" id="9099">
                    <include>DefContextButtonGradient</include>
                    <align>left</align>
                    <label>14247</label>
                    <onclick>CleanLibrary(video)</onclick>
                </control>
                <control type="togglebutton" id="20">
                    <description>Update</description>
                    <align>left</align>
                    <label>653</label>
                    <altlabel>13353</altlabel>
                    <include>DefContextButtonGradient</include>
                    <usealttexture>Library.IsScanningVideo</usealttexture>
                </control>
                <include>ButtonPlaylist</include>
                <control type="button" id="5555">
                    <include>DefContextButtonGradient</include>
                    <align>left</align>
                    <label>31195</label>
                    <onclick>ReloadSkin()</onclick>
                    <visible>Skin.HasSetting(DebugInfo)</visible>
                </control>
                <include>ControlButtons</include>
            </control>
        </control>
    </controls>
</window>
