<?xml version="1.0" encoding="UTF-8"?>
<includes>


    <include name="DialogVideoVersions">
        <param name="id">6</param>
        <param name="scrollbar_id">61</param>
        <param name="include_content">Items_Null</param>
        <param name="include_closebutton">Dialog_Head_CloseButton</param>
        <param name="visible">true</param>
        <definition>
            <include content="Dialog_Dim_Overlay">
                <param name="visible">$PARAM[visible]</param>
            </include>
            <control type="group">
                <visible>$PARAM[visible]</visible>
                <include>Animation_SlideIn_Dialog</include>
                <control type="grouplist">
                    <visible>Skin.HasSetting(Filename.DialogSelect)</visible>
                    <height>80</height>
                    <centerbottom>80</centerbottom>
                    <orientation>horizontal</orientation>
                    <align>center</align>
                    <itemgap>10</itemgap>
                    <control type="label">
                        <left>-12</left>
                        <aligny>center</aligny>
                        <label>$INFO[Container($PARAM[id]).ListItem.Path]</label>
                        <textcolor>main_fg_70</textcolor>
                        <font>font_tiny</font>
                        <width>auto</width>
                    </control>
                </control>
                <control type="grouplist">
                    <visible>Skin.HasSetting(Filename.DialogSelect)</visible>
                    <height>80</height>
                    <centerbottom>50</centerbottom>
                    <orientation>horizontal</orientation>
                    <align>center</align>
                    <itemgap>10</itemgap>
                    <control type="label">
                        <left>-12</left>
                        <aligny>center</aligny>
                        <label>$INFO[Container($PARAM[id]).ListItem.FileName]</label>
                        <textcolor>main_fg_70</textcolor>
                        <font>font_tiny</font>
                        <width>auto</width>
                    </control>
                </control>
                <control type="group">
                    <include>Dimension_DialogVersionSelect</include>
                    <include content="Dialog_Background_Group">
                        <param name="include_glass">true</param>
                        <param name="dialog_size">Dimension_DialogVersionSelect</param>
                    </include>
                    <include>Dialog_Overlay_Tray</include>
                    <include>$PARAM[include_closebutton]</include>
                    <control type="group">
                        <include>Dialog_Group</include>
                        <include content="Dialog_Head">
                            <param name="top">40</param>
                            <param name="left">40</param>
                            <param name="label">$PARAM[label]</param>
                        </include>
                        <control type="group">
                            <bottom>-40</bottom>
                            <control type="image">
                                <top>120</top>
                                <height>1</height>
                                <texture colordiffuse="$VAR[Color_DialogBorder]">common/white.png</texture>
                                <left>40</left>
                                <right>40</right>
                            </control>
                            <control type="scrollbar" id="$PARAM[scrollbar_id]">
                                <centerbottom>160</centerbottom>
                                <height>scrollbar_w</height>
                                <orientation>horizontal</orientation>
                                <left>40</left>
                                <right>40</right>
                                <texturesliderbackground colordiffuse="main_fg_12" border="4">scrollbar/scrollh_line.png</texturesliderbackground>
                                <texturesliderbackground />
                                <texturesliderbar colordiffuse="main_logo" border="4">scrollbar/scrollh.png</texturesliderbar>
                                <include>Texture_Scrollbar_H</include>
                                <onup>$PARAM[id]</onup>
                            </control>
                            <control type="group">
                                <top>80</top>
                                <include content="List_Core">
                                    <param name="orientation">horizontal</param>
                                    <param name="control">fixedlist</param>
                                    <param name="id">$PARAM[id]</param>
                                    <param name="item_w">295</param>
                                    <param name="item_h">440</param>
                                    <param name="itemlayout_w">335</param>
                                    <param name="itemlayout_h">480</param>
                                    <param name="itemlayout_include">Layout_VersionPoster</param>
                                    <param name="icon">$VAR[Image_VideoVersion_Poster]</param>
                                    <movement>1</movement>
                                    <param name="offset_x">40</param>
                                    <focusposition>1</focusposition>
                                    <pagecontrol>$PARAM[scrollbar_id]</pagecontrol>
                                    <onup>$PARAM[onup]</onup>
                                    <ondown>$PARAM[scrollbar_id]</ondown>
                                    <animation effect="slide" end="-167.5" condition="Integer.IsEqual(Container($PARAM[id]).NumItems,2)">Conditional</animation>
                                    <include>$PARAM[include_content]</include>
                                    <include content="Animation_ConditionalFade">
                                        <param name="condition">Container($PARAM[id]).IsUpdating</param>
                                    </include>
                                </include>
                                <control type="group">
                                    <centertop>45%</centertop>
                                    <centerleft>50%</centerleft>
                                    <height>100</height>
                                    <width>100</width>
                                    <include>Widget_Busy_Spinner_Images</include>
                                    <visible>Container($PARAM[id]).IsUpdating</visible>
                                </control>
                            </control>
                            <control type="grouplist">
                                <height>80</height>
                                <centerbottom>120</centerbottom>
                                <orientation>horizontal</orientation>
                                <align>center</align>
                                <itemgap>10</itemgap>
                                <include content="Info_Line_VideoQuality_Resolution">
                                    <param name="visible">true</param>
                                    <param name="colordiffuse">main_fg_90</param>
                                    <param name="is_web">[false]</param>
                                    <param name="is_8k">[Integer.IsGreater(Container($PARAM[id]).ListItem.VideoResolution,2160) | String.IsEqual(Container($PARAM[id]).ListItem.VideoResolution,8K)]</param>
                                    <param name="is_4k">[Integer.IsGreater(Container($PARAM[id]).ListItem.VideoResolution,1080) | String.IsEqual(Container($PARAM[id]).ListItem.VideoResolution,4K)]</param>
                                    <param name="is_fhd">[Integer.IsGreater(Container($PARAM[id]).ListItem.VideoResolution,720)]</param>
                                    <param name="is_hd">[Integer.IsEqual(Container($PARAM[id]).ListItem.VideoResolution,720)]</param>
                                    <param name="is_sd">[!String.IsEmpty(Container($PARAM[id]).ListItem.VideoResolution)]</param>
                                </include>
                                <include content="Info_Line_VideoQuality_HDRType">
                                    <param name="visible">true</param>
                                    <param name="colordiffuse">main_fg_90</param>
                                    <param name="is_dolbyvision">[String.IsEqual(Container($PARAM[id]).ListItem.HdrType,dolbyvision)]</param>
                                    <param name="is_hdr">[String.IsEqual(Container($PARAM[id]).ListItem.HdrType,hdr10)]</param>
                                    <param name="is_hlg">[String.IsEqual(Container($PARAM[id]).ListItem.HdrType,hlg)]</param>
                                </include>
                                <include content="Info_Line_VideoQuality_Object">
                                    <param name="colordiffuse">main_fg_90</param>
                                    <param name="label">$INFO[Container($PARAM[id]).ListItem.VideoCodec]</param>
                                    <param name="visible">!String.IsEmpty(Container($PARAM[id]).ListItem.VideoCodec)</param>
                                </include>
                                <include content="Info_Line_VideoQuality_Object">
                                    <param name="colordiffuse">main_fg_90</param>
                                    <param name="label">$INFO[Container($PARAM[id]).ListItem.VideoAspect,,:1]</param>
                                    <param name="visible">!String.IsEmpty(Container($PARAM[id]).ListItem.VideoAspect)</param>
                                </include>
                                <include content="Info_Line_AudioCodec">
                                    <param name="colordiffuse">main_fg_90</param>
                                    <param name="listitem_audiocodec">Container($PARAM[id]).ListItem.AudioCodec</param>
                                    <param name="visible">!String.IsEmpty(Container($PARAM[id]).ListItem.AudioCodec)</param>
                                </include>
                                <include content="Info_Line_AudioChannels">
                                    <param name="colordiffuse">main_fg_90</param>
                                    <param name="listitem_audiochannels">Container($PARAM[id]).ListItem.AudioChannels</param>
                                    <param name="visible">!String.IsEmpty(Container($PARAM[id]).ListItem.AudioChannels)</param>
                                </include>
                            </control>
                            <control type="grouplist">
                                <height>80</height>
                                <centerbottom>80</centerbottom>
                                <orientation>horizontal</orientation>
                                <align>center</align>
                                <itemgap>10</itemgap>
                                <include content="Info_Line_VideoQuality_Object">
                                    <param name="colordiffuse">main_fg_90</param>
                                    <param name="label">$LOCALIZE[248]: $INFO[Container($PARAM[id]).ListItem.Property(AudioLanguage.1)]$INFO[Container($PARAM[id]).ListItem.Property(AudioLanguage.2), | ,]$INFO[Container($PARAM[id]).ListItem.Property(AudioLanguage.3), | ,]</param>
                                    <param name="visible">!String.IsEmpty(Container($PARAM[id]).ListItem.Property(AudioLanguage.1)) + String.IsEmpty(Container($PARAM[id]).ListItem.Property(AudioLanguage.4))</param>
                                </include>
                                <include content="Info_Line_VideoQuality_Object">
                                    <param name="colordiffuse">main_fg_90</param>
                                    <param name="label">$LOCALIZE[248]: $INFO[Container($PARAM[id]).ListItem.Property(AudioLanguage.1)]$INFO[Container($PARAM[id]).ListItem.Property(AudioLanguage.2), | ,]$INFO[Container($PARAM[id]).ListItem.Property(AudioLanguage.3), | ,] +</param>
                                    <param name="visible">!String.IsEmpty(Container($PARAM[id]).ListItem.Property(AudioLanguage.1)) + !String.IsEmpty(Container($PARAM[id]).ListItem.Property(AudioLanguage.4))</param>
                                </include>
                                <include content="Info_Line_VideoQuality_Object">
                                    <param name="colordiffuse">main_fg_90</param>
                                    <param name="label">$LOCALIZE[459]: $INFO[Container($PARAM[id]).ListItem.Property(SubtitleLanguage.1)]$INFO[Container($PARAM[id]).ListItem.Property(SubtitleLanguage.2), | ,]$INFO[Container($PARAM[id]).ListItem.Property(SubtitleLanguage.3), | ,]</param>
                                    <param name="visible">!String.IsEmpty(Container($PARAM[id]).ListItem.Property(SubtitleLanguage.1)) + String.IsEmpty(Container($PARAM[id]).ListItem.Property(SubtitleLanguage.1))</param>
                                </include>
                                <include content="Info_Line_VideoQuality_Object">
                                    <param name="colordiffuse">main_fg_90</param>
                                    <param name="label">$LOCALIZE[459]: $INFO[Container($PARAM[id]).ListItem.Property(SubtitleLanguage.1)]$INFO[Container($PARAM[id]).ListItem.Property(SubtitleLanguage.2), | ,]$INFO[Container($PARAM[id]).ListItem.Property(SubtitleLanguage.3), | ,] +</param>
                                    <param name="visible">!String.IsEmpty(Container($PARAM[id]).ListItem.Property(SubtitleLanguage.1)) + !String.IsEmpty(Container($PARAM[id]).ListItem.Property(SubtitleLanguage.1))</param>
                                </include>
                            </control>
                        </control>
                    </control>

                </control>
            </control>
        </definition>
    </include>

    <include name="DialogVideoVersions_DialogSelect">
        <include>DialogVideoVersions</include>
        <include content="Object_Hidden_List">
            <param name="id">3</param>
        </include>
    </include>

    <include name="DialogVideoVersions_DialogVideoManager">
        <include content="Object_Hidden_Button">
            <param name="id">2</param>
        </include>
        <include content="DialogVideoVersions">
            <param name="id">50</param>
            <param name="include_closebutton">Dialog_Manage_Head_Button</param>
            <param name="label">$INFO[Control.GetLabel(2)]</param>
            <param name="onup">9898</param>
        </include>


        <include content="Dialog_Manage_Dim">
            <param name="onback">50</param>
        </include>

        <control type="group">
            <include>Dimension_DialogVersionSelect</include>
            <include content="Dialog_Manage">
                <param name="onback">50</param>
                <param name="include">Items_DialogVideoManager</param>
                <param name="has_dim">false</param>
            </include>
        </control>


    </include>
</includes>
