<contents>
    <template>generator/data/parts/basic_include.xmltemplate</template>
    <value name="comments">Search Widgets</value>
    <value name="includes_name">skinvariables-searchwidgets-standard</value>
    <value name="includes_part">
        <value name="grouplist_id">602</value>
        <value name="grouplist_refocus">SetFocus(302)</value>
        <template>generator/data/parts/widgets_grouplist.xmltemplate</template>
        <value name="top_widgets">
        </value>
        <value name="all_widgets">
            <items menu="searchwidgets">
                <item>
                    <template>generator/data/parts/search_row_standard.xmltemplate</template>
                    <datafile>generator/data/setup/search_row.xml</datafile>
                    <datafile>generator/data/setup/search_path.xml</datafile>
                    <condition>{item_path}!=</condition>
                    <condition>{item_disabled}!=True</condition>
                </item>
            </items>
        </value>
    </value>
</contents>

