<?xml version="1.0" encoding="UTF-8"?>
<includes>

    <variable name="Path_VideoInfo_LocalSets">
        <value condition="String.IsEmpty(ListItem.SetID)">special://skin/extras/playlists/Null.xsp</value>
        <value>$INFO[ListItem.SetID,videodb://movies/sets/,/]</value>
    </variable>

    <variable name="Path_HolidayMode">
        <value condition="Skin.HasSetting(HolidayMode.Australia)">summer</value>
        <value condition="Skin.HasSetting(HolidayMode.Halloween)">halloween</value>
        <value>winter</value>
    </variable>

    <variable name="Path_SkinVariables_SkinFolder">
        <value condition="!String.IsEmpty(Skin.String(SkinVariables.SkinUser))">skin.arctic.fuse.3$INFO[Skin.String(SkinVariables.SkinUser),-,]</value>
        <value>skin.arctic.fuse.3</value>
    </variable>

    <variable name="Path_Shortcut_UseRawPath">
        <value condition="String.IsEqual(Window(Home).Property(Shortcuts.EditMenu),menu=searchwidgets)">&amp;&amp;grouping::grouping://shortcuts/search/&amp;&amp;use_rawpath::True</value>
        <value condition="$EXP[DialogShortcuts_IsWidgetMode_Expression]">&amp;&amp;use_rawpath::True</value>
    </variable>

    <variable name="Path_Shortcut_EditMenu">
        <value condition="!String.IsEmpty(Window(Home).Property(Shortcuts.EditMenu))">$INFO[Window(Home).Property(Shortcuts.EditMenu)]</value>
        <value>menu=sidemenu</value>
    </variable>

    <variable name="Path_SearchTerm_DoubleEncoded">
        <value condition="!String.IsEmpty(Container(320).ListItem.Label) + !String.IsEmpty(Container(310).ListItem.Label) + !Container(320).IsUpdating + !Container(310).IsUpdating">$INFO[Container(320).ListItem.Label]</value>
    </variable>

    <variable name="Path_SearchTerm_SingleEncoded">
        <value condition="!String.IsEmpty(Container(310).ListItem.Label) + !Container(310).IsUpdating">$INFO[Container(310).ListItem.Label]</value>
    </variable>

    <variable name="Path_SearchTerm">
        <value condition="!String.IsEmpty(Control.GetLabel(300).index(1))">$INFO[Control.GetLabel(300).index(1)]</value>
    </variable>

    <variable name="Path_VideoOSD_TMDbType">
        <value condition="VideoPlayer.Content(movies)">movie</value>
        <value condition="VideoPlayer.Content(episodes)">tv</value>
    </variable>

    <variable name="Path_VideoOSD_TMDbQuery">
        <value condition="VideoPlayer.Content(movies) + !String.IsEmpty(VideoPlayer.IMDBNumber) + String.StartsWith(VideoPlayer.IMDBNumber,tt)">$INFO[VideoPlayer.IMDBNumber,&amp;imdb_id=,]</value>

        <value condition="VideoPlayer.Content(movies)">$INFO[Window(Home).Property(TMDbHelper.Player.TMDb_ID),&amp;tmdb_id=,]$INFO[Player.Title,&amp;query=,]$INFO[VideoPlayer.Year,&amp;year=,]</value>

        <value condition="VideoPlayer.Content(episodes)">$INFO[Window(Home).Property(TMDbHelper.Player.TVShow.TMDb_ID),&amp;tmdb_id=,]$INFO[VideoPlayer.TVShowTitle,&amp;query=,]$INFO[VideoPlayer.Season,&amp;season=,]$INFO[VideoPlayer.Episode,&amp;episode=,]$INFO[VideoPlayer.Year,&amp;episode_year=,]</value>
    </variable>
  
    <variable name="Path_Param_Query">
        <value condition="[String.IsEqual(Window(Home).Property(TMDbHelper.ListItem.base_dbtype),movie) | String.IsEqual(Window(Home).Property(TMDbHelper.ListItem.base_dbtype),tvshow)] + !String.IsEmpty(Window(Home).Property(TMDbHelper.ListItem.Monitor.TMDb_ID))">&amp;tmdb_id=$INFO[Window(Home).Property(TMDbHelper.ListItem.Monitor.TMDb_ID)]</value>
        <value condition="[String.IsEqual(Window(Home).Property(TMDbHelper.ListItem.base_dbtype),season) | String.IsEqual(Window(Home).Property(TMDbHelper.ListItem.base_dbtype),episode)] + !String.IsEmpty(Window(Home).Property(TMDbHelper.ListItem.tvshow.tmdb_id))">&amp;tmdb_id=$INFO[Window(Home).Property(TMDbHelper.ListItem.tvshow.tmdb_id)]</value>
        <value condition="[String.IsEqual(ListItem.DBType,movie) | String.IsEqual(ListItem.DBType,tvshow)] + !String.IsEmpty(ListItem.UniqueID(tmdb))">&amp;tmdb_id=$INFO[ListItem.UniqueID(tmdb)]</value>
        <value condition="[String.IsEqual(ListItem.DBType,season) | String.IsEqual(ListItem.DBType,episode)] + !String.IsEmpty(ListItem.UniqueID(tvshow.tmdb))">&amp;tmdb_id=$INFO[ListItem.UniqueID(tvshow.tmdb)]</value>
        <value condition="String.IsEqual(ListItem.DBType,movie) + !String.IsEmpty(ListItem.Property(imdb_id))">&amp;imdb_id=$INFO[ListItem.Property(imdb_id)]</value>
        <value condition="String.IsEqual(ListItem.DBType,movie) + !String.IsEmpty(ListItem.IMDBNumber) + String.StartsWith(ListItem.IMDBNumber,tt)">&amp;imdb_id=$INFO[ListItem.IMDBNumber]</value>
        <value condition="[String.IsEqual(ListItem.DBType,season) | String.IsEqual(ListItem.DBType,episode)] + !String.IsEmpty(ListItem.TvShowTitle)">&amp;query=$INFO[ListItem.TvShowTitle]$INFO[ListItem.Year,&amp;episode_year=,]</value>
        <value condition="[String.IsEqual(ListItem.DBType,movie) | String.IsEqual(ListItem.DBType,season) | String.IsEqual(ListItem.DBType,episode)] + !String.IsEmpty(ListItem.Title)">&amp;query=$INFO[ListItem.Title]$INFO[ListItem.Year,&amp;year=,]</value>
        <value condition="[String.IsEqual(ListItem.DBType,movie) | String.IsEqual(ListItem.DBType,season) | String.IsEqual(ListItem.DBType,episode)]">$INFO[ListItem.Label,&amp;query=,]</value>
    </variable>

    <variable name="Path_Param_Type">
        <value condition="String.IsEqual(Window(Home).Property(TMDbHelper.ListItem.base_dbtype),movie)">type=movie</value>
        <value condition="String.IsEqual(Window(Home).Property(TMDbHelper.ListItem.base_dbtype),tvshow) | String.IsEqual(Window(Home).Property(TMDbHelper.ListItem.base_dbtype),season) | String.IsEqual(Window(Home).Property(TMDbHelper.ListItem.base_dbtype),episode)">type=tv</value>
        <value condition="String.IsEqual(ListItem.DBType,movie)">type=movie</value>
        <value condition="String.IsEqual(ListItem.DBType,tvshow) | String.IsEqual(ListItem.DBType,season) | String.IsEqual(ListItem.DBType,episode)">type=tv</value>
        <value condition="$EXP[Exp_IsPersonInfo]">type=person</value>
    </variable>

    <variable name="Path_Param_Number">
        <value condition="String.IsEqual(ListItem.DBType,episode) + !String.IsEmpty(ListItem.Season) + !String.IsEmpty(ListItem.Episode)">&amp;season=$INFO[ListItem.Season]&amp;episode=$INFO[ListItem.Episode]</value>
        <value condition="String.IsEqual(ListItem.DBType,season) + !String.IsEmpty(ListItem.Season)">&amp;season=$INFO[ListItem.Season]</value>
    </variable>

    <variable name="Path_OSD_Episodes">
        <value condition="!Integer.IsEqual(VideoPlayer.PlaylistLength,1) + !Integer.IsEqual(VideoPlayer.PlaylistLength,0) + Integer.IsLess(VideoPlayer.PlaylistPosition,VideoPlayer.PlaylistLength)">playlistvideo://?reload=$INFO[VideoPlayer.Season,,_]$INFO[VideoPlayer.Episode,,_]$INFO[VideoPlayer.PlaylistPosition,,_]</value>
        <value condition="VideoPlayer.Content(episodes) + !String.IsEmpty(VideoPlayer.TvShowDBID) + !String.IsEmpty(VideoPlayer.Season)">videodb://tvshows/titles/$INFO[VideoPlayer.TvShowDBID]/$INFO[VideoPlayer.Season]/?tvshowid=$INFO[VideoPlayer.TvShowDBID]</value>
        <value condition="VideoPlayer.Content(episodes)">plugin://plugin.video.themoviedb.helper/?info=episodes&amp;nextpage=false&amp;cacheonly=true&amp;length=1&amp;tmdb_type=tv$INFO[Window(Home).Property(TMDbHelper.Player.TVShow.TMDb_ID),&amp;tmdb_id=,]$INFO[VideoPlayer.TVShowTitle,&amp;query=,]$INFO[VideoPlayer.Season,&amp;season=,]</value>
    </variable>

    <variable name="Path_OSD_Cast">
        <value condition="VideoPlayer.Content(movies) + !String.IsEmpty(VideoPlayer.IMDBNumber) + String.StartsWith(VideoPlayer.IMDBNumber,tt)">plugin://plugin.video.themoviedb.helper/?info=$INFO[Skin.String(VideoOSD.PersonCredits.CastCrew)]&amp;tmdb_type=movie$INFO[VideoPlayer.IMDBNumber,&amp;imdb_id=,]</value>

        <value condition="VideoPlayer.Content(movies)">plugin://plugin.video.themoviedb.helper/?info=$INFO[Skin.String(VideoOSD.PersonCredits.CastCrew)]&amp;tmdb_type=movie$INFO[Window(Home).Property(TMDbHelper.Player.TMDb_ID),&amp;tmdb_id=,]$INFO[Player.Title,&amp;query=,]$INFO[VideoPlayer.Year,&amp;year=,]</value>

        <value condition="VideoPlayer.Content(episodes)">plugin://plugin.video.themoviedb.helper/?info=$INFO[Skin.String(VideoOSD.PersonCredits.CastCrew)]&amp;tmdb_type=tv$INFO[Window(Home).Property(TMDbHelper.Player.TVShow.TMDb_ID),&amp;tmdb_id=,]$INFO[VideoPlayer.TVShowTitle,&amp;query=,]$INFO[VideoPlayer.Season,&amp;season=,]$INFO[VideoPlayer.Episode,&amp;episode=,]$INFO[VideoPlayer.Year,&amp;episode_year=,]</value>
    </variable>

    <variable name="Path_OSD_NextRecommendation">
        <value condition="Integer.IsLess(VideoPlayer.PlaylistPosition,VideoPlayer.PlaylistLength)">playlistvideo://?reload=$INFO[VideoPlayer.Season,,_]$INFO[VideoPlayer.Episode,,_]$INFO[VideoPlayer.PlaylistPosition,,_]</value>
        <value condition="VideoPlayer.Content(movies) + !String.IsEmpty(VideoPlayer.IMDBNumber) + String.StartsWith(VideoPlayer.IMDBNumber,tt)">plugin://plugin.video.themoviedb.helper/?info=next_recommendation&amp;tmdb_type=movie$INFO[VideoPlayer.IMDBNumber,&amp;imdb_id=,]</value>
        <value condition="VideoPlayer.Content(movies)">plugin://plugin.video.themoviedb.helper/?info=next_recommendation&amp;tmdb_type=movie$INFO[Window(Home).Property(TMDbHelper.Player.TMDb_ID),&amp;tmdb_id=,]$INFO[Player.Title,&amp;query=,]$INFO[VideoPlayer.Year,&amp;year=,]</value>
        <value condition="VideoPlayer.Content(episodes)">plugin://plugin.video.themoviedb.helper/?info=next_recommendation&amp;tmdb_type=tv$INFO[Window(Home).Property(TMDbHelper.Player.TVShow.TMDb_ID),&amp;tmdb_id=,]$INFO[VideoPlayer.TVShowTitle,&amp;query=,]$INFO[VideoPlayer.Season,&amp;season=,]$INFO[VideoPlayer.Episode,&amp;episode=,]$INFO[VideoPlayer.Year,&amp;episode_year=,]</value>
    </variable>

    <variable name="Path_VideoInfo_OnlineSeasons">
        <value condition="String.IsEmpty(Window(Home).Property(TMDbHelper.ListItem.Monitor.TMDb_ID))">special://skin/extras/playlists/Null.xsp</value>
        <value condition="String.IsEmpty(Window(Home).Property(TMDbHelper.ListItem.Monitor.TMDb_Type))">special://skin/extras/playlists/Null.xsp</value>
        <value condition="String.IsEqual(Window(Home).Property(TMDbHelper.ListItem.Monitor.TMDb_Type),tv)">plugin://plugin.video.themoviedb.helper/?info=seasons&amp;nextpage=false&amp;cacheonly=true&amp;tmdb_type=tv&amp;tmdb_id=$INFO[Window(Home).Property(TMDbHelper.ListItem.Monitor.TMDb_ID)]</value>
    </variable>

    <variable name="Path_VideoInfo_OnlineFlatSeasons">
        <value condition="String.IsEmpty(Window(Home).Property(TMDbHelper.ListItem.Monitor.TMDb_ID))">special://skin/extras/playlists/Null.xsp</value>
        <value condition="String.IsEmpty(Window(Home).Property(TMDbHelper.ListItem.Monitor.TMDb_Type))">special://skin/extras/playlists/Null.xsp</value>
        <value condition="String.IsEqual(Window(Home).Property(TMDbHelper.ListItem.Monitor.TMDb_Type),tv)">plugin://plugin.video.themoviedb.helper/?info=flatseasons&amp;nextpage=false&amp;cacheonly=true&amp;tmdb_type=tv&amp;tmdb_id=$INFO[Window(Home).Property(TMDbHelper.ListItem.Monitor.TMDb_ID)]</value>
    </variable>

    <variable name="Path_VideoInfo_OnlineYear">
        <value condition="String.IsEmpty(Window(Home).Property(TMDbHelper.ListItem.Year))">special://skin/extras/playlists/Null.xsp</value>
        <value condition="String.IsEmpty(Window(Home).Property(TMDbHelper.ListItem.Monitor.TMDb_Type))">special://skin/extras/playlists/Null.xsp</value>
        <value condition="String.IsEqual(Window(Home).Property(TMDbHelper.ListItem.Monitor.TMDb_Type),movie)">plugin://plugin.video.themoviedb.helper/?info=discover&amp;nextpage=false&amp;cacheonly=true&amp;length=1&amp;vote_count.gte=10&amp;tmdb_type=movie&amp;primary_release_year=$INFO[Window(Home).Property(TMDbHelper.ListItem.Year)]</value>
        <value condition="String.IsEqual(Window(Home).Property(TMDbHelper.ListItem.Monitor.TMDb_Type),tv)">plugin://plugin.video.themoviedb.helper/?info=discover&amp;nextpage=false&amp;cacheonly=true&amp;length=1&amp;vote_count.gte=10&amp;tmdb_type=tv&amp;first_air_date_year=$INFO[Window(Home).Property(TMDbHelper.ListItem.Year)]</value>
    </variable>

    <variable name="Path_VideoInfo_OnlineStudio">
        <value condition="!String.IsEmpty(Window(Home).Property(TMDbHelper.ListItem.Network.1.TMDb_ID))">plugin://plugin.video.themoviedb.helper/?info=discover&amp;nextpage=false&amp;cacheonly=true&amp;length=1&amp;with_id=True&amp;tmdb_type=tv&amp;with_networks=$INFO[Window(Home).Property(TMDbHelper.ListItem.Network.1.TMDb_ID)]</value>
        <value condition="!String.IsEmpty(Window(Home).Property(TMDbHelper.ListItem.Network.2.TMDb_ID))">plugin://plugin.video.themoviedb.helper/?info=discover&amp;nextpage=false&amp;cacheonly=true&amp;length=1&amp;with_id=True&amp;tmdb_type=tv&amp;with_networks=$INFO[Window(Home).Property(TMDbHelper.ListItem.Network.2.TMDb_ID)]</value>
        <value condition="!String.IsEmpty(Window(Home).Property(TMDbHelper.ListItem.Network.3.TMDb_ID))">plugin://plugin.video.themoviedb.helper/?info=discover&amp;nextpage=false&amp;cacheonly=true&amp;length=1&amp;with_id=True&amp;tmdb_type=tv&amp;with_networks=$INFO[Window(Home).Property(TMDbHelper.ListItem.Network.3.TMDb_ID)]</value>

        <value condition="!String.IsEmpty(Window(Home).Property(TMDbHelper.ListItem.Studio.1.TMDb_ID))">plugin://plugin.video.themoviedb.helper/?info=discover&amp;nextpage=false&amp;cacheonly=true&amp;length=1&amp;with_id=True&amp;tmdb_type=movie&amp;with_companies=$INFO[Window(Home).Property(TMDbHelper.ListItem.Studio.1.TMDb_ID)]</value>
        <value condition="!String.IsEmpty(Window(Home).Property(TMDbHelper.ListItem.Studio.2.TMDb_ID))">plugin://plugin.video.themoviedb.helper/?info=discover&amp;nextpage=false&amp;cacheonly=true&amp;length=1&amp;with_id=True&amp;tmdb_type=movie&amp;with_companies=$INFO[Window(Home).Property(TMDbHelper.ListItem.Studio.2.TMDb_ID)]</value>
        <value condition="!String.IsEmpty(Window(Home).Property(TMDbHelper.ListItem.Studio.3.TMDb_ID))">plugin://plugin.video.themoviedb.helper/?info=discover&amp;nextpage=false&amp;cacheonly=true&amp;length=1&amp;with_id=True&amp;tmdb_type=movie&amp;with_companies=$INFO[Window(Home).Property(TMDbHelper.ListItem.Studio.3.TMDb_ID)]</value>
    </variable>

    <variable name="Path_VideoInfo_OnlineComments">
        <value condition="String.IsEmpty(Window(Home).Property(TMDbHelper.ListItem.Monitor.TMDb_ID))">special://skin/extras/playlists/Null.xsp</value>
        <value condition="String.IsEmpty(Window(Home).Property(TMDbHelper.ListItem.Monitor.TMDb_Type))">special://skin/extras/playlists/Null.xsp</value>
        <value condition="String.IsEqual(Window(Home).Property(TMDbHelper.ListItem.Monitor.TMDb_Type),movie)">plugin://plugin.video.themoviedb.helper/?info=trakt_comments&amp;tmdb_type=movie&amp;tmdb_id=$INFO[Window(Home).Property(TMDbHelper.ListItem.Monitor.TMDb_ID)]</value>
        <value condition="String.IsEqual(Window(Home).Property(TMDbHelper.ListItem.Monitor.TMDb_Type),tv)">plugin://plugin.video.themoviedb.helper/?info=trakt_comments&amp;tmdb_type=tv&amp;tmdb_id=$INFO[Window(Home).Property(TMDbHelper.ListItem.Monitor.TMDb_ID)]</value>
    </variable>

    <variable name="Path_VideoInfo_OnlineRecommendations">
        <value condition="String.IsEmpty(Window(Home).Property(TMDbHelper.ListItem.Monitor.TMDb_ID))">special://skin/extras/playlists/Null.xsp</value>
        <value condition="String.IsEmpty(Window(Home).Property(TMDbHelper.ListItem.Monitor.TMDb_Type))">special://skin/extras/playlists/Null.xsp</value>
        <value condition="String.IsEqual(Window(Home).Property(TMDbHelper.ListItem.Monitor.TMDb_Type),movie)">plugin://plugin.video.themoviedb.helper/?info=recommendations&amp;nextpage=false&amp;cacheonly=true&amp;length=1&amp;tmdb_type=movie&amp;tmdb_id=$INFO[Window(Home).Property(TMDbHelper.ListItem.Monitor.TMDb_ID)]</value>
        <value condition="String.IsEqual(Window(Home).Property(TMDbHelper.ListItem.Monitor.TMDb_Type),tv)">plugin://plugin.video.themoviedb.helper/?info=recommendations&amp;nextpage=false&amp;cacheonly=true&amp;length=1&amp;tmdb_type=tv&amp;tmdb_id=$INFO[Window(Home).Property(TMDbHelper.ListItem.Monitor.TMDb_ID)]</value>
    </variable>

    <variable name="Path_FromWriter">
        <value condition="!String.IsEmpty(Window(Home).Property(TMDbHelper.ListItem.Writer.1.Name)) + !String.IsEmpty(Window(Home).Property(TMDbHelper.ListItem.Writer.1.job)) + String.IsEqual(Window(Home).Property(TMDbHelper.ListItem.Writer.1.job),Screenplay)">$INFO[Window(Home).Property(TMDbHelper.ListItem.Writer.1.TMDb_ID)]</value>
        <value condition="!String.IsEmpty(Window(Home).Property(TMDbHelper.ListItem.Writer.2.Name)) + !String.IsEmpty(Window(Home).Property(TMDbHelper.ListItem.Writer.2.job)) + String.IsEqual(Window(Home).Property(TMDbHelper.ListItem.Writer.2.job),Screenplay)">$INFO[Window(Home).Property(TMDbHelper.ListItem.Writer.2.TMDb_ID)]</value>
        <value condition="!String.IsEmpty(Window(Home).Property(TMDbHelper.ListItem.Writer.3.Name)) + !String.IsEmpty(Window(Home).Property(TMDbHelper.ListItem.Writer.3.job)) + String.IsEqual(Window(Home).Property(TMDbHelper.ListItem.Writer.3.job),Screenplay)">$INFO[Window(Home).Property(TMDbHelper.ListItem.Writer.3.TMDb_ID)]</value>
        <value condition="!String.IsEmpty(Window(Home).Property(TMDbHelper.ListItem.Writer.4.Name)) + !String.IsEmpty(Window(Home).Property(TMDbHelper.ListItem.Writer.4.job)) + String.IsEqual(Window(Home).Property(TMDbHelper.ListItem.Writer.4.job),Screenplay)">$INFO[Window(Home).Property(TMDbHelper.ListItem.Writer.4.TMDb_ID)]</value>
        <value condition="!String.IsEmpty(Window(Home).Property(TMDbHelper.ListItem.Writer.5.Name)) + !String.IsEmpty(Window(Home).Property(TMDbHelper.ListItem.Writer.5.job)) + String.IsEqual(Window(Home).Property(TMDbHelper.ListItem.Writer.5.job),Screenplay)">$INFO[Window(Home).Property(TMDbHelper.ListItem.Writer.5.TMDb_ID)]</value>
        <value condition="!String.IsEmpty(Window(Home).Property(TMDbHelper.ListItem.Writer.6.Name)) + !String.IsEmpty(Window(Home).Property(TMDbHelper.ListItem.Writer.6.job)) + String.IsEqual(Window(Home).Property(TMDbHelper.ListItem.Writer.6.job),Screenplay)">$INFO[Window(Home).Property(TMDbHelper.ListItem.Writer.6.TMDb_ID)]</value>
        <value condition="!String.IsEmpty(Window(Home).Property(TMDbHelper.ListItem.Writer.7.Name)) + !String.IsEmpty(Window(Home).Property(TMDbHelper.ListItem.Writer.7.job)) + String.IsEqual(Window(Home).Property(TMDbHelper.ListItem.Writer.7.job),Screenplay)">$INFO[Window(Home).Property(TMDbHelper.ListItem.Writer.7.TMDb_ID)]</value>
        <value condition="!String.IsEmpty(Window(Home).Property(TMDbHelper.ListItem.Writer.8.Name)) + !String.IsEmpty(Window(Home).Property(TMDbHelper.ListItem.Writer.8.job)) + String.IsEqual(Window(Home).Property(TMDbHelper.ListItem.Writer.8.job),Screenplay)">$INFO[Window(Home).Property(TMDbHelper.ListItem.Writer.8.TMDb_ID)]</value>
        <value condition="!String.IsEmpty(Window(Home).Property(TMDbHelper.ListItem.Writer.9.Name)) + !String.IsEmpty(Window(Home).Property(TMDbHelper.ListItem.Writer.9.job)) + String.IsEqual(Window(Home).Property(TMDbHelper.ListItem.Writer.9.job),Screenplay)">$INFO[Window(Home).Property(TMDbHelper.ListItem.Writer.9.TMDb_ID)]</value>
    </variable>


    <variable name="Path_FromDirector">
        <value condition="!String.IsEmpty(Window(Home).Property(TMDbHelper.ListItem.Director.1.Name)) + !String.IsEmpty(Window(Home).Property(TMDbHelper.ListItem.Director.1.job)) + String.IsEqual(Window(Home).Property(TMDbHelper.ListItem.Director.1.job),Director)">$INFO[Window(Home).Property(TMDbHelper.ListItem.Director.1.TMDb_ID)]</value>
        <value condition="!String.IsEmpty(Window(Home).Property(TMDbHelper.ListItem.Director.2.Name)) + !String.IsEmpty(Window(Home).Property(TMDbHelper.ListItem.Director.2.job)) + String.IsEqual(Window(Home).Property(TMDbHelper.ListItem.Director.2.job),Director)">$INFO[Window(Home).Property(TMDbHelper.ListItem.Director.2.TMDb_ID)]</value>
        <value condition="!String.IsEmpty(Window(Home).Property(TMDbHelper.ListItem.Director.3.Name)) + !String.IsEmpty(Window(Home).Property(TMDbHelper.ListItem.Director.3.job)) + String.IsEqual(Window(Home).Property(TMDbHelper.ListItem.Director.3.job),Director)">$INFO[Window(Home).Property(TMDbHelper.ListItem.Director.3.TMDb_ID)]</value>
        <value condition="!String.IsEmpty(Window(Home).Property(TMDbHelper.ListItem.Director.4.Name)) + !String.IsEmpty(Window(Home).Property(TMDbHelper.ListItem.Director.4.job)) + String.IsEqual(Window(Home).Property(TMDbHelper.ListItem.Director.4.job),Director)">$INFO[Window(Home).Property(TMDbHelper.ListItem.Director.4.TMDb_ID)]</value>
        <value condition="!String.IsEmpty(Window(Home).Property(TMDbHelper.ListItem.Director.5.Name)) + !String.IsEmpty(Window(Home).Property(TMDbHelper.ListItem.Director.5.job)) + String.IsEqual(Window(Home).Property(TMDbHelper.ListItem.Director.5.job),Director)">$INFO[Window(Home).Property(TMDbHelper.ListItem.Director.5.TMDb_ID)]</value>
        <value condition="!String.IsEmpty(Window(Home).Property(TMDbHelper.ListItem.Director.6.Name)) + !String.IsEmpty(Window(Home).Property(TMDbHelper.ListItem.Director.6.job)) + String.IsEqual(Window(Home).Property(TMDbHelper.ListItem.Director.6.job),Director)">$INFO[Window(Home).Property(TMDbHelper.ListItem.Director.6.TMDb_ID)]</value>
        <value condition="!String.IsEmpty(Window(Home).Property(TMDbHelper.ListItem.Director.7.Name)) + !String.IsEmpty(Window(Home).Property(TMDbHelper.ListItem.Director.7.job)) + String.IsEqual(Window(Home).Property(TMDbHelper.ListItem.Director.7.job),Director)">$INFO[Window(Home).Property(TMDbHelper.ListItem.Director.7.TMDb_ID)]</value>
        <value condition="!String.IsEmpty(Window(Home).Property(TMDbHelper.ListItem.Director.8.Name)) + !String.IsEmpty(Window(Home).Property(TMDbHelper.ListItem.Director.8.job)) + String.IsEqual(Window(Home).Property(TMDbHelper.ListItem.Director.8.job),Director)">$INFO[Window(Home).Property(TMDbHelper.ListItem.Director.8.TMDb_ID)]</value>
        <value condition="!String.IsEmpty(Window(Home).Property(TMDbHelper.ListItem.Director.9.Name)) + !String.IsEmpty(Window(Home).Property(TMDbHelper.ListItem.Director.9.job)) + String.IsEqual(Window(Home).Property(TMDbHelper.ListItem.Director.9.job),Director)">$INFO[Window(Home).Property(TMDbHelper.ListItem.Director.9.TMDb_ID)]</value>
    </variable>

    <variable name="Path_Encoded_AlbumArtist">
        <value condition="!String.IsEmpty(Window.Property(Encoded.ListItem.AlbumArtist))">$INFO[Window.Property(Encoded.ListItem.AlbumArtist)]</value>
        <value>$INFO[ListItem.AlbumArtist]</value>
    </variable>

    <variable name="Path_Encoded_Artist">
        <value condition="!String.IsEmpty(Window.Property(Encoded.ListItem.Artist))">$INFO[Window.Property(Encoded.ListItem.Artist)]</value>
        <value>$INFO[ListItem.Artist]</value>
    </variable>

    <variable name="Path_Encoded_Album">
        <value condition="!String.IsEmpty(Window.Property(Encoded.ListItem.Album))">$INFO[Window.Property(Encoded.ListItem.Album)]</value>
        <value>$INFO[ListItem.Album]</value>
    </variable>

    <variable name="Path_Encoded_Title">
        <value condition="!String.IsEmpty(Window.Property(Encoded.ListItem.Title))">$INFO[Window.Property(Encoded.ListItem.Title)]</value>
        <value>$INFO[ListItem.Title]</value>
    </variable>

    <variable name="Path_Encoded_TVShowTitle">
        <value condition="!String.IsEmpty(Window.Property(Encoded.ListItem.TVShowTitle))">$INFO[Window.Property(Encoded.ListItem.TVShowTitle)]</value>
        <value>$INFO[ListItem.TVShowTitle]</value>
    </variable>

    <variable name="Path_Encoded_Label">
        <value condition="!String.IsEmpty(Window.Property(Encoded.ListItem.Label))">$INFO[Window.Property(Encoded.ListItem.Label)]</value>
        <value>$INFO[ListItem.Label]</value>
    </variable>

    <variable name="Path_Encoded_Set">
        <value condition="!String.IsEmpty(Window.Property(Encoded.ListItem.Set))">$INFO[Window.Property(Encoded.ListItem.Set)]</value>
        <value>$INFO[ListItem.Set]</value>
    </variable>

    <variable name="Path_Youtube_Query">
        <value condition="[String.IsEqual(ListItem.DBType,set) | ListItem.IsCollection] + !String.IsEmpty(ListItem.Set)">$VAR[Path_Encoded_Set]</value>
        <value condition="String.IsEqual(ListItem.DBType,movie) + !String.IsEmpty(ListItem.Title)">$VAR[Path_Encoded_Title]$INFO[ListItem.Year, ,] Movie</value>
        <value condition="String.IsEqual(ListItem.DBType,tvshow) + !String.IsEmpty(ListItem.Title)">$VAR[Path_Encoded_Title]$INFO[ListItem.Year, ,]</value>
        <value condition="String.IsEqual(ListItem.DBType,season) + !String.IsEmpty(ListItem.TVShowTitle)">$VAR[Path_Encoded_TVShowTitle]$INFO[ListItem.Season, Season ,]</value>
        <value condition="String.IsEqual(ListItem.DBType,episode) + !String.IsEmpty(ListItem.Title)">$VAR[Path_Encoded_TVShowTitle,, ]$VAR[Path_Encoded_Title]</value>
        <value condition="[String.IsEqual(ListItem.DBType,actor) | String.IsEqual(ListItem.Property(tmdb_type),person)] + !String.IsEmpty(ListItem.Label)">$VAR[Path_Encoded_Label]</value>
        <value condition="String.IsEqual(ListItem.DBType,artist) + !String.IsEmpty(ListItem.AlbumArtist)">$VAR[Path_Encoded_AlbumArtist] Music</value>
        <value condition="String.IsEqual(ListItem.DBType,artist) + !String.IsEmpty(ListItem.Artist)">$VAR[Path_Encoded_Artist] Music</value>
        <value condition="String.IsEqual(ListItem.DBType,album) + !String.IsEmpty(ListItem.Album)">$VAR[Path_Encoded_AlbumArtist,, ]$VAR[Path_Encoded_Album] Music</value>
        <value condition="String.IsEqual(ListItem.DBType,song) + !String.IsEmpty(ListItem.Title) + !String.IsEmpty(ListItem.AlbumArtist)">$VAR[Path_Encoded_AlbumArtist,, ]$VAR[Path_Encoded_Title] Music</value>
        <value condition="String.IsEqual(ListItem.DBType,song) + !String.IsEmpty(ListItem.Title)">$VAR[Path_Encoded_Artist,, ]$VAR[Path_Encoded_Title] Music</value>
        <value condition="!String.IsEmpty(ListItem.TvShowTitle)">$VAR[Path_Encoded_TVShowTitle]</value>
        <value condition="!String.IsEmpty(ListItem.AlbumArtist)">$VAR[Path_Encoded_AlbumArtist]</value>
        <value condition="!String.IsEmpty(ListItem.Artist)">$VAR[Path_Encoded_Artist]</value>
        <value condition="!String.IsEmpty(ListItem.Title)">$VAR[Path_Encoded_Title]</value>
        <value condition="!String.IsEmpty(ListItem.Label)">$VAR[Path_Encoded_Label]</value>
    </variable>

    <variable name="Path_Wikipedia_Title">
        <value condition="!String.IsEmpty(ListItem.TVShowTitle)">$INFO[ListItem.TVShowTitle]</value>
        <value condition="!String.IsEmpty(ListItem.Title)">$INFO[ListItem.Title]</value>
        <value>$INFO[ListItem.Label]</value>
    </variable>

    <variable name="Path_Wikipedia_Type">
        <value condition="String.IsEqual(ListItem.DBType,tvshow)">tv</value>
        <value condition="String.IsEqual(ListItem.DBType,season)">tv</value>
        <value condition="String.IsEqual(ListItem.DBType,episode)">tv</value>
        <value condition="String.IsEqual(ListItem.DBType,movie)">movie</value>
    </variable>

    <variable name="Path_InfoParams_TMDbType">
        <value condition="String.IsEqual(Window(Home).Property(TMDbHelper.ListItem.Monitor.TMDb_Type),movie)">movie</value>
        <value condition="String.IsEqual(Window(Home).Property(TMDbHelper.ListItem.Monitor.TMDb_Type),tv)">tv</value>
    </variable>

    <variable name="Path_InfoParams_TMDbID">
        <value condition="String.IsEqual(Window(Home).Property(TMDbHelper.ListItem.Monitor.TMDb_Type),movie)">$INFO[Window(Home).Property(TMDbHelper.ListItem.Monitor.TMDb_ID)]</value>
        <value condition="String.IsEqual(Window(Home).Property(TMDbHelper.ListItem.Monitor.TMDb_Type),tv)">$INFO[Window(Home).Property(TMDbHelper.ListItem.Monitor.TMDb_ID)]</value>
    </variable>

    <variable name="Path_InfoParams_Season">
        <value condition="String.IsEqual(Window(Home).Property(TMDbHelper.ListItem.Monitor.TMDb_Type),tv) + !String.IsEmpty(Window(Home).Property(TMDbHelper.ListItem.Monitor.Season))">$INFO[Window(Home).Property(TMDbHelper.ListItem.Monitor.Season)]</value>
    </variable>

    <variable name="Path_InfoParams_Episode">
        <value condition="String.IsEqual(Window(Home).Property(TMDbHelper.ListItem.Monitor.TMDb_Type),tv) + !String.IsEmpty(Window(Home).Property(TMDbHelper.ListItem.Monitor.Episode))">$INFO[Window(Home).Property(TMDbHelper.ListItem.Monitor.Episode)]</value>
    </variable>

    <variable name="Path_ContextParams_Query">
        <value condition="!String.IsEmpty(Window(Home).Property(TMDbHelper.ListItem.base_tvshowtitle))">$INFO[Window(Home).Property(TMDbHelper.ListItem.base_tvshowtitle)]</value>
        <value condition="!String.IsEmpty(Window(Home).Property(TMDbHelper.ListItem.base_Title))">$INFO[Window(Home).Property(TMDbHelper.ListItem.base_Title)]</value>
        <value condition="!String.IsEmpty(Window(Home).Property(TMDbHelper.ListItem.base_label))">$INFO[Window(Home).Property(TMDbHelper.ListItem.base_label)]</value>
    </variable>

    <variable name="Path_ContextParams_TMDbType">
        <value condition="String.IsEqual(Window(Home).Property(TMDbHelper.ListItem.base_dbtype),tvshow)">tv</value>
        <value condition="String.IsEqual(Window(Home).Property(TMDbHelper.ListItem.base_dbtype),season)">tv</value>
        <value condition="String.IsEqual(Window(Home).Property(TMDbHelper.ListItem.base_dbtype),episode)">tv</value>
        <value condition="String.IsEqual(Window(Home).Property(TMDbHelper.ListItem.base_dbtype),movie)">movie</value>
    </variable>

    <variable name="Path_CollectionNode_Target">
        <value condition="Window.IsVisible(MyMusicNav.xml)">music</value>
        <value>videos</value>
    </variable>

    <variable name="Path_MusicOSD_TrackList">
        <value condition="!String.IsEmpty(Container(9801).ListItem.Property(folderpath))">$INFO[Container(9801).ListItem.Property(folderpath)]</value>
        <value condition="!String.IsEmpty(Container(9801).ListItem.FolderPath)">$INFO[Container(9801).ListItem.FolderPath]</value>
        <!-- <value condition="!String.IsEmpty(Container(9801).ListItem.Album)">musicdb://songs/?xsp={"rules":{"and":[{"field":"album","operator":"is","value":["$INFO[Container(9801).ListItem.Album]"]}]},"type":"songs"}</value> -->
        <value>-</value>
    </variable>

    <variable name="Path_VideoInfo_Trailers">
        <value condition="String.IsEqual(ListItem.DBType,musicvideo)">$VAR[Path_Youtube_Query,plugin://plugin.video.youtube/kodion/search/query/?q=,&amp;search_type=notvalid]</value>
        <value condition="String.IsEmpty(Window(Home).Property(TMDbHelper.ListItem.Monitor.TMDb_ID))">special://skin/extras/playlists/Null.xsp</value>
        <value condition="String.IsEmpty(Window(Home).Property(TMDbHelper.ListItem.Monitor.TMDb_Type))">special://skin/extras/playlists/Null.xsp</value>
        <value condition="String.IsEqual(Window(Home).Property(TMDbHelper.ListItem.Monitor.TMDb_Type),movie)">plugin://plugin.video.themoviedb.helper/?info=videos&amp;nextpage=false&amp;cacheonly=true&amp;length=1&amp;tmdb_type=movie&amp;tmdb_id=$INFO[Window(Home).Property(TMDbHelper.ListItem.Monitor.TMDb_ID)]</value>
        <value condition="String.IsEqual(Window(Home).Property(TMDbHelper.ListItem.Monitor.TMDb_Type),tv)">plugin://plugin.video.themoviedb.helper/?info=videos&amp;nextpage=false&amp;cacheonly=true&amp;length=1&amp;tmdb_type=tv&amp;tmdb_id=$INFO[Window(Home).Property(TMDbHelper.ListItem.Monitor.TMDb_ID)]</value>
    </variable>

    <variable name="Path_VideoInfo_OnlineFanart">
        <value condition="String.IsEmpty(Window(Home).Property(TMDbHelper.ListItem.Monitor.TMDb_ID))">special://skin/extras/playlists/Null.xsp</value>
        <value condition="String.IsEmpty(Window(Home).Property(TMDbHelper.ListItem.DBType))">special://skin/extras/playlists/Null.xsp</value>
        <value condition="String.IsEqual(Window(Home).Property(TMDbHelper.ListItem.DBType),movie)">plugin://plugin.video.themoviedb.helper?info=fanart&amp;aggregate=true&amp;nextpage=false&amp;cacheonly=true&amp;tmdb_type=movie&amp;tmdb_id=$INFO[Window(Home).Property(TMDbHelper.ListItem.Monitor.TMDb_ID)]</value>
        <value condition="String.IsEqual(Window(Home).Property(TMDbHelper.ListItem.DBType),tvshow)">plugin://plugin.video.themoviedb.helper?info=fanart&amp;aggregate=true&amp;nextpage=false&amp;cacheonly=true&amp;tmdb_type=tv&amp;tmdb_id=$INFO[Window(Home).Property(TMDbHelper.ListItem.Monitor.TMDb_ID)]</value>
        <value condition="Integer.IsEqual(Window(Home).Property(TMDbHelper.ListItem.Monitor.Season),0)">special://skin/extras/playlists/Null.xsp</value>
        <value condition="String.IsEqual(Window(Home).Property(TMDbHelper.ListItem.DBType),season)">plugin://plugin.video.themoviedb.helper?info=fanart&amp;aggregate=true&amp;nextpage=false&amp;cacheonly=true&amp;tmdb_type=tv&amp;tmdb_id=$INFO[Window(Home).Property(TMDbHelper.ListItem.Monitor.TMDb_ID)]&amp;season=$INFO[Window(Home).Property(TMDbHelper.ListItem.Monitor.Season)]</value>
        <value condition="Integer.IsEqual(Window(Home).Property(TMDbHelper.ListItem.Monitor.Episode),0)">special://skin/extras/playlists/Null.xsp</value>
        <value condition="String.IsEqual(Window(Home).Property(TMDbHelper.ListItem.DBType),episode)">plugin://plugin.video.themoviedb.helper?info=fanart&amp;aggregate=true&amp;nextpage=false&amp;cacheonly=true&amp;tmdb_type=tv&amp;tmdb_id=$INFO[Window(Home).Property(TMDbHelper.ListItem.Monitor.TMDb_ID)]&amp;season=$INFO[Window(Home).Property(TMDbHelper.ListItem.Monitor.Season)]&amp;episode=$INFO[Window(Home).Property(TMDbHelper.ListItem.Monitor.Episode)]</value>
    </variable>

    <variable name="Path_VideoInfo_OnlineCast">
        <value condition="String.IsEmpty(Window(Home).Property(TMDbHelper.ListItem.Monitor.TMDb_ID))">special://skin/extras/playlists/Null.xsp</value>
        <value condition="String.IsEmpty(Window(Home).Property(TMDbHelper.ListItem.Monitor.TMDb_Type))">special://skin/extras/playlists/Null.xsp</value>
        <value condition="String.IsEqual(Window(Home).Property(TMDbHelper.ListItem.Monitor.TMDb_Type),movie)">plugin://plugin.video.themoviedb.helper?info=cast&amp;aggregate=true&amp;nextpage=false&amp;cacheonly=true&amp;tmdb_type=movie&amp;tmdb_id=$INFO[Window(Home).Property(TMDbHelper.ListItem.Monitor.TMDb_ID)]</value>
        <value condition="String.IsEqual(Window(Home).Property(TMDbHelper.ListItem.Monitor.TMDb_Type),tv) + !String.IsEmpty(Window(Home).Property(TMDbHelper.ListItem.Monitor.Season)) + !String.IsEmpty(Window(Home).Property(TMDbHelper.ListItem.Monitor.Episode))">plugin://plugin.video.themoviedb.helper?info=cast&amp;aggregate=true&amp;nextpage=false&amp;cacheonly=true&amp;tmdb_type=tv&amp;tmdb_id=$INFO[Window(Home).Property(TMDbHelper.ListItem.Monitor.TMDb_ID)]&amp;season=$INFO[Window(Home).Property(TMDbHelper.ListItem.Monitor.Season)]&amp;episode=$INFO[Window(Home).Property(TMDbHelper.ListItem.Monitor.Episode)]</value>

        <value condition="String.IsEqual(Window(Home).Property(TMDbHelper.ListItem.Monitor.TMDb_Type),tv) + !String.IsEmpty(Window(Home).Property(TMDbHelper.ListItem.Monitor.Season))">plugin://plugin.video.themoviedb.helper?info=cast&amp;aggregate=true&amp;nextpage=false&amp;cacheonly=true&amp;tmdb_type=tv&amp;tmdb_id=$INFO[Window(Home).Property(TMDbHelper.ListItem.Monitor.TMDb_ID)]&amp;season=$INFO[Window(Home).Property(TMDbHelper.ListItem.Monitor.Season)]</value>

        <value condition="String.IsEqual(Window(Home).Property(TMDbHelper.ListItem.Monitor.TMDb_Type),tv)">plugin://plugin.video.themoviedb.helper?info=cast&amp;aggregate=true&amp;nextpage=false&amp;cacheonly=true&amp;tmdb_type=tv&amp;tmdb_id=$INFO[Window(Home).Property(TMDbHelper.ListItem.Monitor.TMDb_ID)]</value>

        <value condition="String.IsEqual(Window(Home).Property(TMDbHelper.ListItem.Monitor.TMDb_Type),tv) + String.IsEmpty(Window(Home).Property(TMDbHelper.ListItem.Monitor.Season))">plugin://plugin.video.themoviedb.helper?info=cast&amp;aggregate=true&amp;nextpage=false&amp;cacheonly=true&amp;tmdb_type=tv&amp;tmdb_id=$INFO[Window(Home).Property(TMDbHelper.ListItem.Monitor.TMDb_ID)]</value>

        <value>special://skin/extras/playlists/Null.xsp</value>
    </variable>

    <variable name="Path_VideoInfo_OnlineCollection">
        <value condition="String.IsEmpty(Window(Home).Property(TMDbHelper.ListItem.Set.TMDb_ID))">special://skin/extras/playlists/Null.xsp</value>
        <value condition="String.IsEmpty(Window(Home).Property(TMDbHelper.ListItem.DBType))">special://skin/extras/playlists/Null.xsp</value>
        <value>plugin://plugin.video.themoviedb.helper?info=collection&amp;nextpage=false&amp;cacheonly=true&amp;tmdb_type=collection&amp;tmdb_id=$INFO[Window(Home).Property(TMDbHelper.ListItem.Set.TMDb_ID)]</value>
    </variable>

    <variable name="Path_MusicInfo_ArtistFolder">
        <value condition="String.IsEmpty(ListItem.DBID)">$ESCINFO[ListItem.FolderPath]</value>
        <value condition="!String.IsEmpty(ListItem.DBID)">musicdb://artists/$INFO[ListItem.DBID]/?albumartistsonly=true</value>
    </variable>

    <variable name="Path_IconSelector_Filter">
        <value condition="!String.IsEmpty(Window.Property(SelectionList))">$INFO[Container(8100).ListItem.Property(filter)]</value>
        <value>$INFO[Control.GetLabel(8001).index(1),&amp;filter_key=label&amp;filter_value=,]</value>
    </variable>

</includes>
