<?xml version="1.0" encoding="UTF-8"?>
<includes>

    <include name="Hub_Onload_Window">
        <onload condition="String.IsEmpty(Window($PARAM[window]).Property(TMDbHelper.WidgetContainer)) + !String.IsEmpty(Skin.String(HomeSwitcher.$PARAM[window].Spotlight.Target))">SetProperty(TMDbHelper.WidgetContainer,301,$PARAM[window])</onload>
        <onload condition="String.IsEmpty(Window($PARAM[window]).Property(TMDbHelper.WidgetContainer)) + String.IsEmpty(Skin.String(HomeSwitcher.$PARAM[window].Spotlight.Target))">SetProperty(TMDbHelper.WidgetContainer,501,$PARAM[window])</onload>
    </include>


    <include name="Hub_Onload">
        <definition>
            <include>Action_Blur_Onload</include>

            <include content="Hub_Onload_Window">
                <param name="window">Home</param>
            </include>
            <include content="Hub_Onload_Window">
                <param name="window">1101</param>
            </include>
            <include content="Hub_Onload_Window">
                <param name="window">1102</param>
            </include>
            <include content="Hub_Onload_Window">
                <param name="window">1103</param>
            </include>
            <include content="Hub_Onload_Window">
                <param name="window">1104</param>
            </include>

            <onload condition="String.IsEmpty(Window(1105).Property(TMDbHelper.WidgetContainer))">SetProperty(TMDbHelper.WidgetContainer,501,1105)</onload>
            <onload condition="String.IsEmpty(Window(1106).Property(TMDbHelper.WidgetContainer))">SetProperty(TMDbHelper.WidgetContainer,501,1106)</onload>
            <onload condition="String.IsEmpty(Window(1107).Property(TMDbHelper.WidgetContainer))">SetProperty(TMDbHelper.WidgetContainer,501,1107)</onload>
            <onload condition="String.IsEmpty(Window(1108).Property(TMDbHelper.WidgetContainer))">SetProperty(TMDbHelper.WidgetContainer,501,1108)</onload>

            <menucontrol>300</menucontrol>
            <defaultcontrol>300</defaultcontrol>

            <!-- Reset Splash Timeout -->
            <onload>AlarmClock(SplashTimeOut,noop,00:59,silent)</onload>

            <!-- Build Shortcuts -->
            <include>Action_BuildShortcuts_OnLoad</include>
        </definition>
    </include>

    <include name="Hub_Wall_Widget">
        <param name="target">videos</param>
        <param name="include">List_Poster_Row</param>
        <param name="visible">true</param>
        <param name="allowhiddenfocus">true</param>
        <param name="home_switcher">false</param>
        <definition>
            <control type="group">
                <height>1080</height>
                <visible allowhiddenfocus="$PARAM[allowhiddenfocus]">$PARAM[visible]</visible>
                <include content="$PARAM[include]">
                    <param name="id">$PARAM[id]</param>
                    <param name="control">panel</param>
                    <param name="orientation">vertical</param>
                    <param name="offset_y">40</param>
                    <preloaditems>0</preloaditems>
                    <top>290</top>
                    <bottom>-40</bottom>
                    <onup>601</onup>

                    <onback condition="$EXP[Exp_Navigation_OnParent]">SetFocus($PARAM[id],0,absolute)</onback>

                    <include content="Action_Widget_OnBack">
                        <param name="id">$PARAM[id]</param>
                        <param name="grouplistid">500</param>
                        <param name="refocus">SetFocus(601)</param>
                    </include>
                    <ondown>ActivateWindow(1180)</ondown>
                    <onfocus>SetProperty(TMDbHelper.WidgetContainer,$PARAM[id])</onfocus>
                    <onfocus>SetProperty(Background.ShowOverlay,True,Home)</onfocus>
                    <onfocus condition="![$PARAM[home_switcher]]">ClearProperty(HomeSwitcher.IsVisible,Home)</onfocus>
                    <onfocus condition="$PARAM[home_switcher]">SetProperty(HomeSwitcher.IsVisible,True,Home)</onfocus>
                    <onfocus>SetProperty(InfoPanel.FullSwitch,Wall,Home)</onfocus>
                    <content sortby="$PARAM[sortby]" sortorder="$PARAM[sortorder]" target="$PARAM[target]" limit="$PARAM[limit]" browse="$VAR[Defs_BrowseLimitedLists]">$PARAM[content]</content>
                </include>
                <include content="Widget_Busy">
                    <param name="visible">Container($PARAM[id]).IsUpdating + Integer.IsEqual(Container($PARAM[id]).NumItems)</param>
                    <param name="include">$PARAM[include]</param>
                    <top>250</top>
                    <left>view_pad</left>
                </include>
                <include content="Widget_Busy">
                    <param name="visible">Container($PARAM[id]).IsUpdating + Integer.IsEqual(Container($PARAM[id]).NumItems)</param>
                    <param name="include">$PARAM[include]</param>
                    <top>600</top>
                    <left>view_pad</left>
                </include>
            </control>
        </definition>
    </include>

    <include name="Hub_Combined_Widget">
        <param name="target">videos</param>
        <param name="include">List_Poster_Row</param>
        <param name="visible">true</param>
        <param name="allowhiddenfocus">false</param>
        <definition>
            <include content="$PARAM[include]">
                <param name="id">$PARAM[id]</param>
                <top>510</top>
                <bottom>-40</bottom>
                <onup>601</onup>
                <include content="Action_Widget_OnBack">
                    <param name="id">$PARAM[id]</param>
                    <param name="grouplistid">500</param>
                    <param name="refocus">SetFocus(601)</param>
                </include>
                <ondown>ActivateWindow(1180)</ondown>
                <onfocus>SetProperty(TMDbHelper.WidgetContainer,$PARAM[id])</onfocus>
                <onfocus>ClearProperty(Background.ShowOverlay,Home)</onfocus>
                <onfocus>ClearProperty(HomeSwitcher.IsVisible,Home)</onfocus>
                <onfocus>ClearProperty(InfoPanel.FullSwitch,Home)</onfocus>
                <content sortby="$PARAM[sortby]" sortorder="$PARAM[sortorder]" target="$PARAM[target]" limit="$PARAM[limit]" browse="$VAR[Defs_BrowseLimitedLists]">$PARAM[content]</content>
                <visible allowhiddenfocus="$PARAM[allowhiddenfocus]">$PARAM[visible]</visible>
            </include>
            <include content="Widget_Busy">
                <param name="visible">Container($PARAM[id]).IsUpdating + Integer.IsEqual(Container($PARAM[id]).NumItems)</param>
                <param name="include">$PARAM[include]</param>
                <top>510</top>
                <left>view_pad</left>
                <visible>$PARAM[visible]</visible>
            </include>
        </definition>
    </include>

    <include name="Hub_Spotlight_Content_Slide">
        <animation effect="slide" start="0" end="0,260" time="400" tween="quadratic" reversible="false" condition="$EXP[Exp_Hubs_Spotlight_SlideDown]">Conditional</animation>
        <animation effect="slide" end="0" start="0,260" time="400" tween="quadratic" reversible="false" condition="![$EXP[Exp_Hubs_Spotlight_SlideDown]]">Conditional</animation>
    </include>

    <include name="Hub_Widget_Switcher">
        <param name="target">videos</param>
        <param name="wall">true</param>
        <param name="top">260</param>
        <param name="onup">300</param>
        <param name="home_switcher">false</param>
        <definition>
            <control type="group">
                <top>$PARAM[top]</top>
                <height>40</height>
                <include condition="$PARAM[wall]">Hub_Spotlight_Content_Slide</include>
                <control type="group">
                    <left>view_pad</left>
                    <include>Info_Viewline_Divider</include>
                </control>
                <include content="Categories_Selector">
                    <param name="id">601</param>
                    <param name="detailed">true</param>
                    <param name="hidden_button">List_ButtonMenu_Row_HiddenButton_ERow</param>
                    <param name="hidden_button_enabled">true</param>
                    <onup condition="!Control.IsVisible(301)">$PARAM[onup]</onup>
                    <onup condition="Control.IsVisible(301)">301</onup>
                    <onback condition="!Control.IsVisible(301)">$PARAM[onup]</onback>
                    <onback condition="Control.IsVisible(301)">301</onback>
                    <ondown>SetFocus($INFO[Container(601).ListItem.Property(widget_id)])</ondown>
                    <onfocus condition="$PARAM[wall]">SetProperty(InfoPanel.FullSwitch,Wall,Home)</onfocus>
                    <onfocus condition="![$PARAM[wall]]">ClearProperty(InfoPanel.FullSwitch,Home)</onfocus>
                    <onfocus condition="![$PARAM[home_switcher]]">ClearProperty(HomeSwitcher.IsVisible,Home)</onfocus>
                    <onfocus condition="$PARAM[home_switcher]">SetProperty(HomeSwitcher.IsVisible,True,Home)</onfocus>
                    <centertop>0</centertop>
                    <height>80</height>
                    <left>40</left>
                    <content><include>$PARAM[include_content]</include></content>
                </include>
            </control>
        </definition>
    </include>

    <expression name="Hub_Spotlight_Visible_Expression">[Integer.IsEqual(Window.Property(TMDBHelper.WidgetContainer),301) + [!Integer.IsEqual(Container(301).NumItems,0) | Container(301).IsUpdating]]</expression>

    <include name="Hub_Wall_Info">
        <control type="group">
            <animation effect="fade" start="0" end="100" delay="399" time="1" condition="!$EXP[Hub_Spotlight_Visible_Expression]">Conditional</animation>
            <animation effect="fade" start="100" end="0" condition="$EXP[Hub_Spotlight_Visible_Expression]">Conditional</animation>
            <visible>String.IsEmpty(Window(Home).Property(HomeSwitcher.IsVisible))</visible>
            <include>Home_Info_Animation</include>
            <include>Info_Panel_Dimensions</include>
            <include content="Info_Panel">
                <param name="visible">[!$EXP[Exp_InfoDialogs] + Integer.IsEqual(Window.Property(TMDBHelper.WidgetContainer),$PARAM[id])]</param>
                <param name="visible_line">false</param>
                <param name="visible_plot">false</param>
                <param name="visible_meta">false</param>
                <param name="container">Container($PARAM[id]).</param>
            </include>
        </control>
    </include>

    <include name="Hub_Combined_Info">
        <control type="group">
            <animation effect="fade" start="0" end="100" delay="399" time="1" condition="!$EXP[Hub_Spotlight_Visible_Expression]">Conditional</animation>
            <animation effect="fade" start="100" end="0" condition="$EXP[Hub_Spotlight_Visible_Expression]">Conditional</animation>
            <control type="group">
                <include>Home_Slide_Animation</include>
                <include>Info_Panel_Dimensions</include>
                <control type="group">
                    <top>200</top>
                    <include content="Info_Panel">
                        <param name="visible">[!$EXP[Exp_InfoDialogs] + Integer.IsEqual(Window.Property(TMDBHelper.WidgetContainer),$PARAM[id])]</param>
                        <param name="visible_line">false</param>
                        <param name="visible_plot">false</param>
                        <param name="visible_meta">false</param>
                        <param name="include_details">false</param>
                        <param name="container">Container($PARAM[id]).</param>
                    </include>
                </control>
            </control>
            <control type="group">
                <visible>String.IsEmpty(Window(Home).Property(HomeSwitcher.IsVisible))</visible>
                <include>Info_Panel_Dimensions</include>
                <include>Home_Info_Animation</include>
                <include content="Info_Panel">
                    <param name="visible">[!$EXP[Exp_InfoDialogs] + Integer.IsEqual(Window.Property(TMDBHelper.WidgetContainer),$PARAM[id])]</param>
                    <param name="visible_line">true</param>
                    <param name="visible_plot">true</param>
                    <param name="visible_meta">true</param>
                    <param name="include_title">false</param>
                    <param name="container">Container($PARAM[id]).</param>
                </include>
            </control>
        </control>
    </include>

    <include name="Hub_Widgets_Grouplist">
        <control type="grouplist" id="602">
            <animation effect="slide" start="0" end="0,-440" condition="true">Conditional</animation>
            <onup>302</onup>
            <ondown>ActivateWindow(1180)</ondown>
            <onleft condition="!Integer.IsEqual(Container(800).NumItems,0)">SetProperty(QuickJump,Disable)</onleft>
            <onleft condition="!Integer.IsEqual(Container(800).NumItems,0)">SetFocus(800)</onleft>
            <!-- <onright condition="!Integer.IsEqual(Container(800).NumItems,0)">SetProperty(QuickJump,Disable)</onright>
            <onright condition="!Integer.IsEqual(Container(800).NumItems,0)">SetFocus($INFO[Window.Property(TMDBHelper.WidgetContainer)],0,absolute)</onright>
            <onright condition="!Integer.IsEqual(Container(800).NumItems,0)">SetFocus(800)</onright> -->
            <onright condition="!Integer.IsEqual(Container(800).NumItems,0)">SetProperty(Bumper.Direction,Right,Home)</onright>
            <onright condition="!Integer.IsEqual(Container(800).NumItems,0)">ActivateWindow(1180)</onright>
            <orientation>vertical</orientation>
            <control type="group" id="599">
                <height>widget_tbump_h_detailed</height>
            </control>
            <top>widget_grouplist_t_detailed</top>
            <bottom>widget_grouplist_b_detailed</bottom>
            <nested />
        </control>
    </include>

    <include name="Hub_Combined_Widgets_Grouplist">
        <control type="grouplist" id="602">
            <onup>302</onup>
            <ondown>ActivateWindow(1180)</ondown>
            <orientation>vertical</orientation>
            <nested />
        </control>
    </include>

    <include name="Hub_Spotlight_Info">
        <control type="group">
            <top>280</top>
            <visible>!$EXP[Exp_InfoDialogs]</visible>
            <visible>$EXP[Hub_Spotlight_Visible_Expression]</visible>
            <animation effect="slide" end="0" start="0,-200" time="400" tween="cubic" easing="out" reversible="false" condition="!Control.HasFocus(300)">Visible</animation>
            <animation effect="slide" start="0" end="0,-200" time="400" tween="cubic" easing="out" reversible="false">Hidden</animation>
            <include>Info_Panel_Dimensions</include>
            <include content="Info_Panel">
                <param name="container">Container(301).</param>
                <param name="visible_line">String.IsEmpty(Window(Home).Property(Background.ShowOverlay))</param>
                <param name="visible_plot">String.IsEmpty(Window(Home).Property(Background.ShowOverlay))</param>
                <param name="visible_meta">String.IsEmpty(Window(Home).Property(Background.ShowOverlay))</param>
            </include>
        </control>
    </include>

    <include name="Hub_Spotlight_Button">
        <!-- <onfocus>SetProperty(HomeSwitcher.IsVisible,True,Home)</onfocus> -->
        <onfocus>SetProperty(TMDbHelper.WidgetContainer,301,$PARAM[window])</onfocus>
        <onfocus>ClearProperty(Background.ShowOverlay,Home)</onfocus>
        <onfocus>ClearProperty(HomeSwitcher.IsVisible,Home)</onfocus>
        <!-- <onfocus>ClearProperty(InfoPanel.FullSwitch,Home)</onfocus> -->
        <onfocus>SetProperty(InfoPanel.FullSwitch,Spotlight,Home)</onfocus>

        <oninfo>SetFocus(301)</oninfo>
        <oninfo>Action(Info)</oninfo>
        <oninfo>SetFocus($PARAM[id])</oninfo>

        <onback>300</onback>
    </include>

    <include name="Hub_Spotlight_Button_Circle">
        <param name="id">311</param>
        <param name="groupid">321</param>
        <param name="label">$VAR[Label_FullscreenWidget_PlayButton]</param>
        <param name="image">$VAR[Image_FullscreenWidget_PlayButton]</param>
        <param name="bordersize">20</param>
        <param name="size">120</param>
        <param name="left">0</param>
        <param name="width">auto</param>
        <definition>
            <control type="group" id="$PARAM[groupid]">
                <left>$PARAM[left]</left>
                <width>$PARAM[size]</width>
                <height>$PARAM[size]</height>
                <centertop>50%</centertop>
                <control type="group">
                    <visible>!Control.HasFocus($PARAM[id])</visible>
                    <control type="image">
                        <texture colordiffuse="main_fg_100">diffuse/circle/circle_120.png</texture>
                    </control>
                    <control type="image">
                        <bordersize>$PARAM[bordersize]</bordersize>
                        <texture background="true" colordiffuse="main_bg_90">$PARAM[image]</texture>
                    </control>
                </control>
                <control type="group">
                    <visible>Control.HasFocus($PARAM[id])</visible>
                    <control type="image">
                        <texture colordiffuse="$VAR[ColorHighlight]">diffuse/circle/circle_120.png</texture>
                    </control>
                    <control type="image">
                        <bordersize>$PARAM[bordersize]</bordersize>
                        <texture background="true" colordiffuse="$VAR[ColorSelected]">$PARAM[image]</texture>
                    </control>
                </control>
            </control>
            <control type="button" id="$PARAM[id]">
                <width>$PARAM[width]</width>
                <height>80</height>
                <centertop>50%</centertop>
                <textoffsetx>0</textoffsetx>
                <include>Texture_Highlight_Underline_H</include>
                <font>font_main_bold</font>
                <textcolor>main_fg_90</textcolor>
                <focusedcolor>main_fg_100</focusedcolor>
                <label>$PARAM[label]</label>
                <nested />
                <left>20</left>
            </control>
        </definition>
    </include>

    <include name="Hub_Spotlight">
        <param name="window">Home</param>
        <param name="visible">True</param>
        <definition>
            <control type="group">
                <top>260</top>
                <height>hub_spotlight_h</height>
                <visible>$EXP[Hub_Spotlight_Visible_Expression]</visible>
                <include>Home_Info_Animation</include>
                <control type="group">
                    <include content="Info_Viewline">
                        <param name="use_spinner">true</param>
                        <param name="run_spinner">[Container(301).IsUpdating]</param>
                        <param name="label">$INFO[Skin.String(HomeSwitcher.$PARAM[window].Spotlight.Label),, ]</param>
                        <param name="top">20</param>
                    </include>
                </control>

                <!-- Animation for Slides -->
                <!-- <include content="Animation_Fade_In">
                    <param name="condition">$EXP[Exp_Hubs_Spotlight_ShowButtons]</param>
                    <param name="delay">200</param>
                    <param name="time">300</param>
                </include>
                <include content="Animation_ConditionalFade">
                    <param name="condition">!$EXP[Exp_Hubs_Spotlight_ShowButtons]</param>
                </include> -->

                <control type="grouplist" id="310">
                    <orientation>horizontal</orientation>

                    <onleft condition="$EXP[Exp_Hubs_Spotlight_HasItems]">Control.Move(301,-1)</onleft>
                    <onleft condition="!$EXP[Exp_Hubs_Spotlight_HasItems]">Control.Move(99971,-1)</onleft>

                    <onright condition="$EXP[Exp_Hubs_Spotlight_HasItems]">Control.Move(301,1)</onright>
                    <onright condition="!$EXP[Exp_Hubs_Spotlight_HasItems]">Control.Move(99971,1)</onright>

                    <onup>300</onup>
                    <ondown>$VAR[Hub_Action_Widgets]</ondown>

                    <centertop>140</centertop>
                    <left>40</left>
                    <height>160</height>

                    <control type="image" id="314">
                        <width>40</width>
                        <height>40</height>
                        <centertop>50%</centertop>
                        <texture colordiffuse="main_fg_30">special://skin/extras/icons/angle-left.png</texture>
                        <include content="Animation_Fade_Out">
                            <param name="condition">!ControlGroup(310).HasFocus()</param>
                        </include>
                        <include content="Animation_Fade_In">
                            <param name="condition">ControlGroup(310).HasFocus()</param>
                        </include>
                    </control>

                    <control type="group" id="316">
                        <width>240</width>
                        <orientation>horizontal</orientation>

                        <include content="Hub_Spotlight_Button_Circle">
                            <param name="id">311</param>
                            <param name="groupid">321</param>
                            <param name="label">$VAR[Label_FullscreenWidget_PlayButton]</param>
                            <param name="image">$VAR[Image_FullscreenWidget_PlayButton]</param>
                            <onclick>SetFocus(301)</onclick>
                            <onclick>Action(select)</onclick>
                            <onclick>SetFocus(312)</onclick>
                            <include content="Hub_Spotlight_Button">
                                <param name="id">311</param>
                                <param name="window">$PARAM[window]</param>
                            </include>
                            <onleft condition="$EXP[Exp_Hubs_Spotlight_HasItems]">Control.Move(301,-1)</onleft>
                            <onleft condition="!$EXP[Exp_Hubs_Spotlight_HasItems]">Control.Move(99971,-1)</onleft>
                            <onright>312</onright>
                            <left>140</left>
                            <onup>300</onup>
                            <ondown>$VAR[Hub_Action_Widgets]</ondown>
                        </include>
                    </control>

                    <include content="Hub_Spotlight_Button_Circle">
                        <param name="id">312</param>
                        <param name="groupid">322</param>
                        <param name="label">$VAR[Label_FullscreenWidget_InfoButton]</param>
                        <param name="image">$VAR[Image_FullscreenWidget_InfoButton]</param>
                        <param name="size">60</param>
                        <param name="bordersize">0</param>
                        <param name="left">120</param>
                        <onclick>SetFocus(301)</onclick>
                        <onclick>$VAR[Action_FullscreenWidget_InfoButton]</onclick>
                        <onclick>SetFocus(312)</onclick>
                        <include content="Hub_Spotlight_Button">
                            <param name="id">311</param>
                            <param name="window">$PARAM[window]</param>
                        </include>
                    </include>

                    <control type="image" id="315">
                        <left>20</left>
                        <width>40</width>
                        <height>40</height>
                        <centertop>50%</centertop>
                        <texture colordiffuse="main_fg_30">special://skin/extras/icons/angle-right.png</texture>
                        <include content="Animation_Fade_Out">
                            <param name="condition">!ControlGroup(310).HasFocus()</param>
                        </include>
                        <include content="Animation_Fade_In">
                            <param name="condition">ControlGroup(310).HasFocus()</param>
                        </include>
                    </control>

                </control>
            </control>
        </definition>
    </include>

    <variable name="Hub_Action_Down">
        <value condition="Control.IsVisible(301)">SetFocus(310)</value>
        <value condition="Control.IsVisible(601)">SetFocus(601)</value>
        <value condition="Control.IsVisible(602)">SetFocus(602)</value>
    </variable>
    <variable name="Hub_Action_Reset">
        <value condition="Control.IsVisible(501)">SetFocus(501)</value>
        <value condition="Control.IsVisible(502)">SetFocus(502)</value>
        <value condition="Control.IsVisible(503)">SetFocus(503)</value>
        <value condition="Control.IsVisible(504)">SetFocus(504)</value>
        <value condition="Control.IsVisible(505)">SetFocus(505)</value>
        <value condition="Control.IsVisible(506)">SetFocus(506)</value>
        <value condition="Control.IsVisible(507)">SetFocus(507)</value>
        <value condition="Control.IsVisible(508)">SetFocus(508)</value>
        <value condition="Control.IsVisible(509)">SetFocus(509)</value>
        <value condition="Control.IsVisible(510)">SetFocus(510)</value>
    </variable>
    <variable name="Hub_Action_Widgets">
        <value condition="Control.IsVisible(601)">SetFocus(601)</value>
        <value condition="Control.IsVisible(501)">SetFocus(501)</value>
        <value condition="Control.IsVisible(502)">SetFocus(502)</value>
        <value condition="Control.IsVisible(503)">SetFocus(503)</value>
        <value condition="Control.IsVisible(504)">SetFocus(504)</value>
        <value condition="Control.IsVisible(505)">SetFocus(505)</value>
        <value condition="Control.IsVisible(506)">SetFocus(506)</value>
        <value condition="Control.IsVisible(507)">SetFocus(507)</value>
        <value condition="Control.IsVisible(508)">SetFocus(508)</value>
        <value condition="Control.IsVisible(509)">SetFocus(509)</value>
        <value condition="Control.IsVisible(510)">SetFocus(510)</value>
    </variable>

    <include name="Hub_Spotlight_List">
        <param name="window">Home</param>
        <definition>
            <control type="wraplist" id="301">
                <preloaditems>2</preloaditems>
                <onfocus>SetProperty(TMDbHelper.WidgetContainer,301,$PARAM[window])</onfocus>
                <onfocus>ClearProperty(Background.ShowOverlay,Home)</onfocus>

                <onfocus condition="Integer.IsEqual(Container(301).NumItems,0)">SetFocus(300)</onfocus>
                <onfocus condition="!Integer.IsEqual(Container(301).NumItems,0)">SetFocus(311)</onfocus>

                <orientation>horizontal</orientation>
                <scrolltime tween="quadratic">400</scrolltime>
                <hitrect x="0" y="0" w="0" h="0" />

                <width>1</width>
                <height>1</height>
                <left>-1920</left>

                <include content="Defs_AutoScroll">
                    <param name="condition">[!ControlGroup(310).HasFocus() | System.IdleTime(3)]</param>
                </include>

                <itemlayout />
                <focusedlayout />

                <include content="Object_ContentDynamic">
                    <param name="sortby">$PARAM[sortby]</param>
                    <param name="sortorder">$PARAM[sortorder]</param>
                    <param name="target">$PARAM[target]</param>
                    <param name="limit">$PARAM[limit]</param>
                    <param name="browse">never</param>
                    <param name="content">$PARAM[content]</param>
                </include>

                <nested />

            </control>
        </definition>
    </include>

    <include name="Hub_Window_Side_Slide">
        <animation effect="slide" tween="cubic" start="0" end="100" time="400" condition="Control.HasFocus(800)" reversible="false">Conditional</animation>
        <animation effect="slide" tween="cubic" start="100" end="0" time="400" condition="!Control.HasFocus(800)" reversible="false">Conditional</animation>
        <animation type="WindowClose" condition="Control.HasFocus(800)" reversible="false">
            <effect type="slide" tween="cubic" start="0" end="-100" time="400" />
        </animation>
        <animation type="WindowOpen" condition="Control.HasFocus(800)" reversible="false">
            <effect type="slide" tween="cubic" start="-100" end="0" time="400" />
        </animation>
    </include>

    <include name="Hub_Submenu_Fade">
        <control type="group">

            <visible>Control.HasFocus(800)</visible>

            <include>Hub_Window_Side_Slide</include>

            <include content="Animation_Fade_In">
                <param name="type">Visible</param>
                <param name="time">200</param>
            </include>
            <include content="Animation_Fade_Out">
                <param name="type">Hidden</param>
            </include>
            <control type="image">
                <left>40</left>
                <width>1080</width>
                <height>1080</height>
                <texture colordiffuse="$VAR[ColorBackground]">background/combined_sidemenu.png</texture>
            </control>
        </control>
    </include>

    <include name="Hub_Window">
        <param name="overlay">true</param>
        <definition>
            <include content="Object_Hidden_Button">
                <param name="id">302</param>
                <onfocus>$VAR[Hub_Action_Reset]</onfocus>
                <onfocus condition="!Control.IsVisible(301)">SetFocus(300)</onfocus>
                <onfocus condition="Control.IsVisible(301)">SetFocus(301)</onfocus>
            </include>

            <include content="Object_Hidden_Button">
                <param name="id">303</param>
                <onfocus>$VAR[Hub_Action_Reset]</onfocus>
                <onfocus>SetFocus(300)</onfocus>
                <onfocus>ActivateWindow(1170)</onfocus>
            </include>

            <include content="Object_Hidden_Button">
                <param name="id">304</param>
                <onfocus>$VAR[Hub_Action_Reset]</onfocus>
                <onfocus condition="Control.IsVisible(301)">SetFocus(301)</onfocus>
                <onfocus>AlarmClock(refocus_300,SetFocus(300),00:00,silent)</onfocus>
            </include>

            <include>Background</include>
            <include condition="Skin.HasSetting(Submenu.EnableSideMode)">Hub_Submenu_Fade</include>


            <include content="Hub_Spotlight_List" condition="!String.IsEmpty(Skin.String(HomeSwitcher.$PARAM[window].Spotlight.Target))">
                <param name="window">$PARAM[window]</param>
                <param name="content">$INFO[Skin.String(HomeSwitcher.$PARAM[window].Spotlight.Path)]</param>
                <param name="sortby">random</param>
                <param name="target">$INFO[Skin.String(HomeSwitcher.$PARAM[window].Spotlight.Target)]</param>
            </include>

            <include content="Home_Control">
                <param name="window">$PARAM[window]</param>
                <param name="overlay">[String.IsEqual(Skin.String(HomeSwitcher.$PARAM[window].Mode),Wall) + String.IsEmpty(Skin.String(HomeSwitcher.$PARAM[window].Spotlight.Target))]</param>
                <onup condition="!Skin.HasSetting(Submenu.EnableSideMode)">ActivateWindow(1181)</onup>
                <oninfo condition="!Skin.HasSetting(Submenu.EnableSideMode)">ActivateWindow(1181)</oninfo>
                <onup condition="Skin.HasSetting(Submenu.EnableSideMode)">ActivateWindow(1180)</onup>
                <oninfo condition="Skin.HasSetting(Submenu.EnableSideMode)">ActivateWindow(1170)</oninfo>
                <ondown>$VAR[Hub_Action_Down]</ondown>
                <onback condition="Window.IsVisible(Home)">303</onback>
            </include>

            <control type="group">
                <include>Animation_Group_Bumper</include>

                <control type="group">

                    <include condition="Skin.HasSetting(Submenu.EnableSideMode)">Hub_Window_Side_Slide</include>

                    <!-- Content -->
                    <control type="group" id="400">

                        <animation effect="slide" start="0" end="0,440" time="400" tween="quadratic" reversible="false" condition="$EXP[Exp_Hubs_Spotlight_SlideDown]">Conditional</animation>
                        <animation effect="slide" end="0" start="0,440" time="400" tween="quadratic" reversible="false" condition="![$EXP[Exp_Hubs_Spotlight_SlideDown]]">Conditional</animation>

                        <include>Animation_View_WindowChange</include>

                        <!-- Spotlight -->
                        <include content="Hub_Spotlight">
                            <param name="window">$PARAM[window]</param>
                        </include>

                        <!-- Widgets Groups -->
                        <control type="group" id="500">
                            <include content="Hub_Combined_Widgets_Grouplist" condition="String.IsEqual(Skin.String(HomeSwitcher.$PARAM[window].Mode),Wall)">
                                <include condition="String.IsEqual(Skin.String(HomeSwitcher.$PARAM[window].Mode),Wall)">skinvariables-$PARAM[window]widgets-wall</include>
                            </include>
                            <include condition="String.IsEqual(Skin.String(HomeSwitcher.$PARAM[window].Mode),Combined)">skinvariables-$PARAM[window]widgets-combined</include>
                            <include condition="String.IsEmpty(Skin.String(HomeSwitcher.$PARAM[window].Mode))">skinvariables-$PARAM[window]widgets-standard</include>
                        </control>

                        <!-- Switching Groups -->
                        <control type="group" id="600">
                            <include content="Hub_Widget_Switcher" condition="String.IsEqual(Skin.String(HomeSwitcher.$PARAM[window].Mode),Wall)">
                                <param name="include_content">skinvariables-$PARAM[window]widgets-wall-selector</param>
                            </include>
                            <include content="Hub_Widget_Switcher" condition="String.IsEqual(Skin.String(HomeSwitcher.$PARAM[window].Mode),Combined)">
                                <param name="include_content">skinvariables-$PARAM[window]widgets-combined-selector</param>
                                <param name="top">520</param>
                                <param name="wall">false</param>
                            </include>
                        </control>
                    </control>

                    <!-- Info Panels -->
                    <include condition="String.IsEqual(Skin.String(HomeSwitcher.$PARAM[window].Mode),Wall)">skinvariables-$PARAM[window]widgets-wall-info</include>
                    <include condition="String.IsEqual(Skin.String(HomeSwitcher.$PARAM[window].Mode),Combined) | String.IsEmpty(Skin.String(HomeSwitcher.$PARAM[window].Mode))">skinvariables-$PARAM[window]widgets-combined-info</include>
                    <include condition="!String.IsEmpty(Skin.String(HomeSwitcher.$PARAM[window].Spotlight.Target))">Hub_Spotlight_Info</include>

                        <!-- Side MEnu -->
                    <include content="Hub_SideMenu" condition="Skin.HasSetting(Submenu.EnableSideMode)">
                        <param name="window">$PARAM[window]</param>
                    </include>
                </control>

                <control type="group">
                    <include>Furniture_Reposition</include>
                    <visible>!$EXP[Exp_InfoDialogs]</visible>
                    <include>Furniture_Footer_Right</include>
                </control>

                <include>Home_Switcher</include>
            </control>

        </definition>
    </include>

    <include name="Hub_SideMenu">
        <control type="group">

            <visible>Control.HasFocus(800)</visible>

            <include content="Animation_Fade_In">
                <param name="type">Visible</param>
                <param name="time">200</param>
            </include>
            <include content="Animation_Fade_Out">
                <param name="type">Hidden</param>
            </include>
            <control type="image">
                <left>-200</left>
                <width>240</width>
                <height>1080</height>
                <texture colordiffuse="$VAR[ColorBackground]">common/white.png</texture>
            </control>

            <control type="fixedlist" id="800">

                <include content="Animation_Fade_In">
                    <param name="type">WindowOpen</param>
                    <param name="time">200</param>
                    <param name="condition">Control.HasFocus(800)</param>
                </include>
                <include content="Animation_Fade_Out">
                    <param name="type">WindowClose</param>
                    <param name="condition">Control.HasFocus(800)</param>
                </include>

                <orientation>vertical</orientation>
                <focusposition>2</focusposition>
                <movement>2</movement>
                <centertop>530</centertop>
                <width>120</width>
                <height>500</height>
                <left>-60</left>

                <!-- <onback>304</onback> -->
                <onback>500</onback>
                <onback>SetFocus($INFO[Window.Property(TMDBHelper.WidgetContainer)])</onback>

                <onleft>SetProperty(Bumper.Direction,Left,Home)</onleft>
                <onleft>ActivateWindow(1180)</onleft>
                <!-- <onleft>SetFocus($INFO[Window.Property(TMDBHelper.WidgetContainer)],99999,absolute)</onleft> -->
                <onright>SetFocus($INFO[Window.Property(TMDBHelper.WidgetContainer)],0,absolute)</onright>

                <scrolltime tween="quadratic">400</scrolltime>

                <itemlayout width="120" height="100">
                    <control type="group">
                        <left>20</left>
                        <include content="Layout_OptionTray">
                            <param name="selected">false</param>
                            <param name="color_nf">dialog_fg_70</param>
                            <param name="centertop">40</param>
                        </include>
                    </control>
                </itemlayout>

                <focusedlayout width="120" height="100">
                    <control type="button">
                        <onfocus condition="!String.IsEqual(Window.Property(QuickJump),ListItem.Property(quickjump)) + !String.IsEqual(Window.Property(QuickJump),Disable)">$INFO[ListItem.Property(quickjump)]</onfocus>
                        <onfocus condition="!String.IsEqual(Window.Property(QuickJump),ListItem.Property(quickjump))">SetProperty(QuickJump,$INFO[ListItem.Property(quickjump)])</onfocus>
                        <onfocus condition="!String.IsEqual(Window.Property(QuickJump),ListItem.Property(quickjump)) + !String.IsEqual(Window.Property(QuickJump),Disable)">SetFocus(800)</onfocus>
                        <texturenofocus />
                        <texturefocus />
                        <animation effect="fade" time="50" start="0" end="0">Focus</animation>
                    </control>
                    <control type="group">
                        <left>20</left>
                        <control type="group">
                            <visible>Control.HasFocus(800)</visible>
                            <include content="Layout_OptionTray">
                                <param name="selected">true</param>
                                <param name="color_nf">dialog_fg_70</param>
                                <param name="centertop">40</param>
                            </include>
                        </control>
                        <control type="group">
                            <visible>!Control.HasFocus(800)</visible>
                            <include content="Layout_OptionTray">
                                <param name="selected">false</param>
                                <param name="color_nf">dialog_fg_70</param>
                                <param name="centertop">40</param>
                            </include>
                        </control>
                    </control>
                </focusedlayout>

                <content>
                    <include>skinvariables-$PARAM[window]submenu-staticitems</include>
                </content>

            </control>
        </control>
    </include>

    <include name="Hub_Addons_Items">
        <item>
            <label>$LOCALIZE[157]</label>
            <property name="guid">videos</property>
            <property name="widget_id">$NUMBER[501]</property>
            <property name="show_overlay">true</property>
            <onclick>ActivateWindow(videos,addons://sources/video/,return)</onclick>
            <visible>!Integer.IsEqual(Container(501).NumItems,0) | Container(501).IsUpdating</visible>
        </item>
        <item>
            <label>$LOCALIZE[249]</label>
            <property name="guid">music</property>
            <property name="widget_id">$NUMBER[502]</property>
            <property name="show_overlay">true</property>
            <onclick>ActivateWindow(music,addons://sources/audio/,return)</onclick>
            <visible>!Integer.IsEqual(Container(502).NumItems,0) | Container(502).IsUpdating</visible>
        </item>
        <item>
            <label>$LOCALIZE[31011]</label>
            <property name="guid">image</property>
            <property name="widget_id">$NUMBER[503]</property>
            <property name="show_overlay">true</property>
            <onclick>ActivateWindow(programs,addons://sources/image/,return)</onclick>
            <visible>!Integer.IsEqual(Container(503).NumItems,0) | Container(503).IsUpdating</visible>
        </item>
        <item>
            <label>$LOCALIZE[31010]</label>
            <property name="guid">executable</property>
            <property name="widget_id">$NUMBER[504]</property>
            <property name="show_overlay">true</property>
            <onclick>ActivateWindow(programs,addons://sources/executable/,return)</onclick>
            <visible>!Integer.IsEqual(Container(504).NumItems,0) | Container(504).IsUpdating</visible>
        </item>

    </include>

    <include name="Hub_Addons_Widgets">
        <include content="Hub_Wall_Widget">
            <param name="id">501</param>
            <param name="content">addons://sources/video/</param>
            <param name="include">List_Square_Row</param>
            <param name="target">videos</param>
            <param name="sortby">lastused</param>
            <param name="sortorder">descending</param>
            <param name="visible">String.IsEqual(Container(601).ListItem.Property(guid),videos)</param>
            <param name="home_switcher">true</param>
        </include>
        <include content="Hub_Wall_Widget">
            <param name="id">502</param>
            <param name="content">addons://sources/audio/</param>
            <param name="include">List_Square_Row</param>
            <param name="target">music</param>
            <param name="sortby">lastused</param>
            <param name="sortorder">descending</param>
            <param name="visible">String.IsEqual(Container(601).ListItem.Property(guid),music)</param>
            <param name="home_switcher">true</param>
        </include>
        <include content="Hub_Wall_Widget">
            <param name="id">503</param>
            <param name="content">addons://sources/image/</param>
            <param name="include">List_Square_Row</param>
            <param name="target">pictures</param>
            <param name="sortby">lastused</param>
            <param name="sortorder">descending</param>
            <param name="visible">String.IsEqual(Container(601).ListItem.Property(guid),image)</param>
            <param name="home_switcher">true</param>
        </include>
        <include content="Hub_Wall_Widget">
            <param name="id">504</param>
            <param name="content">addons://sources/executable/</param>
            <param name="include">List_Square_Row</param>
            <param name="target">programs</param>
            <param name="sortby">lastused</param>
            <param name="sortorder">descending</param>
            <param name="visible">String.IsEqual(Container(601).ListItem.Property(guid),executable)</param>
            <param name="home_switcher">true</param>
        </include>
    </include>

    <include name="Hub_PVR_Items">
        <item>
            <label>$LOCALIZE[593]</label>
            <onclick>ActivateWindow(tvchannels,pvr://channels/tv/*,return)</onclick>
            <visible>!Integer.IsEqual(Container(501).NumItems,0) | Container(501).IsUpdating</visible>
            <property name="widget_id">$NUMBER[501]</property>
            <property name="guid">pvr-501</property>
            <property name="show_overlay">true</property>
        </item>
        <item>
            <label>$LOCALIZE[19145]</label>
            <onclick>ActivateWindow(tvguide)</onclick>
            <visible>!Integer.IsEqual(Container(502).NumItems,0) | Container(502).IsUpdating</visible>
            <property name="widget_id">$NUMBER[502]</property>
            <property name="guid">pvr-502</property>
            <property name="show_overlay">true</property>
        </item>
        <item>
            <label>$LOCALIZE[19017]</label>
            <onclick>ActivateWindow(tvrecordings,pvr://recordings/tv/active?view=flat,return)</onclick>
            <visible>!Integer.IsEqual(Container(503).NumItems,0) | Container(503).IsUpdating</visible>
            <property name="widget_id">$NUMBER[503]</property>
            <property name="guid">pvr-503</property>
            <property name="show_overlay">true</property>
        </item>
        <item>
            <label>$LOCALIZE[137]</label>
            <onclick>ActivateWindow(tvsearch,pvr://search/,return)</onclick>
            <visible>!Integer.IsEqual(Container(504).NumItems,0) | Container(504).IsUpdating</visible>
            <property name="widget_id">$NUMBER[504]</property>
            <property name="guid">pvr-504</property>
            <property name="show_overlay">true</property>
        </item>
    </include>

    <include name="Hub_PVR_Widgets">
        <include content="Hub_Wall_Widget">
            <param name="id">501</param>
            <param name="target">tvchannels</param>
            <param name="content">pvr://channels/tv/*</param>
            <param name="include">List_Landscape_Row</param>
            <param name="visible">String.IsEqual(Container(601).ListItem.Property(guid),pvr-501)</param>
            <param name="home_switcher">true</param>
        </include>
        <include content="Hub_Wall_Widget">
            <param name="id">502</param>
            <param name="target">tvchannels</param>
            <param name="content">pvr://channels/tv/</param>
            <param name="include">List_Landscape_Row</param>
            <param name="visible">String.IsEqual(Container(601).ListItem.Property(guid),pvr-502)</param>
            <param name="home_switcher">true</param>
        </include>
        <include content="Hub_Wall_Widget">
            <param name="id">503</param>
            <param name="target">tvrecordings</param>
            <param name="content">pvr://recordings/tv/active?view=flat</param>
            <param name="include">List_Landscape_Row</param>
            <param name="visible">String.IsEqual(Container(601).ListItem.Property(guid),pvr-503)</param>
            <param name="home_switcher">true</param>
        </include>
        <include content="Hub_Wall_Widget">
            <param name="id">504</param>
            <param name="target">tvsearch</param>
            <param name="content">pvr://channels/tv/*?view=lastplayed</param>
            <param name="sortby">lastplayed</param>
            <param name="sortorder">descending</param>
            <param name="include">List_Landscape_Row</param>
            <param name="visible">String.IsEqual(Container(601).ListItem.Property(guid),pvr-504)</param>
            <param name="home_switcher">true</param>
        </include>
    </include>

    <include name="Hub_Widget_Splash">
        <param name="condition">false</param>
        <param name="label">$LOCALIZE[31427] [LOWERCASE]$LOCALIZE[31103][/LOWERCASE]</param>
        <param name="busyspinner">true</param>
        <definition>
            <control type="group">
                <visible>$PARAM[condition]</visible>
                <include>Background_StartUp</include>
                <include>Object_StartUp_Logo</include>
                <control type="label">
                    <centertop>610</centertop>
                    <height>40</height>
                    <aligny>center</aligny>
                    <align>center</align>
                    <textcolor>main_logo</textcolor>
                    <label>$PARAM[label]...</label>
                </control>
                <include content="Furniture_Busy" condition="$PARAM[busyspinner]">
                    <param name="hasspinner">true</param>
                    <param name="spinspinner">true</param>
                    <param name="spinnervisible">[!Window.IsActive(DialogVolumeBar.xml) | Player.Muted]</param>
                    <param name="icon">special://skin/extras/icons/kodi.png</param>
                    <param name="haslabel">false</param>
                </include>
            </control>
        </definition>
    </include>

</includes>