<?xml version="1.0" encoding="UTF-8"?>
<includes>

    <include name="Dimension_Furniture">
        <left>view_pad</left>
        <right>view_pad</right>
        <height>view_bar</height>
    </include>

    <include name="Dimension_Topbar">
        <include>Dimension_Furniture</include>
        <top>view_pad</top>
    </include>

    <include name="Dimension_Bottombar">
        <include>Dimension_Furniture</include>
        <bottom>view_pad</bottom>
    </include>

    <include name="Dimension_Padding">
        <left>$PARAM[pad]</left>
        <right>$PARAM[pad]</right>
        <top>$PARAM[pad]</top>
        <bottom>$PARAM[pad]</bottom>
    </include>

    <include name="Dimension_DialogNumeric">
        <width>600</width>
        <centertop>50%</centertop>
        <centerleft>50%</centerleft>
        <height>920</height>
    </include>

    <include name="Dimension_DialogPlaylistRule">
        <centerleft>50%</centerleft>
        <centertop>50%</centertop>
        <height>480</height>
        <width>1280</width>
    </include>

    <include name="Dimension_DialogConfirm">
        <centerleft>50%</centerleft>
        <centertop>50%</centertop>
        <height>600</height>
        <width>1280</width>
    </include>

    <include name="Dimension_PVR_FullGuide">
        <height>880</height>
        <bottom>view_pad</bottom>
        <right>view_pad</right>
        <left>view_pad</left>
    </include>
    
    <include name="Dimension_PVR_HalfGuide">
        <height>480</height>
        <bottom>view_pad</bottom>
        <right>view_pad</right>
        <left>view_pad</left>
    </include>

    <include name="Dimension_Info">
        <left>view_pad</left>
        <right>view_pad</right>
        <top>view_top</top>
        <bottom>view_top</bottom>
    </include>

    <include name="Dimension_DialogCenter">
        <centerleft>50%</centerleft>
        <top>100</top>
        <bottom>100</bottom>
    </include>

    <include name="Dimension_DialogKeysMenu">
        <width>1510</width>
        <include>Dimension_DialogCenter</include>
    </include>

    <include name="Dimension_DialogNumsMenu">
        <width>560</width>
        <centerleft>50%</centerleft>
        <top>230</top>
        <bottom>230</bottom>
    </include>

    <include name="Dimension_DialogFlipMenu">
        <width>1200</width>
        <include>Dimension_DialogCenter</include>
    </include>

    <include name="Dimension_DialogMainMenu">
        <width>100%</width>
        <include>Dimension_DialogCenter</include>
    </include>

    <include name="Dimension_DialogFullMenu">
        <width>1600</width>
        <include>Dimension_DialogCenter</include>
    </include>

    <include name="Dimension_DialogHugeMenu">
        <width>1280</width>
        <include>Dimension_DialogCenter</include>
    </include>
	
    <include name="Dimension_DialogWiderMenu">
        <width>1250</width>  <!-- 1250 -->
        <right>0</right>
        <top>0</top>
        <bottom>0</bottom>
    </include>

    <include name="Dimension_DialogWideMenu">
        <width>960</width>
        <include>Dimension_DialogCenter</include>
    </include>

    <include name="Dimension_DialogMiniMenu">
        <width>640</width>
        <include>Dimension_DialogCenter</include>
    </include>
    <include name="Dimension_DialogMiniMenu_7">
        <width>640</width>
        <top>140</top>
        <bottom>140</bottom>
        <include>Dimension_DialogCenter</include>
    </include>
    <include name="Dimension_DialogMiniMenu_6">
        <width>640</width>
        <top>180</top>
        <bottom>180</bottom>
        <include>Dimension_DialogCenter</include>
    </include>
    <include name="Dimension_DialogMiniMenu_5">
        <width>640</width>
        <top>220</top>
        <bottom>220</bottom>
        <include>Dimension_DialogCenter</include>
    </include>
    <include name="Dimension_DialogMiniMenu_4">
        <width>640</width>
        <top>260</top>
        <bottom>260</bottom>
        <include>Dimension_DialogCenter</include>
    </include>
    <include name="Dimension_DialogMiniMenu_3">
        <width>640</width>
        <top>300</top>
        <bottom>300</bottom>
        <include>Dimension_DialogCenter</include>
    </include>
    <include name="Dimension_DialogMiniMenu_2">
        <width>640</width>
        <top>340</top>
        <bottom>340</bottom>
        <include>Dimension_DialogCenter</include>
    </include>
    <include name="Dimension_DialogMiniMenu_1">
        <width>640</width>
        <top>380</top>
        <bottom>380</bottom>
        <include>Dimension_DialogCenter</include>
    </include>

    <include name="Dimension_DialogSideMenu">
        <width>640</width>
        <right>0</right>
        <top>0</top>
        <bottom>0</bottom>
    </include>

    <include name="Dimension_DialogNotification">
        <height>80</height>
        <centerbottom>105</centerbottom>
        <right>60</right>
        <width>720</width>
    </include>

    <include name="Dimension_Info_Line_Pillbox">
        <centertop>50%</centertop>
        <height>30</height>
    </include>

    <include name="Dimension_Object_InfoCircle_Text_Top">
        <height>10</height>
        <centertop>24</centertop>
    </include>

    <include name="Dimension_Object_InfoCircle_Text_Sub">
        <height>10</height>
        <centerbottom>25</centerbottom>
    </include>

</includes>
