<?xml version="1.0" encoding="UTF-8"?>
<colors>
	<color name="WhiteColor">fff3f3f3</color>
	<color name="BlackColor">ff000000</color>
	<color name="GreyColor">ffcecece</color>
	<color name="GreyColor2">ffc0c0c0</color>
	<color name="GreyColor3">ff5e5e5e</color>
	<color name="DefaultColor">ff1573d4</color> <!-- blue -->
	<color name="DefaultColor2">ff7993b0</color> <!-- dark blue -->
	<color name="DefaultColor3">ffcce4fe</color> <!-- light blue -->
	<color name="SelectedColor">ffffffff</color>
	<color name="SelectedColor2">ff1573d4</color>
	<color name="DisabledColor">ff8e8e8e</color>
	<color name="ShadowColor">ff000000</color>
	<color name="ButtonColor">ffcecece</color>
	<color name="ButtonFocusColor">ffffffff</color>
	<color name="MenuItemColor">ffcecece</color>
	<color name="MenuItemFocusColor">ffffffff</color>
	<color name="HomeSubMenuColor">ff8e8e8e</color>
	<color name="BreadCrumbColor">ffc0c0c0</color>
	<color name="InfoPaneColor">ffcce4fe</color>
	<color name="InfoPaneColor2">ff7993b0</color>
	<color name="ListColor">ffcecece</color>
	<color name="ListColor2">ffc0c0c0</color>
	<color name="ListColor3">ff7993b0</color>
	<color name="MediaInfoColor">ffd2d2d2</color>
	<color name="MediaInfoTitleColor">ff1573d4</color>
	<color name="MediaInfoTitleColor2">ffc0c0c0</color>
	<color name="MediaInfoItemColor">ff7993b0</color>
	<color name="MediaInfoItemColor2">ffcecece</color>
	<color name="LiveTVColumnColor">dd0c2134</color>
	<color name="LiveTVColumnColor2">ff2d5a83</color>
	<color name="LiveTVColumnColor3">ff000000</color>
	<color name="DialogTitleColor">ff1573d4</color>
	<color name="StatusBarColor">ffcce4fe</color>
	<color name="StatusBarColor2">ff7993b0</color>
	<color name="ProgressColor">ffb8b8b8</color>
	<color name="ProgressColor2">ff7993b0</color>
	<color name="SettingsCatColor">ff1573d4</color>
	<color name="SettingsContentColor">ffcecece</color>
	<color name="ContentTitleColor">ff7993b0</color>
	<color name="WeatherHighTemperatureColor">ffce4421</color>
	<color name="HomeCategoryNoFocusImageColor">ff115dac</color>
	<color name="dialog_fg_100">ffededed</color>
	<color name="dialog_fg_90">e7ededed</color>
	<color name="dialog_fg_70">b3ededed</color>
	<color name="panel_fg_12">1fededed</color>
</colors>