<?xml version="1.0" encoding="UTF-8"?>
<includes>
	<!-- PARAMETERS -->
	<include name="MediaFlag">
		<param name="flag_visible">true</param>
		<param name="flag_width">auto</param>
		<param name="flag_align">center</param>
		<param name="flag_texture">flagging/blank.png</param>
		<definition>
			<control type="button" id="$PARAM[flag_id]">
				<width>$PARAM[flag_width]</width>
				<height>39</height>
				<align>$PARAM[flag_align]</align>
				<aligny>center</aligny>
				<font>font11_title</font>
				<textcolor>ffe0e0e0</textcolor>
				<textoffsetx>8</textoffsetx>
				<texturefocus border="32,2,2,2">$PARAM[flag_texture]</texturefocus>
				<texturenofocus border="32,2,2,2">$PARAM[flag_texture]</texturenofocus>
				<label>$PARAM[flag_label]</label>
				<visible>$PARAM[flag_visible]</visible>
			</control>
		</definition>
	</include>
	<include name="CommonWindowHeader">
		<param name="Icon" default="icon_home"/>
		<param name="Label" default=""/>
		<param name="ShowLabel2" default="False"/>
		<definition>
			<control type="group">
				<depth>DepthHeader</depth>
				<control type="image">
					<description>Section header image</description>
					<left>30</left>
					<top>5</top>
					<width>53</width>
					<height>53</height>
					<aspectratio>keep</aspectratio>
					<texture>$PARAM[Icon].png</texture>
				</control>
				<control type="grouplist">
					<left>98</left>
					<top>8</top>
					<width>1500</width>
					<height>45</height>
					<orientation>horizontal</orientation>
					<align>left</align>
					<itemgap>8</itemgap>
					<control type="label">
						<include>WindowTitleCommons</include>
						<label>$PARAM[Label]</label>
					</control>
					<control type="label">
						<include>WindowTitleCommons</include>
						<label>[COLOR=blue] - [/COLOR]$INFO[Container.FolderName]</label>
						<visible>!String.IsEmpty(Container.FolderName)</visible>
					</control>
					<control type="label">
						<include>WindowTitleCommons</include>
						<label>[COLOR=blue] - [/COLOR]$INFO[Control.GetLabel(2)]</label>
						<visible>$PARAM[ShowLabel2]</visible>
					</control>
				</control>
				<include>Clock</include>
			</control>
		</definition>
	</include>
	<include name="DialogBackgroundCommons">
		<control type="image">
			<description>background image</description>
			<left>0</left>
			<top>0</top>
			<width>$PARAM[DialogBackgroundWidth]</width>
			<height>$PARAM[DialogBackgroundHeight]</height>
			<texture border="40">$VAR[SelectBack]</texture>
		</control>
		<control type="image">
			<description>Dialog Header image</description>
			<left>60</left>
			<top>24</top>
			<width>$PARAM[DialogHeaderWidth]</width>
			<height>60</height>
			<texture>dialogheader.png</texture>
		</control>
		<control type="label" id="$PARAM[DialogHeaderId]">
			<description>header label</description>
			<left>60</left>
			<top>30</top>
			<width>$PARAM[DialogHeaderWidth]</width>
			<height>45</height>
			<font>font13_title</font>
			<label>$PARAM[DialogHeaderLabel]</label>
			<align>center</align>
			<aligny>center</aligny>
			<textcolor>selected</textcolor>
			<shadowcolor>black</shadowcolor>
		</control>
		<control type="button">
			<description>Close Window button</description>
			<left>$PARAM[CloseButtonLeft]</left>
			<top>23</top>
			<width>96</width>
			<height>48</height>
			<label/>
			<font/>
			<onclick>PreviousMenu</onclick>
			<texturefocus>DialogCloseButton-focus.png</texturefocus>
			<texturenofocus>DialogCloseButton.png</texturenofocus>
			<onleft>$PARAM[CloseButtonNav]</onleft>
			<onright>$PARAM[CloseButtonNav]</onright>
			<onup>$PARAM[CloseButtonNav]</onup>
			<ondown>$PARAM[CloseButtonNav]</ondown>
			<visible>system.getbool(input.enablemouse)</visible>
		</control>
	</include>
	<include name="MusicInfoPanel">
		<control type="panel" id="50">
			<left>$PARAM[panel-left]</left>
			<top>780</top>
			<width>$PARAM[panel-width]</width>
			<height>180</height>
			<onleft>50</onleft>
			<onright>50</onright>
			<onup>49</onup>
			<ondown>9000</ondown>
			<viewtype label="">list</viewtype>
			<pagecontrol>61</pagecontrol>
			<scrolltime>200</scrolltime>
			<orientation>vertical</orientation>
			<itemlayout height="60" width="$PARAM[item-width]">
				<control type="image">
					<left>0</left>
					<top>0</top>
					<width>$PARAM[item-width]</width>
					<height>60</height>
					<texture border="5">button-nofocus.png</texture>
				</control>
				<control type="label">
					<left>15</left>
					<top>0</top>
					<width>$PARAM[label-width]</width>
					<height>60</height>
					<font>font12</font>
					<align>left</align>
					<aligny>center</aligny>
					<selectedcolor>selected</selectedcolor>
					<label>$VAR[MusicInfoPanelLabel]</label>
				</control>
				<control type="label">
					<left>15</left>
					<top>0</top>
					<width>$PARAM[label-width]</width>
					<height>60</height>
					<font>font12</font>
					<align>right</align>
					<aligny>center</aligny>
					<selectedcolor>selected</selectedcolor>
					<label>$INFO[ListItem.Duration]</label>
				</control>
			</itemlayout>
			<focusedlayout height="60" width="$PARAM[item-width]">
				<control type="image">
					<left>0</left>
					<top>0</top>
					<width>$PARAM[item-width]</width>
					<height>60</height>
					<visible>!Control.HasFocus(50)</visible>
					<texture border="5">button-nofocus.png</texture>
				</control>
				<control type="image">
					<left>0</left>
					<top>0</top>
					<width>$PARAM[item-width]</width>
					<height>60</height>
					<visible>Control.HasFocus(50)</visible>
					<texture border="5">button-focus2.png</texture>
				</control>
				<control type="label">
					<left>15</left>
					<top>0</top>
					<width>$PARAM[label-width]</width>
					<height>60</height>
					<font>font12</font>
					<align>left</align>
					<aligny>center</aligny>
					<selectedcolor>selected</selectedcolor>
					<label>$VAR[MusicInfoPanelLabel]</label>
				</control>
				<control type="label">
					<left>15</left>
					<top>0</top>
					<width>$PARAM[label-width]</width>
					<height>60</height>
					<font>font12</font>
					<align>right</align>
					<aligny>center</aligny>
					<selectedcolor>selected</selectedcolor>
					<label>$INFO[ListItem.Duration]</label>
				</control>
			</focusedlayout>
		</control>
	</include>
</includes>
